scanner_name,symbol,marketcap,sector,signal_date,trigger,entry_date,entry_price,price_2w,ret_2w,best_2w,worst_2w,nifty500_2w,price_4w,ret_4w,best_4w,worst_4w,nifty500_4w,price_6w,ret_6w,best_6w,worst_6w,nifty500_6w,price_8w,ret_8w,best_8w,worst_8w,nifty500_8w,price_12w,ret_12w,best_12w,worst_12w,nifty500_12w
Wkly_upswing,ANDHRAPAP,Smallcap,Building Materials,2023-09-08,111.19,2023-09-11,111.19,119.14,7.15,8.71,-1.30,-1.20,127.56,14.72,14.72,-1.30,-0.46,116.82,5.06,16.54,-1.30,-5.33,110.76,-0.39,16.54,-3.60,-1.54,114.79,3.24,16.54,-3.60,7.34
Wkly_upswing,AVADHSUGAR,Smallcap,FMCG,2023-09-08,695.00,2023-09-11,695.00,681.55,-1.94,0.22,-10.32,-1.20,664.90,-4.33,0.22,-10.32,-0.46,686.00,-1.29,1.16,-10.32,-5.33,702.80,1.12,9.27,-10.32,-1.54,706.95,1.72,20.42,-10.32,7.34
Wkly_upswing,DALMIASUG,Smallcap,FMCG,2023-09-08,437.35,2023-09-11,437.35,444.75,1.69,6.09,-5.93,-1.20,444.50,1.63,6.09,-5.93,-0.46,414.75,-5.17,6.09,-5.93,-5.33,460.90,5.38,7.10,-5.93,-1.54,403.45,-7.75,9.42,-10.23,7.34
Wkly_upswing,FCL,Midcap,Chemicals,2023-09-08,34.99,2023-09-11,34.99,31.61,-9.67,-1.93,-12.27,-1.20,31.37,-10.35,-1.93,-12.27,-0.46,29.48,-15.73,-1.93,-16.60,-5.33,31.70,-9.40,-1.93,-16.60,-1.54,36.94,5.56,5.56,-16.60,7.34
Wkly_upswing,HCLTECH,Largecap,I.T,2023-09-08,1269.55,2023-09-11,1276.55,1261.45,-1.18,2.23,-1.18,-1.20,1245.60,-2.42,2.23,-3.27,-0.46,1231.80,-3.51,2.23,-4.14,-5.33,1267.50,-0.71,2.23,-4.14,-1.54,1375.30,7.74,7.74,-4.14,7.34
Wkly_upswing,NAHARINDUS,Smallcap,Textiles,2023-09-08,143.90,2023-09-11,147.00,134.75,-8.33,2.24,-8.33,-1.20,147.25,0.17,2.24,-8.33,-0.46,131.25,-10.71,2.89,-11.39,-5.33,128.75,-12.41,2.89,-12.41,-1.54,131.30,-10.68,2.89,-14.32,7.34
Wkly_upswing,SAPPHIRE,Midcap,Consumer Discretionary,2023-09-08,307.52,2023-09-11,307.60,288.22,-6.30,-1.10,-7.46,-1.20,286.76,-6.78,-1.10,-8.56,-0.46,269.77,-12.30,-1.10,-12.68,-5.33,259.79,-15.54,-1.10,-16.54,-1.54,284.52,-7.50,-1.10,-16.54,7.34
Wkly_upswing,BCLIND,Smallcap,FMCG,2023-09-15,56.80,2023-09-18,56.80,49.48,-12.88,-1.87,-12.88,-3.07,52.01,-8.44,-1.87,-12.88,-1.82,47.30,-16.73,-1.87,-16.73,-4.39,58.50,2.99,2.99,-16.73,-0.37,69.25,21.92,29.23,-16.73,8.43
Wkly_upswing,DHAMPURSUG,Smallcap,FMCG,2023-09-15,319.65,2023-09-18,319.65,297.75,-6.85,-0.66,-6.85,-3.07,293.10,-8.31,-0.66,-9.06,-1.82,259.70,-18.75,-0.66,-20.69,-4.39,254.45,-20.40,-0.66,-20.69,-0.37,261.45,-18.21,-0.66,-24.84,8.43
Wkly_upswing,PNCINFRA,Smallcap,Realty,2023-09-15,373.80,2023-09-18,374.50,372.75,-0.47,0.08,-2.90,-3.07,367.45,-1.88,0.08,-2.90,-1.82,329.60,-11.99,0.08,-13.56,-4.39,322.85,-13.79,0.08,-17.08,-0.37,342.95,-8.42,0.08,-17.08,8.43
Wkly_upswing,TECHM,Largecap,I.T,2023-09-15,1303.70,2023-09-22,1303.70,1212.65,-6.98,0.13,-7.57,-1.02,1155.95,-11.33,0.13,-11.33,-2.40,1149.00,-11.87,0.13,-14.44,-0.67,1215.40,-6.77,0.13,-14.44,1.87,1250.10,-4.11,0.18,-14.44,9.47
Wkly_upswing,THEMISMED,Smallcap,Healthcare,2023-09-15,175.00,2023-09-21,175.00,188.59,7.76,9.81,-3.07,-0.89,162.00,-7.43,9.81,-7.74,-1.38,143.75,-17.86,9.81,-17.86,-1.66,158.40,-9.49,9.81,-17.86,1.02,171.95,-1.74,9.81,-17.86,7.62
Wkly_upswing,BLUESTARCO,Largecap,Consumer Discretionary,2023-09-22,946.80,2023-09-25,946.80,865.55,-8.58,-3.71,-8.58,0.25,889.85,-6.01,-0.26,-8.58,-2.90,943.90,-0.31,2.63,-8.93,-0.01,976.85,3.17,4.25,-8.93,2.19,951.25,0.47,8.23,-8.93,10.39
Wkly_upswing,KAPSTON,Smallcap,Miscellaneous,2023-09-22,92.85,2023-09-25,93.90,86.45,-7.93,-2.74,-7.93,0.25,88.83,-5.40,-2.74,-8.33,-2.90,121.20,29.07,31.60,-8.33,-0.01,116.15,23.70,31.60,-8.33,2.19,117.55,25.19,31.60,-8.33,10.39
Wkly_upswing,PNBGILTS,Smallcap,Financials,2023-09-22,81.60,2023-09-25,83.95,84.35,0.48,7.21,-8.52,0.25,85.35,1.67,17.21,-8.52,-2.90,97.70,16.38,17.21,-8.52,-0.01,96.90,15.43,20.13,-8.52,2.19,93.25,11.08,20.73,-8.52,10.39
Wkly_upswing,MSPL,Smallcap,Metals & Mining,2023-09-29,17.10,2023-10-03,17.95,19.40,8.08,8.08,0.00,1.01,17.90,-0.28,14.21,-0.28,-3.24,20.40,13.65,14.21,-5.85,1.74,22.50,25.35,31.20,-5.85,4.76,24.80,38.16,41.23,-5.85,12.36
Wkly_upswing,VIPCLOTHNG,Smallcap,Textiles,2023-09-29,55.75,2023-10-05,55.75,53.55,-3.95,4.39,-5.20,1.09,50.65,-9.15,4.39,-16.95,-0.71,48.00,-13.90,4.39,-16.95,2.63,45.50,-18.39,4.39,-18.39,8.56,48.90,-12.29,4.39,-19.55,13.11
Wkly_upswing,SPLPETRO,Midcap,Energy,2023-10-06,535.40,2023-10-10,535.40,554.25,3.52,12.02,-0.45,-2.14,578.85,8.12,12.02,-0.45,0.77,552.00,3.10,12.02,-0.45,2.99,555.25,3.71,12.02,-0.45,9.20,553.70,3.42,12.02,-0.45,13.37
Wkly_upswing,DBSTOCKBRO,Smallcap,Financials,2023-10-13,38.40,2023-10-19,38.40,37.05,-3.52,12.89,-6.25,-1.98,40.10,4.43,12.89,-6.25,1.32,33.50,-12.76,12.89,-12.76,7.18,35.00,-8.85,12.89,-14.45,10.52,40.40,5.21,12.89,-14.45,12.36
Wkly_upswing,SKYGOLD,Midcap,Consumer Discretionary,2023-10-13,55.44,2023-10-16,56.40,75.43,33.74,39.96,4.41,-3.39,88.71,57.29,57.29,4.41,0.68,103.88,84.18,84.18,4.41,3.44,117.33,108.04,120.09,4.41,9.11,115.64,105.04,120.09,4.41,13.54
Wkly_upswing,SPCENET,Smallcap,Services,2023-10-13,28.15,2023-10-16,28.15,24.10,-14.39,0.71,-14.39,-3.39,24.95,-11.37,0.71,-14.39,0.68,24.30,-13.68,0.71,-14.39,3.44,31.65,12.43,12.79,-14.39,9.11,35.90,27.53,28.06,-14.39,13.54
Wkly_upswing,DVL,Smallcap,Services,2023-10-20,309.90,2023-10-23,309.90,278.00,-10.29,-8.00,-10.58,-0.12,350.35,13.05,18.02,-10.58,2.43,329.80,6.42,18.02,-10.58,8.69,317.05,2.31,18.02,-10.58,10.07,338.05,9.08,18.02,-10.58,13.93
Wkly_upswing,EMAMIREAL,Smallcap,Realty,2023-10-20,91.90,2023-10-23,93.00,84.20,-9.46,-4.73,-11.29,-0.12,100.05,7.58,9.03,-11.29,2.43,144.70,55.59,55.59,-11.29,8.69,127.90,37.53,55.59,-11.29,10.07,122.00,31.18,55.59,-11.29,13.93
Wkly_upswing,LINC,Smallcap,Miscellaneous,2023-10-20,221.25,2023-10-30,225.00,174.54,-22.43,-6.43,-23.29,3.30,176.97,-21.34,-6.43,-26.63,6.79,172.12,-23.50,-6.43,-26.63,11.85,161.51,-28.22,-6.43,-28.22,15.71,162.26,-27.88,-6.43,-31.87,17.57
Wkly_upswing,MACPOWER,Smallcap,Industrials,2023-10-20,375.35,2023-10-23,411.00,562.35,36.82,36.82,7.37,-0.12,574.00,39.66,41.70,7.37,2.43,637.75,55.17,61.56,7.37,8.69,635.30,54.57,63.54,7.37,10.07,767.05,86.63,97.75,7.37,13.93
Wkly_upswing,SUPREMEINF,Smallcap,Realty,2023-10-20,30.35,2023-10-23,30.35,27.10,-10.71,-1.15,-10.71,-0.12,33.40,10.05,10.05,-10.71,2.43,40.40,33.11,33.11,-10.71,8.69,48.00,58.15,58.15,-10.71,10.07,59.55,96.21,112.36,-10.71,13.93
Wkly_upswing,AMDIND,Smallcap,Industrials,2023-11-03,82.90,2023-11-06,82.90,84.90,2.41,2.41,-12.73,3.69,77.10,-7.00,2.41,-12.73,9.88,81.15,-2.11,11.40,-12.73,10.46,78.25,-5.61,11.40,-12.73,14.94,75.95,-8.38,11.40,-15.50,16.78
Wkly_upswing,IDEA,Largecap,Telecom-Service,2023-11-03,14.35,2023-11-10,14.35,13.25,-7.67,1.39,-7.67,3.04,13.15,-8.36,1.39,-10.45,8.52,13.45,-6.27,1.39,-10.45,12.07,16.15,12.54,19.51,-10.45,13.35,15.50,8.01,19.51,-10.45,15.93
Wkly_upswing,IVP,Smallcap,Chemicals,2023-11-03,203.30,2023-11-06,203.30,213.25,4.89,10.23,-10.30,3.69,219.50,7.97,10.23,-10.30,9.88,209.70,3.15,22.85,-10.30,10.46,243.30,19.68,22.85,-10.30,14.94,237.20,16.67,36.55,-10.30,16.78
Wkly_upswing,SILINV,Smallcap,Financials,2023-11-03,386.95,2023-11-06,386.95,388.15,0.31,0.31,-7.79,3.69,410.95,6.20,10.83,-7.79,9.88,418.70,8.21,17.08,-7.79,10.46,430.60,11.28,17.08,-7.79,14.94,444.65,14.91,20.34,-7.79,16.78
Wkly_upswing,ADOR,Smallcap,Industrials,2023-11-10,1527.00,2023-11-13,1529.95,1525.55,-0.29,3.57,-2.99,3.75,1476.45,-3.50,3.57,-8.03,8.66,1533.05,0.20,3.57,-8.03,12.42,1548.35,1.20,3.57,-8.03,13.49,1453.40,-5.00,7.98,-8.03,14.02
Wkly_upswing,ALPA,Smallcap,Healthcare,2023-11-10,89.40,2023-11-13,89.40,95.90,7.27,12.81,5.31,3.75,108.40,21.25,21.25,5.31,8.66,104.30,16.67,21.25,5.31,12.42,109.20,22.15,24.61,5.31,13.49,102.90,15.10,24.61,5.31,14.02
Wkly_upswing,AMJLAND,Smallcap,Realty,2023-11-10,38.70,2023-11-13,38.70,37.50,-3.10,3.88,-3.10,3.75,38.95,0.65,4.52,-3.10,8.66,38.90,0.52,7.24,-3.62,12.42,42.05,8.66,9.30,-3.62,13.49,36.80,-4.91,13.18,-4.91,14.02
Wkly_upswing,BLISSGVS,Midcap,Healthcare,2023-11-10,118.85,2023-11-13,119.85,141.25,17.86,22.11,7.05,3.75,132.55,10.60,22.11,7.05,8.66,126.15,5.26,22.11,-2.38,12.42,125.40,4.63,22.11,-2.38,13.49,113.60,-5.21,22.11,-6.93,14.02
Wkly_upswing,BROOKS,Smallcap,Healthcare,2023-11-10,122.60,2023-11-13,127.55,129.00,1.14,4.04,-1.14,3.75,115.70,-9.29,4.04,-9.29,8.66,149.45,17.17,27.40,-9.29,12.42,176.75,38.57,38.57,-9.29,13.49,123.95,-2.82,38.57,-9.29,14.02
Wkly_upswing,CARYSIL,Smallcap,Consumer Discretionary,2023-11-10,837.10,2023-11-13,863.05,879.85,1.95,2.79,-3.67,3.75,872.60,1.11,10.52,-3.67,8.66,834.65,-3.29,10.52,-3.67,12.42,852.80,-1.19,10.52,-4.91,13.49,1039.75,20.47,22.90,-4.91,14.02
Wkly_upswing,CLEDUCATE,Smallcap,Services,2023-11-10,87.00,2023-11-13,87.00,82.55,-5.11,-0.34,-5.98,3.75,86.35,-0.75,-0.34,-12.93,8.66,102.90,18.28,22.24,-12.93,12.42,101.95,17.18,29.08,-12.93,13.49,89.05,2.36,29.08,-12.93,14.02
Wkly_upswing,DPSCLTD,Smallcap,Power & Utilities,2023-11-10,24.00,2023-11-13,26.45,21.05,-20.42,-0.76,-22.12,3.75,19.75,-25.33,-0.76,-29.49,8.66,19.65,-25.71,-0.76,-30.43,12.42,19.05,-27.98,-0.76,-30.43,13.49,22.10,-16.45,1.13,-30.43,14.02
Wkly_upswing,GRANULES,Largecap,Healthcare,2023-11-10,374.80,2023-11-17,374.80,391.50,4.46,6.60,-3.09,4.86,402.30,7.34,7.34,-3.09,8.88,420.60,12.22,12.22,-3.09,10.38,427.95,14.18,14.62,-3.09,12.70,435.95,16.32,16.32,-3.09,13.89
Wkly_upswing,GREENPOWER,Smallcap,Power & Utilities,2023-11-10,18.35,2023-11-13,18.50,21.85,18.11,24.86,3.24,3.75,23.30,25.95,31.89,3.24,8.66,21.45,15.95,31.89,3.24,12.42,23.95,29.46,34.86,3.24,13.49,28.20,52.43,77.57,3.24,14.02
Wkly_upswing,KESORAMIND,Smallcap,Miscellaneous,2023-11-10,106.95,2023-11-13,106.95,132.85,24.22,24.22,2.20,3.75,164.15,53.48,54.00,2.20,8.66,176.00,64.56,65.54,2.20,12.42,170.50,59.42,65.54,2.20,13.49,169.50,58.49,65.54,2.20,14.02
Wkly_upswing,MODISONLTD,Smallcap,Industrials,2023-11-10,121.40,2023-11-13,123.00,111.75,-9.15,-0.85,-9.15,3.75,135.30,10.00,10.00,-9.15,8.66,137.35,11.67,12.56,-9.15,12.42,134.15,9.07,13.37,-9.15,13.49,132.60,7.80,29.02,-9.15,14.02
Wkly_upswing,SHARDAMOTR,Midcap,Auto,2023-11-10,1158.75,2023-11-13,1168.05,1343.65,15.03,15.03,-0.11,3.75,1253.10,7.28,15.03,-0.11,8.66,1334.20,14.22,15.03,-0.51,12.42,1416.90,21.30,23.21,-0.51,13.49,1353.15,15.85,23.21,-0.51,14.02
Wkly_upswing,VBL,Largecap,FMCG,2023-11-10,409.60,2023-11-16,409.60,435.62,6.35,7.91,0.72,3.47,439.60,7.32,7.91,0.72,9.35,497.00,21.34,26.10,0.72,10.97,508.68,24.19,26.71,0.72,13.58,572.28,39.72,39.72,0.72,13.79
Wkly_upswing,WINDLAS,Smallcap,Healthcare,2023-11-10,419.05,2023-11-13,419.05,426.45,1.77,4.78,-1.48,3.75,413.20,-1.40,4.78,-1.73,8.66,431.20,2.90,4.78,-3.73,12.42,481.80,14.97,25.96,-3.73,13.49,484.05,15.51,25.96,-3.73,14.02
Wkly_upswing,BCLIND,Smallcap,FMCG,2023-11-17,59.40,2023-11-20,59.40,61.45,3.45,3.45,-8.92,5.61,68.00,14.48,23.57,-8.92,8.91,65.15,9.68,23.57,-8.92,10.04,71.00,19.53,28.70,-8.92,10.72,82.90,39.56,39.98,-8.92,14.57
Wkly_upswing,CAMS,Midcap,Financials,2023-11-17,578.00,2023-11-20,578.00,574.85,-0.54,0.13,-4.73,5.61,535.46,-7.36,0.13,-7.36,8.91,530.42,-8.23,0.13,-8.36,10.04,564.80,-2.28,0.13,-8.36,10.72,578.03,0.01,1.81,-8.36,14.57
Wkly_upswing,COFORGE,Largecap,I.T,2023-11-17,1149.97,2023-11-20,1149.97,1121.17,-2.50,0.19,-3.19,5.61,1254.68,9.11,12.02,-3.19,8.91,1185.64,3.10,12.02,-3.19,10.04,1325.39,15.25,15.25,-3.19,10.72,1333.08,15.92,15.94,-3.19,14.57
Wkly_upswing,DCI,Smallcap,I.T,2023-11-17,212.35,2023-11-20,222.95,210.00,-5.81,4.98,-6.26,5.61,192.80,-13.52,4.98,-13.88,8.91,178.70,-19.85,4.98,-22.45,10.04,207.60,-6.88,4.98,-22.45,10.72,219.10,-1.73,7.74,-22.45,14.57
Wkly_upswing,GVPIL,Smallcap,Realty,2023-11-17,211.85,2023-11-20,218.00,218.75,0.34,5.16,0.34,5.61,232.05,6.44,9.45,0.34,8.91,237.50,8.94,9.45,0.34,10.04,249.10,14.27,26.33,0.34,10.72,281.30,29.04,36.10,0.34,14.57
Wkly_upswing,RADICO,Largecap,FMCG,2023-11-17,1459.35,2023-11-24,1460.00,1663.85,13.96,17.87,-2.05,6.41,1615.15,10.63,17.87,-2.05,8.56,1681.05,15.14,17.87,-2.05,10.32,1668.35,14.27,17.87,-2.05,10.27,1620.10,10.97,19.52,-2.05,14.99
Wkly_upswing,63MOONS,Smallcap,I.T,2023-11-24,444.40,2023-11-28,444.40,593.75,33.61,48.04,0.43,5.91,454.95,2.37,48.04,0.42,9.37,463.50,4.30,48.04,-1.09,10.62,413.55,-6.94,48.04,-9.12,9.92,510.70,14.92,48.04,-9.12,15.13
Wkly_upswing,HUBTOWN,Smallcap,Realty,2023-11-24,78.80,2023-11-30,78.80,91.95,16.69,18.27,0.89,5.97,83.30,5.71,18.59,0.70,8.52,81.80,3.81,18.59,0.70,10.29,135.25,71.64,71.64,0.70,9.33,157.05,99.30,112.25,0.70,13.34
Wkly_upswing,MOREPENLAB,Midcap,Healthcare,2023-11-24,47.30,2023-11-28,47.30,43.10,-8.88,-0.85,-10.15,5.91,49.95,5.60,9.62,-10.15,9.37,50.05,5.81,9.62,-10.15,10.62,45.05,-4.76,9.62,-10.15,9.92,53.30,12.68,15.86,-10.15,15.13
Wkly_upswing,NAVKARCORP,Smallcap,Transportation,2023-11-24,73.60,2023-11-28,73.60,95.65,29.96,33.15,9.51,5.91,100.05,35.94,41.64,9.51,9.37,119.60,62.50,62.50,9.51,10.62,113.00,53.53,65.35,9.51,9.92,113.00,53.53,65.35,9.51,15.13
Wkly_upswing,NITINSPIN,Smallcap,Textiles,2023-11-24,359.20,2023-11-28,359.20,342.15,-4.75,2.42,-4.75,5.91,332.65,-7.39,2.42,-9.83,9.37,324.40,-9.69,2.42,-10.01,10.62,347.55,-3.24,2.42,-10.68,9.92,366.00,1.89,8.30,-10.68,15.13
Wkly_upswing,RPSGVENT,Smallcap,I.T,2023-11-24,733.00,2023-11-28,733.00,712.25,-2.83,8.03,-2.83,5.91,746.25,1.81,8.03,-3.64,9.37,758.90,3.53,8.03,-3.64,10.62,757.30,3.32,11.79,-3.64,9.92,716.50,-2.25,11.79,-7.41,15.13
Wkly_upswing,ADANIPOWER,Largecap,Power & Utilities,2023-12-01,94.16,2023-12-04,98.80,107.87,9.18,13.85,-5.93,5.74,103.72,4.98,13.85,-5.93,7.19,106.46,7.75,13.85,-5.93,9.45,112.87,14.24,15.48,-5.93,9.17,109.99,11.33,15.48,-5.93,10.90
Wkly_upswing,APOLLOTYRE,Largecap,Auto,2023-12-01,445.80,2023-12-04,449.40,453.05,0.81,2.90,-0.83,5.74,456.45,1.57,2.90,-4.86,7.19,472.60,5.16,5.16,-4.86,9.45,533.95,18.81,20.27,-4.86,9.17,518.50,15.38,23.05,-4.86,10.90
Wkly_upswing,BIRLACORPN,Midcap,Building Materials,2023-12-01,1435.35,2023-12-04,1457.00,1419.50,-2.57,-1.14,-4.35,5.74,1469.65,0.87,2.93,-6.28,7.19,1435.00,-1.51,2.93,-6.28,9.45,1618.20,11.06,11.06,-6.28,9.17,1641.65,12.67,21.28,-6.28,10.90
Wkly_upswing,JYOTISTRUC,Smallcap,Industrials,2023-12-01,17.60,2023-12-04,17.95,20.05,11.70,13.93,0.00,5.74,19.50,8.64,13.93,0.00,7.19,21.80,21.45,32.87,0.00,9.45,29.65,65.18,83.01,0.00,9.17,27.00,50.42,90.25,0.00,10.90
Wkly_upswing,PRECOT,Smallcap,Textiles,2023-12-01,268.95,2023-12-04,277.00,279.70,0.97,5.83,-2.53,5.74,295.30,6.61,6.61,-5.74,7.19,308.70,11.44,19.10,-5.74,9.45,313.70,13.25,19.10,-5.74,9.17,348.65,25.87,35.52,-5.74,10.90
Wkly_upswing,SHALPAINTS,Smallcap,Building Materials,2023-12-01,202.30,2023-12-04,202.30,180.90,-10.58,-0.10,-11.10,5.74,179.95,-11.05,-0.10,-12.16,7.19,212.40,4.99,4.99,-12.16,9.45,195.75,-3.24,7.64,-12.16,9.17,173.45,-14.26,7.64,-14.48,10.90
Wkly_upswing,SUDARCOLOR,Smallcap,Chemicals,2023-12-01,565.65,2023-12-04,565.65,612.00,8.19,14.09,-0.44,5.74,635.00,12.26,14.09,-0.44,7.19,594.95,5.18,14.09,-0.44,9.45,521.35,-7.83,14.09,-7.83,9.17,516.80,-8.64,14.09,-9.47,10.90
Wkly_upswing,ADANIPORTS,Largecap,Transportation,2023-12-08,1082.50,2023-12-14,1082.50,1024.35,-5.37,1.09,-6.50,3.61,1207.10,11.51,12.18,-6.50,5.30,1187.35,9.69,12.18,-6.50,4.39,1264.80,16.84,17.61,-6.50,5.50,1209.55,11.74,24.03,-6.50,4.77
Wkly_upswing,BALMLAWRIE,Smallcap,Miscellaneous,2023-12-08,175.85,2023-12-14,175.85,218.85,24.45,30.94,2.22,3.61,256.45,45.83,45.83,2.22,5.30,284.30,61.67,61.67,2.22,4.39,243.85,38.67,61.96,2.22,5.50,206.35,17.34,61.96,2.22,4.77
Wkly_upswing,BANKINDIA,Largecap,Bank,2023-12-08,118.25,2023-12-11,118.25,109.50,-7.40,0.17,-8.79,2.38,118.80,0.47,0.51,-8.79,4.04,133.15,12.60,14.33,-8.79,4.00,141.65,19.79,28.16,-8.79,6.87,145.95,23.42,28.16,-8.79,9.26
Wkly_upswing,BDL,Largecap,Aerospace & Defence,2023-12-08,694.98,2023-12-12,694.98,882.55,26.99,26.99,-1.81,2.81,867.98,24.89,26.99,-1.81,3.98,834.52,20.08,26.99,-1.81,3.32,919.27,32.27,37.61,-1.81,6.35,884.30,27.24,37.61,-1.81,8.09
Wkly_upswing,COROMANDEL,Largecap,Chemicals,2023-12-08,1252.95,2023-12-12,1252.95,1242.65,-0.82,0.82,-5.20,2.81,1166.65,-6.89,0.82,-6.89,3.98,1129.00,-9.89,0.82,-9.98,3.32,1087.50,-13.20,0.82,-16.21,6.35,1119.25,-10.67,0.82,-17.04,8.09
Wkly_upswing,ELGIRUBCO,Smallcap,FMCG,2023-12-08,65.20,2023-12-11,68.45,60.25,-11.98,0.00,-13.66,2.38,58.20,-14.97,0.00,-18.77,4.04,59.60,-12.93,0.00,-20.82,4.00,62.70,-8.40,0.00,-20.82,6.87,57.00,-16.73,0.00,-20.82,9.26
Wkly_upswing,INDIACEM,Midcap,Building Materials,2023-12-08,272.90,2023-12-11,274.45,261.30,-4.79,-0.71,-9.58,2.38,258.50,-5.81,-0.49,-9.58,4.04,242.00,-11.82,-0.49,-14.25,4.00,237.35,-13.52,-0.49,-14.79,6.87,225.55,-17.82,-0.49,-18.55,9.26
Wkly_upswing,INDOWIND,Smallcap,Power & Utilities,2023-12-08,22.35,2023-12-11,22.50,20.65,-8.22,9.33,-8.22,2.38,23.25,3.33,9.33,-10.00,4.04,27.40,21.78,21.78,-10.00,4.00,29.50,31.11,47.56,-10.00,6.87,21.05,-6.44,47.56,-10.00,9.26
Wkly_upswing,JUBLPHARMA,Midcap,Healthcare,2023-12-08,492.40,2023-12-15,492.40,580.15,17.82,17.82,-0.29,2.40,561.95,14.12,18.77,-0.29,4.81,571.45,16.05,18.77,-0.29,4.37,583.75,18.55,20.28,-0.29,5.00,564.70,14.68,25.89,-0.29,4.97
Wkly_upswing,RCF,Midcap,Chemicals,2023-12-08,157.70,2023-12-12,157.70,155.60,-1.33,1.08,-9.51,2.81,165.90,5.20,8.85,-9.51,3.98,182.20,15.54,15.54,-9.51,3.32,161.65,2.50,16.46,-9.51,6.35,137.30,-12.94,16.46,-12.94,8.09
Wkly_upswing,RHL,Smallcap,Services,2023-12-08,163.95,2023-12-12,166.00,145.60,-12.29,-6.75,-14.91,2.81,154.70,-6.81,-6.75,-14.97,3.98,155.65,-6.23,2.02,-14.97,3.32,174.15,4.91,8.28,-14.97,6.35,224.80,35.42,35.42,-14.97,8.09
Wkly_upswing,TATAPOWER,Largecap,Power & Utilities,2023-12-08,335.95,2023-12-13,335.95,329.80,-1.83,0.65,-4.70,3.81,357.30,6.36,6.36,-4.70,4.80,381.90,13.68,13.68,-4.70,5.48,361.70,7.66,21.27,-4.70,5.29,396.10,17.90,26.58,-4.70,7.94
Wkly_upswing,BANKBARODA,Largecap,Bank,2023-12-15,226.40,2023-12-18,226.40,230.70,1.90,3.25,-3.14,1.43,231.25,2.14,5.01,-3.14,3.56,255.95,13.05,13.05,-3.14,3.30,275.70,21.78,21.78,-3.14,4.66,254.00,12.19,24.80,-3.14,3.55
Wkly_upswing,COFFEEDAY,Smallcap,Consumer Discretionary,2023-12-15,58.85,2023-12-18,58.85,63.80,8.41,12.32,-0.17,1.43,62.90,6.88,12.83,-1.36,3.56,58.00,-1.44,12.83,-1.44,3.30,66.05,12.23,12.83,-3.14,4.66,53.05,-9.86,16.14,-14.02,3.55
Wkly_upswing,JMFINANCIL,Midcap,Financials,2023-12-15,102.00,2023-12-18,102.00,99.90,-2.06,0.10,-6.62,1.43,107.35,5.25,5.25,-6.62,3.56,110.85,8.68,11.18,-6.62,3.30,103.10,1.08,11.18,-6.62,4.66,75.60,-25.88,11.18,-28.24,3.55
Wkly_upswing,KITEX,Smallcap,Readymade Garments/Apparels,2023-12-15,79.50,2023-12-19,79.50,78.68,-1.03,-1.03,-7.69,1.10,73.93,-7.00,-0.52,-7.69,1.73,91.53,15.14,15.14,-8.45,3.94,87.30,9.81,16.10,-8.45,5.27,64.20,-19.25,16.48,-24.15,3.59
Wkly_upswing,NATIONALUM,Largecap,Metals & Mining,2023-12-15,113.70,2023-12-18,113.70,139.05,22.30,22.30,-8.27,1.43,138.90,22.16,22.30,-8.27,3.56,147.05,29.33,30.91,-8.27,3.30,157.25,38.30,43.14,-8.27,4.66,136.40,19.96,46.66,-8.27,3.55
Wkly_upswing,NAUKRI,Largecap,I.T,2023-12-15,1047.00,2023-12-18,1047.00,1025.24,-2.08,-0.54,-4.54,1.43,1042.48,-0.43,2.06,-4.54,3.56,1012.40,-3.30,2.06,-6.54,3.30,1032.67,-1.37,5.02,-6.54,4.66,1048.24,0.12,5.02,-6.54,3.55
Wkly_upswing,NILAINFRA,Smallcap,Realty,2023-12-15,8.00,2023-12-18,8.00,9.05,13.13,18.75,-7.50,1.43,10.30,28.75,28.75,-7.50,3.56,11.00,37.50,42.50,-7.50,3.30,12.20,52.50,75.63,-7.50,4.66,11.20,40.00,75.63,-7.50,3.55
Wkly_upswing,SATIA,Smallcap,Building Materials,2023-12-15,150.80,2023-12-18,150.80,137.80,-8.62,-1.09,-8.62,1.43,140.25,-7.00,-1.09,-9.91,3.56,137.90,-8.55,-1.09,-11.80,3.30,126.65,-16.01,-1.09,-20.26,4.66,108.80,-27.85,-1.09,-29.71,3.55
Wkly_upswing,SURANAT&P,Smallcap,Industrials,2023-12-15,15.40,2023-12-18,15.40,16.00,3.90,12.01,-1.30,1.43,15.65,1.62,12.01,-1.30,3.56,19.95,29.55,29.55,-1.30,3.30,18.70,21.43,34.09,-1.30,4.66,15.90,3.25,34.09,-3.25,3.55
Wkly_upswing,SWSOLAR,Smallcap,Realty,2023-12-15,445.30,2023-12-19,445.30,448.80,0.79,0.79,-5.12,1.10,448.90,0.81,5.32,-5.12,1.73,569.25,27.84,36.19,-5.12,3.94,586.25,31.65,42.22,-5.12,5.27,485.50,9.03,42.22,-5.12,3.59
Wkly_upswing,TATASTEEL,Largecap,Metals & Mining,2023-12-15,136.75,2023-12-18,136.85,139.60,2.01,2.19,-5.19,1.43,137.25,0.29,2.19,-5.19,3.56,134.80,-1.50,2.19,-5.19,3.30,141.20,3.18,5.70,-5.19,4.66,141.70,3.54,14.91,-5.19,3.55
Wkly_upswing,XPROINDIA,Smallcap,Industrials,2023-12-15,1174.00,2023-12-18,1174.00,1034.80,-11.86,0.79,-12.01,1.43,1125.30,-4.15,0.79,-12.01,3.56,1194.05,1.71,5.13,-12.01,3.30,1159.95,-1.20,5.13,-12.01,4.66,1069.50,-8.90,7.79,-12.04,3.55
Wkly_upswing,AERONEU,Smallcap,Industrials,2023-12-22,130.75,2023-12-26,130.75,126.70,-3.10,0.27,-4.13,2.12,127.40,-2.56,0.27,-18.78,2.08,122.15,-6.58,0.27,-18.78,4.90,111.30,-14.88,0.27,-18.78,6.45,90.90,-30.48,0.27,-32.96,4.93
Wkly_upswing,ARCHIDPLY,Smallcap,Building Materials,2023-12-22,96.10,2023-12-29,97.05,99.95,2.99,7.01,-1.91,1.79,92.60,-4.59,7.01,-7.26,0.90,93.00,-4.17,7.01,-8.24,1.98,93.35,-3.81,7.01,-8.24,4.61,82.85,-14.63,7.01,-21.54,4.41
Wkly_upswing,BEML,Midcap,Aerospace & Defence,2023-12-22,1410.00,2023-12-26,1410.00,1583.03,12.27,12.48,-1.29,2.12,1579.88,12.05,13.98,-1.29,2.08,1757.72,24.66,35.68,-1.29,4.90,1511.22,7.18,35.68,-1.73,6.45,1545.53,9.61,35.68,-2.99,4.93
Wkly_upswing,BROOKS,Smallcap,Healthcare,2023-12-22,137.10,2023-12-26,146.25,174.20,19.11,19.11,-2.80,2.12,146.95,0.48,20.85,-2.80,2.08,133.25,-8.89,20.85,-10.80,4.90,122.45,-16.27,20.85,-16.27,6.45,100.45,-31.32,20.85,-37.20,4.93
Wkly_upswing,GATECH,Smallcap,I.T,2023-12-22,1.50,2023-12-26,1.55,2.05,32.26,32.26,0.00,2.12,2.45,58.06,58.06,0.00,2.08,2.20,41.94,64.52,0.00,4.90,1.80,16.13,64.52,0.00,6.45,1.35,-12.90,64.52,-19.35,4.93
Wkly_upswing,HCL-INSYS,Smallcap,I.T,2023-12-22,22.00,2023-12-26,22.40,22.75,1.56,7.37,-9.37,2.12,22.40,0.00,7.37,-9.37,2.08,20.45,-8.71,14.06,-9.37,4.90,17.65,-21.21,14.06,-21.21,6.45,18.10,-19.20,14.06,-37.72,4.93
Wkly_upswing,HFCL,Largecap,Telecom,2023-12-22,83.50,2023-12-26,83.50,90.60,8.50,10.12,-0.90,2.12,105.65,26.53,26.53,-0.90,2.08,107.05,28.20,28.20,-0.90,4.90,115.15,37.90,37.90,-0.90,6.45,92.10,10.30,37.90,-0.90,4.93
Wkly_upswing,RHIM,Midcap,Building Materials,2023-12-22,815.00,2023-12-26,820.00,780.45,-4.82,-1.47,-4.82,2.12,730.35,-10.93,-1.47,-11.15,2.08,689.40,-15.93,-1.47,-15.93,4.90,605.70,-26.13,-1.47,-26.13,6.45,570.70,-30.40,-1.47,-37.46,4.93
Wkly_upswing,SALASAR,Smallcap,Metals & Mining,2023-12-22,13.80,2023-12-26,13.80,14.36,4.06,6.45,-6.16,2.12,21.97,59.20,59.20,-6.16,2.08,32.25,133.70,146.01,-6.16,4.90,24.35,76.45,146.01,-6.16,6.45,21.55,56.16,146.01,-6.16,4.93
Wkly_upswing,SANSERA,Largecap,Auto,2023-12-22,1048.35,2024-01-01,1048.35,1035.95,-1.18,0.83,-1.98,2.35,1018.50,-2.85,0.83,-4.43,1.92,1011.45,-3.52,0.83,-6.43,2.54,1011.15,-3.55,0.83,-6.43,3.04,1029.80,-1.77,0.83,-11.32,5.47
Wkly_upswing,SUDARSCHEM,Midcap,Chemicals,2023-12-22,552.20,2023-12-27,557.00,524.55,-5.83,-0.24,-5.83,1.93,525.65,-5.63,-0.24,-9.50,1.28,518.10,-6.98,-0.24,-9.50,4.24,600.10,7.74,8.77,-9.50,6.08,610.00,9.52,11.62,-9.50,4.47
Wkly_upswing,TEAMGTY,Smallcap,Financials,2023-12-22,149.75,2023-12-26,157.20,140.65,-10.53,0.00,-15.55,2.12,116.75,-25.73,0.00,-25.73,2.08,112.90,-28.18,0.00,-31.58,4.90,119.60,-23.92,0.00,-31.58,6.45,92.50,-41.16,0.00,-41.89,4.93
Wkly_upswing,GOKUL,Smallcap,FMCG,2023-12-29,55.00,2024-01-01,55.40,60.05,8.39,10.38,3.88,2.35,62.40,12.64,12.64,3.88,1.92,51.65,-6.77,12.64,-9.93,2.54,43.45,-21.57,12.64,-21.57,3.04,36.25,-34.57,12.64,-37.64,5.47
Wkly_upswing,GREENPANEL,Smallcap,Building Materials,2023-12-29,443.50,2024-01-05,443.50,395.65,-10.79,-0.74,-12.11,0.33,381.35,-14.01,-0.74,-14.01,2.52,365.05,-17.69,-0.74,-18.95,3.74,372.35,-16.04,-0.74,-18.95,4.30,330.45,-25.49,-0.74,-30.71,6.01
Wkly_upswing,RUSTOMJEE,Smallcap,Realty,2023-12-29,657.00,2024-01-02,657.00,712.85,8.50,8.50,-3.65,2.05,695.90,5.92,8.52,-3.65,1.79,661.90,0.75,8.52,-3.65,3.13,665.80,1.34,12.47,-3.65,3.40,631.00,-3.96,12.47,-10.11,5.87
Wkly_upswing,SONACOMS,Largecap,Auto,2023-12-29,651.65,2024-01-01,651.65,605.35,-7.11,-0.48,-7.11,2.35,618.20,-5.13,-0.48,-11.46,1.92,606.30,-6.96,-0.48,-11.46,2.54,660.80,1.40,5.59,-11.46,3.04,684.20,5.00,8.33,-11.46,5.47
Wkly_upswing,TATACHEM,Midcap,Chemicals,2023-12-29,1123.00,2024-01-01,1123.00,1112.20,-0.96,0.76,-2.28,2.35,1028.05,-8.46,0.76,-10.60,1.92,966.20,-13.96,0.76,-15.76,2.54,944.10,-15.93,0.76,-15.93,3.04,1087.20,-3.19,17.12,-16.37,5.47
Wkly_upswing,A2ZINFRA,Smallcap,Realty,2024-01-05,14.80,2024-01-09,14.80,13.25,-10.47,2.36,-10.47,0.17,13.55,-8.45,2.36,-11.15,2.93,14.50,-2.03,2.36,-15.20,4.46,14.30,-3.38,12.84,-15.20,5.24,14.65,-1.01,12.84,-16.89,7.07
Wkly_upswing,GTL,Smallcap,Telecom-Service,2024-01-05,16.90,2024-01-08,17.70,14.10,-20.34,4.80,-20.90,-1.96,16.70,-5.65,4.80,-22.32,2.65,13.80,-22.03,4.80,-22.32,2.74,11.20,-36.72,4.80,-36.72,4.03,11.60,-34.46,4.80,-47.18,6.27
Wkly_upswing,JBMA,Midcap,Auto,2024-01-05,872.40,2024-01-08,872.40,900.83,3.26,10.96,3.26,-1.96,1001.20,14.76,16.25,3.26,2.65,1155.12,32.41,36.51,3.26,2.74,951.12,9.02,36.51,3.26,4.03,875.05,0.30,36.51,-2.00,6.27
Wkly_upswing,JMA,Smallcap,Auto,2024-01-05,89.50,2024-01-08,89.50,96.65,7.99,17.21,-2.91,-1.96,130.85,46.20,46.20,-2.91,2.65,116.30,29.94,46.20,-2.91,2.74,104.45,16.70,49.89,-2.91,4.03,105.60,17.99,49.89,-2.91,6.27
Wkly_upswing,NETWORK18,Smallcap,Media,2024-01-05,97.65,2024-01-08,97.65,114.90,17.67,34.10,1.89,-1.96,110.30,12.95,34.10,1.89,2.65,115.15,17.92,34.10,1.89,2.74,90.50,-7.32,34.10,-7.32,4.03,91.75,-6.04,34.10,-14.85,6.27
Wkly_upswing,SAKUMA,Smallcap,Services,2024-01-05,4.69,2024-01-08,4.69,4.27,-8.90,-4.45,-9.53,-1.96,5.27,12.29,13.77,-9.53,2.65,5.32,13.35,24.58,-9.53,2.74,5.06,7.84,24.58,-9.53,4.03,5.28,12.50,24.58,-9.53,6.27
Wkly_upswing,SUVEN,Smallcap,Healthcare,2024-01-05,96.30,2024-01-08,96.30,108.90,13.08,30.01,4.93,-1.96,117.45,21.96,30.01,4.93,2.65,106.50,10.59,30.01,4.93,2.74,104.85,8.88,30.01,4.93,4.03,116.55,21.03,30.01,1.71,6.27
Wkly_upswing,VASWANI,Smallcap,Metals & Mining,2024-01-05,33.50,2024-01-09,33.50,29.45,-12.09,-1.04,-12.24,0.17,36.80,9.85,12.69,-12.24,2.93,42.00,25.37,25.97,-12.24,4.46,42.45,26.72,71.49,-12.24,5.24,37.70,12.54,71.49,-12.24,7.07
Wkly_upswing,ACCELYA,Smallcap,I.T,2024-01-12,1795.00,2024-01-15,1849.10,1824.40,-1.34,5.19,-4.00,0.29,1972.50,6.67,6.67,-4.18,0.89,1841.15,-0.43,11.24,-4.18,1.39,1704.55,-7.82,11.24,-12.39,0.86,1787.00,-3.36,11.24,-12.39,3.43
Wkly_upswing,ARVINDFASN,Midcap,Services,2024-01-12,494.00,2024-01-19,494.00,522.45,5.76,5.76,-5.11,3.19,450.65,-8.78,5.91,-8.91,4.41,455.75,-7.74,5.91,-8.91,4.98,444.10,-10.10,5.91,-13.73,1.12,464.30,-6.01,5.91,-13.73,6.38
Wkly_upswing,AVANTIFEED,Midcap,FMCG,2024-01-12,581.40,2024-01-15,581.40,521.50,-10.30,-4.64,-13.77,0.29,509.00,-12.45,-3.47,-14.95,0.89,512.45,-11.86,-3.47,-14.96,1.39,500.60,-13.90,-3.47,-18.15,0.86,499.90,-14.02,-3.47,-18.15,3.43
Wkly_upswing,BYKE,Smallcap,Services,2024-01-12,72.80,2024-01-15,74.05,67.00,-9.52,0.00,-13.44,0.29,64.25,-13.23,0.00,-13.44,0.89,68.90,-6.95,0.27,-13.44,1.39,57.05,-22.96,0.27,-22.96,0.86,67.40,-8.98,0.27,-26.67,3.43
Wkly_upswing,CGCL,Largecap,Financials,2024-01-12,235.00,2024-01-16,235.00,241.70,2.85,5.96,0.04,-0.54,236.81,0.77,5.96,-4.27,0.76,241.20,2.64,6.29,-4.27,1.03,208.50,-11.28,23.09,-12.79,-0.30,230.45,-1.94,23.09,-14.09,2.21
Wkly_upswing,INDOSTAR,Smallcap,Financials,2024-01-12,203.10,2024-01-15,205.00,198.80,-3.02,6.37,-4.66,0.29,182.20,-11.12,6.37,-12.24,0.89,222.60,8.59,8.59,-13.24,1.39,194.65,-5.05,10.29,-13.24,0.86,243.80,18.93,20.85,-13.24,3.43
Wkly_upswing,MITCON,Smallcap,Miscellaneous,2024-01-12,93.49,2024-01-16,99.77,132.32,32.63,32.63,-7.11,-0.54,122.52,22.80,32.63,-7.11,0.76,111.33,11.59,32.63,-7.11,1.03,92.67,-7.11,32.63,-7.97,-0.30,99.17,-0.60,32.63,-7.97,2.21
Wkly_upswing,PNCINFRA,Smallcap,Realty,2024-01-12,386.80,2024-01-15,388.95,457.60,17.65,17.65,-0.84,0.29,413.60,6.34,17.65,-0.84,0.89,430.65,10.72,18.36,-0.84,1.39,401.75,3.29,19.71,-0.84,0.86,445.15,14.45,19.71,-0.84,3.43
Wkly_upswing,AUSOMENT,Smallcap,Consumer Discretionary,2024-01-19,89.00,2024-01-23,94.80,91.65,-3.32,6.86,-16.14,2.57,98.85,4.27,6.86,-16.14,2.66,84.05,-11.34,6.86,-16.14,3.94,93.45,-1.42,6.86,-22.89,1.48,95.35,0.58,6.86,-22.89,5.73
Wkly_upswing,DCI,Smallcap,I.T,2024-01-19,228.80,2024-01-23,232.40,218.90,-5.81,3.36,-14.91,2.57,221.25,-4.80,3.36,-14.91,2.66,201.75,-13.19,3.36,-14.91,3.94,179.50,-22.76,3.36,-22.76,1.48,216.20,-6.97,10.13,-22.76,5.73
Wkly_upswing,GANESHHOU,Midcap,Realty,2024-01-19,612.75,2024-01-23,663.40,714.45,7.70,15.11,-3.75,2.57,728.30,9.78,15.14,-3.75,2.66,745.85,12.43,33.18,-3.75,3.94,723.60,9.07,33.18,-3.75,1.48,785.50,18.41,33.18,-3.75,5.73
Wkly_upswing,IDBI,Largecap,Bank,2024-01-19,72.25,2024-01-23,79.90,94.65,18.46,18.46,-4.38,2.57,89.90,12.52,18.46,-4.38,2.66,85.40,6.88,18.46,-4.38,3.94,80.60,0.88,18.46,-4.38,1.48,86.80,8.64,18.46,-4.38,5.73
Wkly_upswing,LAL,Smallcap,Textiles,2024-01-19,20.59,2024-01-24,20.96,25.85,23.31,39.50,0.45,4.07,31.51,50.32,50.32,0.45,5.61,27.60,31.69,53.08,0.45,6.40,26.85,28.11,53.08,0.45,4.10,25.85,23.32,53.08,0.45,8.65
Wkly_upswing,MASFIN,Midcap,Financials,2024-01-19,331.67,2024-01-23,350.00,336.87,-3.75,-2.78,-7.48,2.57,327.88,-6.32,-2.78,-7.48,2.66,297.20,-15.09,-2.78,-15.09,3.94,289.05,-17.41,-2.78,-20.66,1.48,298.35,-14.76,-2.78,-20.66,5.73
Wkly_upswing,PDMJEPAPER,Smallcap,Building Materials,2024-01-19,62.00,2024-01-25,62.00,73.10,17.90,29.11,-2.82,2.62,73.25,18.15,29.11,-2.82,4.43,62.75,1.21,29.11,-2.82,4.31,65.75,6.05,29.11,-10.56,2.85,74.55,20.24,29.11,-10.56,7.14
Wkly_upswing,PNBHOUSING,Largecap,Financials,2024-01-19,905.50,2024-01-23,905.50,821.30,-9.30,-4.63,-15.72,2.57,726.75,-19.74,-4.63,-19.74,2.66,676.15,-25.33,-4.63,-25.33,3.94,642.50,-29.04,-4.63,-32.43,1.48,776.65,-14.23,-4.63,-32.43,5.73
Wkly_upswing,RITES,Midcap,Miscellaneous,2024-01-19,282.00,2024-01-23,320.00,399.85,24.95,24.95,-11.84,2.57,365.98,14.37,25.35,-11.84,2.66,368.65,15.20,25.35,-11.84,3.94,321.57,0.49,25.35,-11.84,1.48,337.23,5.38,25.35,-11.84,5.73
Wkly_upswing,SIS,Midcap,Miscellaneous,2024-01-19,481.25,2024-01-23,541.75,486.80,-10.14,-3.17,-10.14,2.57,440.10,-18.76,-3.17,-18.76,2.66,444.95,-17.87,-3.17,-22.69,3.94,449.60,-17.01,-3.17,-22.69,1.48,476.30,-12.08,-3.17,-24.46,5.73
Wkly_upswing,TECHM,Largecap,I.T,2024-01-19,1401.50,2024-01-23,1401.50,1318.00,-5.96,0.46,-6.35,2.57,1296.60,-7.48,0.46,-7.75,2.66,1271.00,-9.31,0.46,-9.31,3.94,1282.75,-8.47,0.46,-10.65,1.48,1185.70,-15.40,0.46,-15.83,5.73
Wkly_upswing,ADVANIHOTR,Smallcap,Services,2024-01-25,72.00,2024-01-29,72.50,79.20,9.24,12.07,4.03,1.46,85.50,17.93,17.93,4.03,4.45,80.33,10.79,17.93,4.03,4.01,74.20,2.34,17.93,2.34,3.58,81.15,11.93,20.69,-0.83,8.25
Wkly_upswing,IFBIND,Smallcap,Consumer Discretionary,2024-01-25,1274.75,2024-01-29,1274.75,1304.55,2.34,9.84,-3.06,1.46,1440.50,13.00,13.00,-3.06,4.45,1371.50,7.59,15.06,-3.06,4.01,1369.25,7.41,15.06,-3.06,3.58,1547.50,21.40,30.98,-3.06,8.25
Wkly_upswing,PETRONET,Largecap,Energy,2024-01-25,266.30,2024-01-30,266.90,266.00,-0.34,8.80,-3.71,0.36,281.35,5.41,8.80,-3.71,2.95,263.75,-1.18,9.10,-3.71,-0.33,263.20,-1.39,9.10,-3.71,2.76,310.55,16.35,16.35,-3.71,6.52
Wkly_upswing,ALPHAGEO,Smallcap,Miscellaneous,2024-02-02,388.70,2024-02-06,388.70,382.60,-1.57,1.32,-10.21,2.11,379.65,-2.33,11.80,-10.21,2.66,326.30,-16.05,11.80,-23.37,-1.12,384.95,-0.96,11.80,-23.37,4.34,369.70,-4.89,11.80,-23.37,4.29
Wkly_upswing,BANKBARODA,Largecap,Bank,2024-02-02,261.00,2024-02-05,261.00,270.70,3.72,5.63,-6.26,1.28,273.20,4.67,5.63,-6.26,2.62,249.10,-4.56,8.26,-6.26,-1.51,269.45,3.24,8.26,-6.26,3.79,259.05,-0.75,8.26,-6.26,3.64
Wkly_upswing,BAJAJHIND,Smallcap,FMCG,2024-02-09,39.30,2024-02-12,39.30,36.45,-7.25,-1.02,-9.16,1.47,30.70,-21.88,-1.02,-21.88,1.05,28.65,-27.10,-1.02,-29.13,0.63,32.55,-17.18,-1.02,-29.13,3.93,32.55,-17.18,-1.02,-29.13,3.62
Wkly_upswing,PARAGMILK,Smallcap,FMCG,2024-02-09,269.80,2024-02-12,269.95,256.10,-5.13,3.93,-6.13,1.47,209.20,-22.50,3.93,-22.50,1.05,210.95,-21.86,3.93,-28.56,0.63,211.80,-21.54,3.93,-28.56,3.93,205.95,-23.71,3.93,-28.56,3.62
Wkly_upswing,SBIN,Largecap,Bank,2024-02-09,728.35,2024-02-14,728.35,742.50,1.94,5.92,1.94,1.20,741.05,1.74,8.20,1.74,0.67,758.30,4.11,8.20,-0.62,3.59,751.70,3.21,8.20,-0.62,3.24,811.95,11.48,14.16,-0.62,5.79
Wkly_upswing,UNIVASTU,Smallcap,Realty,2024-02-09,44.63,2024-02-12,45.02,47.47,5.44,7.37,-0.56,1.47,47.47,5.44,7.37,-0.56,1.05,47.32,5.11,8.48,-0.56,0.63,47.90,6.40,8.48,-0.56,3.93,68.18,51.46,59.05,-0.56,3.62
Wkly_upswing,DBSTOCKBRO,Smallcap,Financials,2024-02-16,53.10,2024-02-19,54.20,46.45,-14.30,2.86,-14.30,1.32,41.60,-23.25,2.86,-23.25,-2.75,43.65,-19.46,2.86,-27.12,2.48,46.50,-14.21,2.86,-27.12,2.03,57.60,6.27,24.08,-27.12,5.32
Wkly_upswing,FCL,Midcap,Chemicals,2024-02-16,44.99,2024-02-19,45.88,40.61,-11.50,-1.97,-11.80,1.32,35.08,-23.56,-1.97,-25.16,-2.75,39.25,-14.46,-1.97,-25.99,2.48,37.06,-19.23,-1.97,-25.99,2.03,36.03,-21.48,-1.97,-25.99,5.32
Wkly_upswing,NATCOPHARM,Midcap,Healthcare,2024-02-16,1051.00,2024-02-19,1051.00,994.80,-5.35,1.28,-6.49,1.32,951.20,-9.50,1.28,-11.18,-2.75,993.45,-5.48,1.28,-11.18,2.48,1005.70,-4.31,1.28,-11.18,2.03,1003.05,-4.56,1.28,-11.18,5.32
Wkly_upswing,ACI,Midcap,Chemicals,2024-02-23,799.85,2024-02-26,799.85,639.15,-20.09,2.86,-20.09,-0.70,653.45,-18.30,2.86,-26.44,-1.11,694.60,-13.16,2.86,-26.44,2.13,662.15,-17.22,2.86,-26.44,3.34,617.40,-22.81,2.86,-26.44,4.64
Wkly_upswing,JAGRAN,Smallcap,Media,2024-02-23,128.35,2024-02-26,128.35,98.90,-22.95,-0.62,-22.95,-0.70,100.15,-21.97,-0.62,-28.20,-1.11,103.70,-19.21,-0.62,-28.20,2.13,105.40,-17.88,-0.62,-28.20,3.34,93.45,-27.19,-0.62,-28.20,4.64
Wkly_upswing,SBILIFE,Largecap,Financials,2024-02-23,1536.25,2024-02-26,1536.25,1516.40,-1.29,1.06,-2.93,-0.70,1479.55,-3.69,1.06,-5.07,-1.11,1493.15,-2.81,1.06,-5.07,2.13,1422.35,-7.41,1.06,-7.88,3.34,1412.80,-8.04,1.06,-8.21,4.64
Wkly_upswing,VIPULLTD,Smallcap,Realty,2024-02-23,23.55,2024-02-26,24.70,29.05,17.61,33.20,0.00,-0.70,26.15,5.87,33.20,0.00,-1.11,33.30,34.82,40.28,0.00,2.13,33.30,34.82,40.28,0.00,3.34,39.20,58.70,69.23,0.00,4.64
Wkly_upswing,HAVELLS,Largecap,Consumer Discretionary,2024-03-01,1550.00,2024-03-04,1588.00,1457.25,-8.23,-2.14,-8.23,-3.63,1538.75,-3.10,-2.14,-8.23,1.55,1550.75,-2.35,-2.14,-8.23,1.11,1672.95,5.35,5.49,-8.23,1.41,1792.80,12.90,20.11,-8.23,3.46
Wkly_upswing,HITECHGEAR,Smallcap,Auto,2024-03-01,558.80,2024-03-04,568.40,540.35,-4.93,-2.83,-20.43,-3.63,919.10,61.70,61.70,-20.43,1.55,1221.60,114.92,114.92,-20.43,1.11,1040.95,83.14,114.92,-20.43,1.41,889.95,56.57,114.92,-20.43,3.46
Wkly_upswing,SEJALLTD,Smallcap,Building Materials,2024-03-01,351.85,2024-03-04,387.85,337.15,-13.07,0.00,-14.03,-3.63,382.85,-1.29,2.45,-14.03,1.55,374.95,-3.33,2.45,-14.03,1.11,314.00,-19.04,2.45,-19.04,1.41,320.15,-17.46,2.45,-23.51,3.46
Wkly_upswing,GLENMARK,Largecap,Healthcare,2024-03-07,964.30,2024-03-11,964.30,957.20,-0.74,-0.74,-6.83,-2.10,1043.35,8.20,8.58,-6.83,2.35,1079.35,11.93,12.03,-6.83,1.98,1033.15,7.14,12.03,-6.83,0.37,1190.75,23.48,25.46,-6.83,6.94
Wkly_upswing,CGPOWER,Largecap,Industrials,2024-03-22,549.95,2024-03-27,549.95,494.25,-10.13,-0.26,-10.13,3.70,559.05,1.65,1.65,-10.13,4.93,608.70,10.68,10.68,-10.13,3.39,632.20,14.96,19.02,-10.13,6.25,697.75,26.88,27.60,-10.13,12.66
Wkly_upswing,RELINFRA,Smallcap,Realty,2024-03-22,286.65,2024-03-26,286.65,227.60,-20.60,4.27,-20.60,4.60,190.90,-33.40,4.27,-34.15,4.22,164.70,-42.54,4.27,-43.76,2.58,168.90,-41.08,4.27,-43.76,6.97,205.41,-28.34,4.27,-47.69,12.21
Wkly_upswing,EPIGRAL,Smallcap,Chemicals,2024-04-05,1398.80,2024-04-08,1398.80,1345.75,-3.79,0.01,-7.42,0.08,1257.80,-10.08,0.01,-10.08,-1.79,1274.95,-8.85,0.01,-10.65,3.71,1338.45,-4.31,0.01,-17.64,5.06,1522.35,8.83,11.55,-17.64,10.89
Wkly_upswing,HGINFRA,Smallcap,Realty,2024-04-05,1098.85,2024-04-08,1098.85,1059.20,-3.61,-0.49,-6.72,0.08,1141.80,3.91,9.73,-6.72,-1.79,1529.20,39.16,43.95,-6.72,3.71,1530.50,39.28,43.95,-6.72,5.06,1688.60,53.67,65.94,-6.72,10.89
Wkly_upswing,INDOSTAR,Smallcap,Financials,2024-04-05,259.50,2024-04-08,259.50,253.05,-2.49,3.83,-9.88,0.08,224.00,-13.68,3.83,-13.68,-1.79,227.65,-12.27,3.83,-13.68,3.71,237.10,-8.63,3.83,-20.73,5.06,247.22,-4.73,3.83,-20.73,10.89
Wkly_upswing,INDSWFTLAB,Smallcap,Healthcare,2024-04-05,130.50,2024-04-08,130.50,123.10,-5.67,1.49,-10.69,0.08,105.50,-19.16,1.49,-19.16,-1.79,105.85,-18.89,1.49,-19.39,3.71,114.60,-12.18,1.49,-23.33,5.06,130.79,0.22,3.26,-23.33,10.89
Wkly_upswing,KEYFINSERV,Smallcap,Financials,2024-04-05,199.35,2024-04-08,217.00,190.60,-12.17,-0.46,-19.08,0.08,177.00,-18.43,-0.46,-21.66,-1.79,174.85,-19.42,-0.46,-23.09,3.71,168.95,-22.14,-0.46,-24.93,5.06,190.32,-12.29,-0.46,-25.68,10.89
Wkly_upswing,LATENTVIEW,Smallcap,I.T,2024-04-05,560.80,2024-04-08,560.80,504.65,-10.01,-0.52,-10.65,0.08,466.75,-16.77,-0.52,-16.77,-1.79,488.55,-12.88,-0.52,-18.07,3.71,514.20,-8.31,-0.52,-18.07,5.06,510.25,-9.01,-0.52,-18.07,10.89
Wkly_upswing,MUTHOOTFIN,Largecap,Financials,2024-04-05,1674.45,2024-04-08,1674.45,1642.90,-1.88,0.08,-3.40,0.08,1598.40,-4.54,2.76,-4.54,-1.79,1694.95,1.22,2.76,-4.54,3.71,1773.15,5.89,5.89,-4.54,5.06,1784.40,6.57,9.25,-4.54,10.89
Wkly_upswing,SURANASOL,Smallcap,Industrials,2024-04-05,46.75,2024-04-08,46.75,43.75,-6.42,-4.92,-14.33,0.08,37.15,-20.53,-4.92,-20.53,-1.79,39.55,-15.40,-4.92,-21.93,3.71,38.45,-17.75,-4.92,-21.93,5.06,38.89,-16.81,-4.92,-21.93,10.89
Wkly_upswing,VISACHROME,Smallcap,Metals & Mining,2024-04-05,24.45,2024-04-08,25.60,21.70,-15.23,-7.23,-15.23,0.08,21.00,-17.97,-7.23,-17.97,-1.79,20.10,-21.48,-7.23,-21.48,3.71,23.15,-9.57,-7.23,-25.00,5.06,26.70,4.30,9.80,-25.00,10.89
Wkly_upswing,ZENSARTECH,Midcap,I.T,2024-04-05,637.00,2024-04-08,638.40,581.05,-8.98,-3.63,-10.46,0.08,580.50,-9.07,-0.34,-10.46,-1.79,623.70,-2.30,0.27,-10.46,3.71,673.15,5.44,5.44,-10.46,5.06,734.35,15.03,18.26,-10.46,10.89
Wkly_upswing,AEGISLOG,Largecap,Services,2024-04-12,485.00,2024-04-15,485.00,687.20,41.69,43.54,0.51,1.21,593.85,22.44,43.54,0.51,-0.02,700.95,44.53,55.58,0.51,1.41,841.10,73.42,73.42,0.51,6.41,845.85,74.40,93.22,0.51,11.33
Wkly_upswing,DOLATALGO,Smallcap,Financials,2024-04-12,97.35,2024-04-16,97.35,119.20,22.44,26.04,-3.13,2.95,144.05,47.97,48.07,-3.13,2.20,135.65,39.34,58.91,-3.13,3.05,142.92,46.81,58.91,-3.13,8.47,131.70,35.29,58.91,-3.13,13.34
Wkly_upswing,ELDEHSG,Smallcap,Realty,2024-04-12,1044.90,2024-04-19,1044.90,1070.05,2.41,8.50,2.41,2.66,1077.80,3.15,8.50,-7.55,4.25,900.55,-13.81,8.50,-13.81,-0.00,1053.65,0.84,8.50,-13.81,9.35,986.75,-5.57,8.50,-13.81,14.20
Wkly_upswing,EXIDEIND,Largecap,Auto,2024-04-12,403.00,2024-04-15,403.00,472.40,17.22,17.22,1.50,1.21,463.10,14.91,17.22,1.50,-0.02,497.95,23.56,26.53,1.50,1.41,542.30,34.57,34.57,1.50,6.41,559.05,38.72,43.83,1.50,11.33
Wkly_upswing,GLOBALVECT,Smallcap,Transportation,2024-04-12,158.75,2024-04-15,166.65,220.50,32.31,40.56,0.00,1.21,187.65,12.60,40.56,0.00,-0.02,187.60,12.57,40.56,0.00,1.41,217.81,30.70,40.56,0.00,6.41,203.79,22.29,40.56,0.00,11.33
Wkly_upswing,KSB,Midcap,Industrials,2024-04-12,890.22,2024-04-18,890.22,930.07,4.48,10.80,1.27,2.63,962.25,8.09,10.80,-2.06,3.14,958.92,7.72,10.80,-2.06,6.73,942.59,5.88,10.80,-2.06,9.34,990.53,11.27,13.16,-2.06,13.62
Wkly_upswing,MINDTECK,Smallcap,I.T,2024-04-12,237.44,2024-04-15,237.44,237.28,-0.07,4.03,-0.67,1.21,249.76,5.19,14.66,-0.93,-0.02,217.76,-8.29,14.66,-8.29,1.41,242.32,2.06,14.66,-18.99,6.41,284.36,19.76,19.76,-18.99,11.33
Wkly_upswing,MODIRUBBER,Smallcap,Miscellaneous,2024-04-12,118.20,2024-04-15,120.00,104.20,-13.17,-6.42,-16.17,1.21,98.80,-17.67,-6.42,-20.38,-0.02,93.50,-22.08,-6.42,-22.08,1.41,94.86,-20.95,-6.42,-25.83,6.41,100.51,-16.24,-6.42,-25.83,11.33
Wkly_upswing,PURVA,Smallcap,Realty,2024-04-12,324.05,2024-04-15,324.05,390.95,20.64,27.94,9.30,1.21,396.60,22.39,27.94,8.46,-0.02,388.20,19.80,39.33,8.46,1.41,435.35,34.35,39.33,8.46,6.41,458.15,41.38,69.63,8.46,11.33
Wkly_upswing,ELECON,Midcap,Industrials,2024-04-19,598.98,2024-04-22,617.50,520.98,-15.63,-6.17,-15.63,1.23,572.02,-7.36,-6.17,-19.32,4.18,501.95,-18.71,-5.78,-19.32,3.28,651.00,5.43,8.37,-19.32,9.42,641.00,3.81,11.47,-19.32,12.11
Wkly_upswing,JUSTDIAL,Midcap,I.T,2024-04-19,1079.00,2024-04-22,1084.00,1025.75,-5.37,6.38,-5.37,1.23,968.10,-10.69,6.38,-12.06,4.18,918.85,-15.24,6.38,-15.24,3.28,1020.25,-5.88,6.38,-15.24,9.42,1252.45,15.54,15.54,-15.24,12.11
Wkly_upswing,KSCL,Smallcap,FMCG,2024-04-19,763.00,2024-04-22,763.00,835.85,9.55,15.31,-0.94,1.23,883.25,15.76,16.65,-0.94,4.18,859.45,12.64,16.65,-0.94,3.28,1015.15,33.05,33.05,-0.94,9.42,962.50,26.15,33.05,-0.94,12.11
Wkly_upswing,REPCOHOME,Smallcap,Financials,2024-04-19,515.00,2024-04-22,515.00,496.65,-3.56,2.93,-3.56,1.23,501.15,-2.69,2.93,-6.98,4.18,460.85,-10.51,2.93,-14.31,3.28,526.70,2.27,5.06,-14.31,9.42,531.50,3.20,10.40,-14.31,12.11
Wkly_upswing,SURYODAY,Smallcap,Bank,2024-04-19,215.50,2024-04-22,215.50,195.40,-9.33,0.46,-9.33,1.23,198.15,-8.05,0.46,-9.33,4.18,191.75,-11.02,0.46,-14.39,3.28,205.69,-4.55,0.46,-14.39,9.42,179.31,-16.79,0.46,-16.79,12.11
Wkly_upswing,THOMASCOOK,Smallcap,Miscellaneous,2024-04-19,204.80,2024-04-22,204.80,203.50,-0.63,5.08,-2.12,1.23,216.25,5.59,9.84,-2.69,4.18,203.95,-0.42,9.84,-8.11,3.28,236.75,15.60,17.31,-8.11,9.42,240.96,17.66,25.69,-8.11,12.11
Wkly_upswing,VSTIND,Smallcap,FMCG,2024-04-19,366.31,2024-04-24,366.31,340.80,-6.97,2.25,-6.97,-1.49,362.71,-0.98,2.25,-6.97,4.02,383.42,4.67,4.67,-6.97,5.38,370.85,1.24,10.83,-6.97,7.92,424.00,15.75,15.75,-6.97,10.71
Wkly_upswing,BIGBLOC,Smallcap,Building Materials,2024-04-26,131.45,2024-05-06,131.45,118.62,-9.76,3.61,-9.76,1.09,103.30,-21.41,3.61,-21.41,-3.03,117.58,-10.55,3.61,-21.41,6.04,116.14,-11.65,3.61,-21.41,9.03,130.75,-0.53,7.46,-21.41,12.15
Wkly_upswing,GANDHITUBE,Smallcap,Metals & Mining,2024-04-26,878.00,2024-05-06,878.00,839.30,-4.41,-2.50,-8.13,1.09,721.50,-17.82,-2.50,-17.82,-3.03,787.95,-10.26,-2.50,-17.82,6.04,813.80,-7.31,-2.50,-17.82,9.03,827.55,-5.75,-2.50,-17.82,12.15
Wkly_upswing,GEOJITFSL,Smallcap,Financials,2024-04-26,96.70,2024-04-29,96.70,105.00,8.58,10.29,-0.10,-0.75,99.75,3.15,11.69,-0.10,2.00,103.32,6.85,11.69,-12.67,5.38,103.45,6.98,16.34,-12.67,8.15,113.61,17.49,25.72,-12.67,11.77
Wkly_upswing,HAVELLS,Largecap,Consumer Discretionary,2024-04-26,1652.70,2024-04-29,1656.50,1729.10,4.38,4.38,-0.73,-0.75,1893.55,14.31,14.31,-0.73,2.00,1830.25,10.49,15.14,-0.73,5.38,1852.85,11.85,15.80,-0.73,8.15,1838.65,11.00,16.48,-0.73,11.77
Wkly_upswing,MOIL,Smallcap,Metals & Mining,2024-04-26,443.00,2024-05-02,443.00,437.40,-1.26,0.56,-9.72,-0.32,503.45,13.65,20.12,-9.72,0.51,531.70,20.02,20.12,-9.72,5.80,488.45,10.26,22.54,-9.72,8.24,492.65,11.21,25.65,-9.72,11.64
Wkly_upswing,SILGO,Smallcap,Consumer Discretionary,2024-04-26,40.55,2024-05-03,40.55,33.50,-17.39,-7.52,-18.62,-0.09,33.70,-16.89,-6.91,-18.62,3.39,33.39,-17.66,-6.91,-21.45,5.91,35.91,-11.44,-6.91,-21.45,7.56,37.61,-7.25,-4.24,-21.45,11.61
Wkly_upswing,STYRENIX,Smallcap,Energy,2024-04-26,1733.00,2024-05-06,1733.00,1765.15,1.86,7.21,-9.80,1.09,1691.50,-2.39,8.12,-9.80,-3.03,2048.30,18.19,25.57,-9.80,6.04,2279.40,31.53,31.53,-9.80,9.03,2600.90,50.08,55.03,-9.80,12.15
Wkly_upswing,TEJASNET,Midcap,Telecom,2024-04-26,1135.00,2024-04-30,1135.00,1197.35,5.49,5.71,-5.59,-1.19,1132.25,-0.24,6.12,-5.59,0.22,1371.10,20.80,20.80,-7.22,5.15,1413.10,24.50,26.18,-7.22,7.47,1288.20,13.50,27.95,-7.22,11.44
Wkly_upswing,VESUVIUS,Midcap,Building Materials,2024-04-26,445.40,2024-04-30,475.50,520.08,9.38,9.38,-7.64,-1.19,507.69,6.77,15.52,-7.64,0.22,525.91,10.60,15.52,-7.64,5.15,503.41,5.87,17.26,-7.64,7.47,526.92,10.81,17.26,-7.64,11.44
Wkly_upswing,PDMJEPAPER,Smallcap,Building Materials,2024-05-03,92.70,2024-05-09,92.70,91.30,-1.51,2.97,-7.66,3.76,95.95,3.51,6.47,-10.68,5.12,112.05,20.87,20.87,-10.68,7.65,122.23,31.86,42.78,-10.68,10.95,108.94,17.52,42.78,-10.68,8.40
Wkly_upswing,RANEHOLDIN,Smallcap,Financials,2024-05-03,1446.80,2024-05-06,1446.80,1298.85,-10.23,1.00,-12.47,1.09,1097.20,-24.16,1.00,-24.16,-3.03,1271.75,-12.10,1.00,-24.16,6.04,1764.00,21.92,25.16,-24.16,9.03,1669.95,15.42,25.16,-24.16,12.15
Wkly_upswing,SARLAPOLY,Smallcap,Textiles,2024-05-10,81.25,2024-05-14,81.25,88.70,9.17,16.31,0.12,3.63,98.49,21.22,21.22,-4.00,7.07,98.34,21.03,28.18,-4.00,9.88,102.61,26.29,35.78,-4.00,12.16,104.95,29.17,39.74,-4.00,11.76
Wkly_upswing,ZYDUSWELL,Midcap,FMCG,2024-05-10,347.10,2024-05-14,347.10,360.29,3.80,3.80,-1.21,3.63,381.95,10.04,10.63,-1.21,7.07,358.89,3.40,10.63,-1.21,9.88,435.08,25.35,25.35,-1.21,12.16,463.11,33.42,38.16,-1.21,11.76
Wkly_upswing,AARTIPHARM,Midcap,Healthcare,2024-05-17,624.05,2024-05-22,624.05,577.35,-7.48,-2.45,-13.20,-0.63,629.45,0.87,3.15,-13.20,5.27,615.20,-1.42,3.73,-13.20,8.15,577.75,-7.42,3.73,-13.20,7.86,596.35,-4.44,3.80,-13.20,9.21
Wkly_upswing,AVONMORE,Smallcap,Financials,2024-05-17,13.48,2024-05-21,13.88,10.89,-21.51,-4.18,-21.51,-3.52,13.01,-6.27,-4.18,-21.51,5.51,12.96,-6.59,-1.77,-21.51,8.48,14.12,1.77,4.36,-21.51,10.19,13.55,-2.34,16.83,-21.51,9.46
Wkly_upswing,EDELWEISS,Midcap,Financials,2024-05-17,85.95,2024-05-21,87.10,69.40,-20.32,-3.04,-21.64,-3.52,69.10,-20.67,-3.04,-24.28,5.51,65.68,-24.59,-3.04,-25.14,8.48,63.03,-27.63,-3.04,-27.63,10.19,85.15,-2.24,-1.53,-30.52,9.46
Wkly_upswing,INDIANHUME,Smallcap,Realty,2024-05-17,328.65,2024-05-21,337.40,298.50,-11.53,3.66,-11.53,-3.52,397.20,17.72,17.72,-11.53,5.51,423.35,25.47,28.66,-11.53,8.48,433.90,28.60,31.61,-11.53,10.19,509.40,50.98,57.05,-11.53,9.46
Wkly_upswing,JSWINFRA,Largecap,Transportation,2024-05-17,275.50,2024-05-21,275.50,266.15,-3.39,7.33,-3.39,-3.52,302.20,9.69,10.83,-3.39,5.51,348.25,26.41,28.20,-3.39,8.48,336.10,22.00,29.46,-3.39,10.19,313.60,13.83,29.46,-3.39,9.46
Wkly_upswing,OBEROIRLTY,Largecap,Realty,2024-05-17,1771.45,2024-05-22,1771.45,1844.95,4.15,6.35,-1.48,-0.63,1889.75,6.68,9.23,-1.48,5.27,1796.40,1.41,9.23,-1.48,8.15,1671.30,-5.65,9.23,-5.65,7.86,1766.95,-0.25,9.23,-5.65,9.21
Wkly_upswing,TAINWALCHM,Smallcap,Services,2024-05-17,167.70,2024-05-21,174.75,163.75,-6.29,13.82,-6.29,-3.52,174.95,0.11,13.82,-6.49,5.51,190.56,9.05,13.82,-6.49,8.48,198.10,13.36,15.41,-6.49,10.19,204.60,17.08,33.92,-6.49,9.46
Wkly_upswing,ALICON,Smallcap,"Castings, Forgings & Fasteners",2024-05-24,1134.90,2024-05-27,1145.90,1087.80,-5.07,-2.74,-13.21,1.51,1278.85,11.60,12.80,-13.21,4.13,1274.35,11.21,16.11,-13.21,7.37,1239.15,8.14,16.11,-13.21,6.69,1381.00,20.52,20.69,-13.21,9.11
Wkly_upswing,CIEINDIA,Midcap,"Castings, Forgings & Fasteners",2024-05-24,556.95,2024-05-27,557.00,566.10,1.63,1.63,-6.40,1.51,572.70,2.82,4.51,-6.40,4.13,619.00,11.13,11.13,-6.40,7.37,591.55,6.20,11.13,-6.40,6.69,571.40,2.59,11.13,-6.40,9.11
Wkly_upswing,DREDGECORP,Smallcap,Miscellaneous,2024-05-24,1032.70,2024-05-27,1048.40,953.55,-9.05,-5.92,-19.53,1.51,1138.30,8.57,13.15,-19.53,4.13,1343.00,28.10,34.14,-19.53,7.37,1269.20,21.06,37.20,-19.53,6.69,935.40,-10.78,37.20,-19.53,9.11
Wkly_upswing,FINCABLES,Largecap,Industrials,2024-05-24,1363.30,2024-05-27,1363.30,1560.80,14.49,14.49,0.22,1.51,1641.70,20.42,20.42,0.22,4.13,1601.15,17.45,22.24,0.22,7.37,1538.70,12.87,22.24,0.22,6.69,1454.95,6.72,22.24,0.22,9.11
Wkly_upswing,PARAS,Midcap,Aerospace & Defence,2024-05-24,887.00,2024-05-27,887.00,879.55,-0.84,6.61,-8.05,1.51,1420.05,60.10,63.06,-8.05,4.13,1471.05,65.85,75.92,-8.05,7.37,1306.60,47.31,75.92,-8.05,6.69,1294.55,45.95,75.92,-8.05,9.11
Wkly_upswing,UNOMINDA,Largecap,Auto,2024-05-24,880.00,2024-05-30,880.00,998.95,13.52,13.52,-4.01,3.85,1092.05,24.10,24.10,-4.01,6.13,1022.00,16.14,32.27,-4.01,8.65,1059.10,20.35,32.27,-4.01,10.06,1115.65,26.78,33.40,-4.01,11.05
Wkly_upswing,ATLANTAA,Smallcap,Realty,2024-05-31,37.80,2024-06-03,37.95,41.24,8.67,8.67,-5.27,5.81,42.83,12.86,22.32,-5.27,7.46,42.67,12.44,22.32,-5.27,9.96,51.66,36.13,36.13,-5.27,11.50,49.77,31.15,36.13,-5.27,11.98
Wkly_upswing,KNRCON,Smallcap,Realty,2024-05-31,330.70,2024-06-03,348.90,372.05,6.64,11.41,-14.85,5.81,340.80,-2.32,11.41,-14.85,7.46,358.65,2.79,11.41,-14.85,9.96,405.00,16.08,17.40,-14.85,11.50,333.95,-4.28,17.40,-14.85,11.98
Wkly_upswing,ABSLAMC,Largecap,Financials,2024-06-07,595.00,2024-06-10,596.65,656.85,10.09,13.82,0.34,2.79,666.30,11.67,13.82,0.34,5.99,703.00,17.82,18.60,0.34,5.32,650.15,8.97,19.79,0.34,4.98,746.35,25.09,29.48,0.34,9.18
Wkly_upswing,BIRLAMONEY,Smallcap,Financials,2024-06-07,158.40,2024-06-10,158.70,169.00,6.49,9.61,-1.32,2.79,161.31,1.64,9.61,-1.32,5.99,167.82,5.75,15.50,-1.32,5.32,164.53,3.67,15.50,-1.95,4.98,156.08,-1.65,15.50,-2.00,9.18
Wkly_upswing,GREENPLY,Smallcap,Building Materials,2024-06-07,289.40,2024-06-10,289.40,335.00,15.76,15.76,-3.58,2.79,328.80,13.61,17.64,-3.58,5.99,316.85,9.49,17.64,-3.58,5.32,378.95,30.94,30.94,-3.58,4.98,389.85,34.71,39.77,-3.58,9.18
Wkly_upswing,KCP,Smallcap,Building Materials,2024-06-07,252.80,2024-06-10,257.95,237.61,-7.89,-2.62,-13.31,2.79,262.76,1.86,1.86,-13.31,5.99,271.31,5.18,5.18,-13.31,5.32,225.38,-12.63,5.18,-14.67,4.98,254.87,-1.19,5.18,-17.67,9.18
Wkly_upswing,PENIND,Smallcap,Metals & Mining,2024-06-07,172.00,2024-06-10,174.30,170.15,-2.38,4.07,-3.17,2.79,170.72,-2.05,4.07,-5.99,5.99,182.79,4.87,5.32,-5.99,5.32,178.22,2.25,12.73,-5.99,4.98,169.02,-3.03,13.59,-5.99,9.18
Wkly_upswing,AMNPLST,Smallcap,Chemicals,2024-06-14,261.20,2024-06-18,262.85,302.35,15.03,19.12,-4.74,2.09,274.85,4.57,19.12,-4.74,4.46,330.00,25.55,28.69,-4.74,5.93,314.65,19.71,28.69,-4.74,2.06,316.40,20.37,31.22,-4.74,7.62
Wkly_upswing,AURIONPRO,Smallcap,I.T,2024-06-14,1373.33,2024-06-18,1405.00,1390.80,-1.01,5.18,-2.89,2.09,1507.60,7.30,23.87,-2.89,4.46,1626.85,15.79,23.87,-2.89,5.93,1691.15,20.37,23.87,-2.89,2.06,1762.85,25.47,38.93,-2.89,7.62
Wkly_upswing,BAJAJHIND,Smallcap,FMCG,2024-06-14,43.50,2024-06-19,43.50,41.68,-4.18,-1.29,-8.07,2.34,40.80,-6.21,1.31,-8.07,3.94,42.75,-1.72,3.79,-10.09,5.27,39.61,-8.94,3.79,-10.55,3.26,38.43,-11.66,3.79,-11.66,7.16
Wkly_upswing,BLKASHYAP,Smallcap,Realty,2024-06-14,94.75,2024-06-19,94.75,92.05,-2.85,0.80,-4.81,2.34,103.78,9.53,13.95,-4.81,3.94,103.97,9.73,15.01,-4.81,5.27,111.97,18.17,20.31,-4.81,3.26,106.36,12.25,23.37,-4.81,7.16
Wkly_upswing,DGCONTENT,Smallcap,Media,2024-06-14,28.68,2024-06-18,30.11,33.98,12.85,29.76,-2.62,2.09,36.15,20.06,29.76,-2.62,4.46,32.44,7.74,29.76,-2.62,5.93,33.15,10.10,29.76,-2.62,2.06,37.91,25.91,32.08,-2.62,7.62
Wkly_upswing,ELECON,Midcap,Industrials,2024-06-14,677.75,2024-06-24,677.75,645.20,-4.80,1.56,-4.80,3.31,629.80,-7.07,1.56,-7.07,2.83,565.05,-16.63,1.56,-16.63,0.93,612.65,-9.61,1.56,-16.63,5.09,630.70,-6.94,1.56,-16.63,7.48
Wkly_upswing,ESSARSHPNG,Smallcap,Transportation,2024-06-14,47.92,2024-06-18,47.92,49.15,2.57,21.18,2.55,2.09,71.54,49.29,49.29,2.55,4.46,55.26,15.32,49.29,2.55,5.93,45.12,-5.84,49.29,-6.34,2.06,42.28,-11.77,49.29,-12.17,7.62
Wkly_upswing,FEDERALBNK,Largecap,Bank,2024-06-14,175.10,2024-06-18,175.10,175.02,-0.05,2.16,-0.31,2.09,195.35,11.56,11.64,-0.31,4.46,201.39,15.01,16.89,-0.31,5.93,202.73,15.78,16.89,-0.31,2.06,183.58,4.84,16.89,-0.31,7.62
Wkly_upswing,GIPCL,Smallcap,Power & Utilities,2024-06-14,238.40,2024-06-18,241.00,239.29,-0.71,9.48,-2.00,2.09,259.17,7.54,9.48,-2.00,4.46,242.23,0.51,9.48,-2.67,5.93,210.53,-12.64,9.48,-12.83,2.06,228.38,-5.24,9.48,-12.83,7.62
Wkly_upswing,HCC,Midcap,Realty,2024-06-14,51.18,2024-06-20,51.18,47.81,-6.58,-0.53,-8.34,3.10,46.04,-10.04,1.29,-10.04,2.83,52.33,2.25,8.93,-10.04,4.65,47.24,-7.70,8.93,-10.63,4.12,44.67,-12.72,8.93,-12.90,7.84
Wkly_upswing,JISLJALEQS,Smallcap,Plastic products,2024-06-14,79.51,2024-06-20,79.51,73.38,-7.71,2.93,-9.52,3.10,70.13,-11.80,2.93,-11.80,2.83,70.02,-11.94,2.93,-12.09,4.65,67.62,-14.95,2.93,-18.83,4.12,70.16,-11.76,2.93,-18.83,7.84
Wkly_upswing,JKPAPER,Midcap,Building Materials,2024-06-14,498.00,2024-06-18,498.00,633.75,27.26,27.26,-0.51,2.09,580.55,16.58,27.26,-0.51,4.46,505.90,1.59,27.26,-0.51,5.93,487.40,-2.13,27.26,-7.56,2.06,447.70,-10.10,27.26,-11.71,7.62
Wkly_upswing,JTEKTINDIA,Smallcap,Auto,2024-06-14,195.00,2024-06-18,196.20,218.52,11.38,13.02,-2.20,2.09,210.16,7.12,13.02,-2.20,4.46,214.35,9.25,13.02,-2.20,5.93,170.37,-13.17,13.02,-13.17,2.06,168.47,-14.13,13.02,-15.39,7.62
Wkly_upswing,LUMAXTECH,Midcap,Auto,2024-06-14,535.60,2024-06-20,535.60,576.70,7.67,10.74,-3.11,3.10,544.10,1.59,10.74,-3.11,2.83,554.90,3.60,10.74,-3.11,4.65,530.30,-0.99,10.74,-3.11,4.12,570.20,6.46,10.74,-4.74,7.84
Wkly_upswing,MANALIPETC,Smallcap,Energy,2024-06-14,92.00,2024-06-19,92.00,94.61,2.84,4.53,0.12,2.34,97.13,5.58,10.58,0.12,3.94,97.87,6.38,10.67,0.01,5.27,90.08,-2.09,10.67,-4.49,3.26,86.02,-6.50,10.67,-7.97,7.16
Wkly_upswing,MARINE,Midcap,Industrials,2024-06-14,147.10,2024-06-18,153.80,172.14,11.92,11.92,-4.84,2.09,264.26,71.82,71.82,-4.84,4.46,261.11,69.77,80.41,-4.84,5.93,272.45,77.15,96.26,-4.84,2.06,247.15,60.70,96.26,-4.84,7.62
Wkly_upswing,MAWANASUG,Smallcap,FMCG,2024-06-14,124.56,2024-06-19,124.56,122.04,-2.02,5.79,-5.84,2.34,118.62,-4.77,5.79,-6.01,3.94,114.22,-8.30,5.79,-11.13,5.27,108.76,-12.68,5.79,-15.89,3.26,115.30,-7.43,5.79,-15.89,7.16
Wkly_upswing,PETRONET,Largecap,Energy,2024-06-14,327.85,2024-06-24,327.85,337.15,2.84,2.91,-4.00,3.31,333.55,1.74,7.18,-4.00,2.83,356.85,8.85,13.59,-4.00,0.93,377.60,15.17,15.42,-4.00,5.09,332.50,1.42,16.27,-4.00,7.48
Wkly_upswing,RALLIS,Smallcap,Chemicals,2024-06-14,328.20,2024-06-18,328.20,311.80,-5.00,3.43,-6.75,2.09,352.15,7.30,7.30,-6.75,4.46,330.65,0.75,7.30,-6.75,5.93,334.60,1.95,10.73,-6.75,2.06,329.05,0.26,10.73,-6.75,7.62
Wkly_upswing,SHRIRAMFIN,Largecap,Financials,2024-06-14,549.40,2024-06-18,549.79,564.98,2.76,8.76,1.54,2.09,562.70,2.35,8.76,-0.36,4.46,586.39,6.66,8.76,-2.54,5.93,579.02,5.32,8.85,-2.54,2.06,680.15,23.71,23.71,-2.54,7.62
Wkly_upswing,STAR,Midcap,Healthcare,2024-06-14,990.00,2024-06-18,990.00,941.85,-4.86,-0.23,-4.91,2.09,942.55,-4.79,-0.23,-8.24,4.46,1069.20,8.00,8.00,-8.24,5.93,1226.30,23.87,23.87,-8.24,2.06,1352.20,36.59,37.94,-8.24,7.62
Wkly_upswing,TEXINFRA,Smallcap,Realty,2024-06-14,140.85,2024-06-21,140.85,145.12,3.03,3.03,-5.35,3.06,128.52,-8.75,4.05,-9.09,2.86,124.95,-11.29,4.05,-11.29,1.06,128.23,-8.96,4.05,-13.14,4.37,127.16,-9.72,4.05,-13.14,7.46
Wkly_upswing,TIRUMALCHM,Smallcap,Chemicals,2024-06-14,309.40,2024-06-18,313.90,311.05,-0.91,4.11,-6.51,2.09,311.05,-0.91,4.11,-6.51,4.46,344.55,9.76,11.31,-6.51,5.93,314.00,0.03,11.31,-6.51,2.06,328.50,4.65,11.31,-6.51,7.62
Wkly_upswing,USK,Smallcap,Realty,2024-06-14,74.13,2024-06-21,74.13,77.33,4.32,13.44,-3.02,3.06,72.55,-2.13,13.44,-3.02,2.86,70.88,-4.38,13.44,-4.38,1.06,60.14,-18.87,13.44,-18.87,4.37,62.17,-16.13,13.44,-24.55,7.46
Wkly_upswing,VBL,Largecap,FMCG,2024-06-14,660.00,2024-06-18,660.00,630.86,-4.42,-0.64,-4.42,2.09,639.60,-3.09,-0.64,-4.42,4.46,630.96,-4.40,2.14,-6.13,5.93,584.84,-11.39,2.14,-11.40,2.06,645.60,-2.18,2.14,-13.83,7.62
Wkly_upswing,ZOTA,Smallcap,Healthcare,2024-06-14,623.85,2024-06-18,628.00,578.50,-7.88,-0.85,-9.98,2.09,579.50,-7.72,-0.85,-10.18,4.46,605.25,-3.62,-0.85,-11.29,5.93,640.95,2.06,9.99,-11.29,2.06,679.30,8.17,10.14,-11.29,7.62
Wkly_upswing,360ONE,Largecap,Financials,2024-06-21,864.50,2024-06-26,864.50,1008.20,16.62,16.62,2.86,2.71,998.70,15.52,18.13,2.86,2.44,1030.35,19.18,30.98,2.86,1.50,1084.95,25.50,30.98,2.86,4.68,1089.25,26.00,30.98,2.86,8.15
Wkly_upswing,ALEMBICLTD,Smallcap,Realty,2024-06-21,113.86,2024-06-24,113.86,130.64,14.74,14.74,-4.05,3.31,141.13,23.95,35.37,-4.05,2.83,139.21,22.26,37.83,-4.05,0.93,150.82,32.46,37.83,-4.05,5.09,143.65,26.16,44.19,-4.05,7.48
Wkly_upswing,ASAHIINDIA,Largecap,Building Materials,2024-06-21,690.00,2024-06-24,690.00,673.10,-2.45,2.73,-2.75,3.31,695.20,0.75,2.73,-10.51,2.83,630.25,-8.66,2.73,-11.60,0.93,657.05,-4.78,2.73,-11.60,5.09,673.60,-2.38,2.73,-11.60,7.48
Wkly_upswing,BYKE,Smallcap,Services,2024-06-21,88.00,2024-06-24,88.05,83.25,-5.45,-2.81,-7.33,3.31,75.65,-14.08,-2.81,-15.64,2.83,80.46,-8.62,-1.43,-15.64,0.93,71.50,-18.80,-1.43,-18.80,5.09,68.84,-21.82,-1.43,-21.82,7.48
Wkly_upswing,ELGIEQUIP,Midcap,Industrials,2024-06-21,750.00,2024-06-24,750.00,741.40,-1.15,2.56,-4.51,3.31,669.80,-10.69,2.56,-11.03,2.83,640.80,-14.56,2.56,-14.61,0.93,633.40,-15.55,2.56,-19.93,5.09,731.55,-2.46,2.56,-19.93,7.48
Wkly_upswing,EMBDL,Midcap,Realty,2024-06-21,162.92,2024-06-24,162.92,147.49,-9.47,-1.58,-11.26,3.31,131.55,-19.25,-1.58,-19.64,2.83,129.24,-20.67,-1.58,-23.37,0.93,131.02,-19.58,-1.58,-24.53,5.09,125.12,-23.20,-1.58,-24.53,7.48
Wkly_upswing,GTLINFRA,Smallcap,Telecom,2024-06-21,2.58,2024-06-24,2.64,3.92,48.48,56.44,2.27,3.31,2.84,7.58,56.44,-1.89,2.83,2.64,0.00,56.44,-1.89,0.93,2.77,4.92,56.44,-1.89,5.09,2.49,-5.68,56.44,-9.85,7.48
Wkly_upswing,HUHTAMAKI,Smallcap,Industrials,2024-06-21,381.00,2024-06-24,381.00,389.70,2.28,3.16,-5.39,3.31,386.35,1.40,4.34,-5.39,2.83,410.95,7.86,11.72,-5.39,0.93,440.25,15.55,15.55,-5.39,5.09,380.70,-0.08,15.55,-5.39,7.48
Wkly_upswing,KALYANKJIL,Largecap,Consumer Discretionary,2024-06-21,464.95,2024-06-27,464.95,503.25,8.24,8.38,2.44,2.53,567.80,22.12,26.30,2.44,3.81,538.80,15.88,26.30,2.44,2.17,616.75,32.65,32.65,2.44,5.01,768.65,65.32,65.32,2.44,8.66
Wkly_upswing,PENINLAND,Smallcap,Realty,2024-06-21,74.80,2024-06-24,74.80,69.91,-6.54,1.38,-6.54,3.31,67.33,-9.99,1.38,-14.76,2.83,58.37,-21.97,1.38,-21.97,0.93,62.28,-16.74,1.38,-27.62,5.09,56.06,-25.05,1.38,-27.62,7.48
Wkly_upswing,RKFORGE,Midcap,"Castings, Forgings & Fasteners",2024-06-21,930.00,2024-06-24,930.00,958.35,3.05,5.82,-4.89,3.31,888.95,-4.41,5.82,-7.16,2.83,860.85,-7.44,5.82,-9.54,0.93,927.10,-0.31,5.82,-9.54,5.09,1021.70,9.86,9.86,-9.54,7.48
Wkly_upswing,SURANAT&P,Smallcap,Industrials,2024-06-21,24.30,2024-06-25,24.30,25.32,4.20,21.60,-4.61,3.49,27.05,11.32,21.60,-4.61,2.84,23.26,-4.28,21.60,-6.91,2.51,21.83,-10.16,21.60,-12.02,5.17,25.64,5.51,21.60,-15.84,7.02
Wkly_upswing,TICL,Smallcap,Realty,2024-06-21,53.61,2024-06-24,53.61,49.77,-7.16,9.81,-7.16,3.31,45.66,-14.83,9.81,-18.21,2.83,42.61,-20.52,9.81,-20.52,0.93,44.98,-16.10,9.81,-26.60,5.09,45.20,-15.69,9.81,-27.81,7.48
Wkly_upswing,WINDMACHIN,Smallcap,Industrials,2024-06-21,156.55,2024-06-24,156.55,174.06,11.18,14.11,-6.11,3.31,156.49,-0.04,14.11,-6.11,2.83,153.36,-2.04,14.11,-6.11,0.93,193.65,23.70,23.70,-6.11,5.09,202.24,29.19,34.73,-6.11,7.48
Wkly_upswing,BBOX,Midcap,I.T,2024-06-28,384.38,2024-07-01,384.38,405.70,5.55,5.55,-4.47,2.88,489.05,27.23,27.23,-4.47,3.91,530.35,37.98,47.05,-4.47,0.65,540.50,40.62,47.05,-4.47,4.68,531.15,38.18,47.05,-4.47,8.03
Wkly_upswing,BOMDYEING,Smallcap,Textiles,2024-06-28,214.50,2024-07-01,214.50,214.51,0.00,4.01,-1.90,2.88,229.62,7.05,9.37,-4.07,3.91,212.78,-0.80,9.37,-4.07,0.65,223.21,4.06,9.37,-4.07,4.68,218.16,1.71,9.37,-5.42,8.03
Wkly_upswing,CDSL,Largecap,Financials,2024-06-28,1203.70,2024-07-01,1210.00,1203.47,-0.54,0.93,-5.08,2.88,1226.50,1.36,1.36,-5.57,3.91,1264.12,4.47,6.36,-5.57,0.65,1493.25,23.41,29.63,-5.57,4.68,1496.25,23.66,29.63,-5.57,8.03
Wkly_upswing,EMSLIMITED,Smallcap,Realty,2024-06-28,675.00,2024-07-01,675.00,682.70,1.14,3.33,-4.90,2.88,846.35,25.39,25.39,-4.90,3.91,866.70,28.40,34.66,-4.90,0.65,882.75,30.78,34.66,-4.90,4.68,777.80,15.23,34.66,-4.90,8.03
Wkly_upswing,KAVDEFENCE,Smallcap,Aerospace & Defence,2024-06-28,21.56,2024-07-01,21.99,26.22,19.24,19.24,0.00,2.88,32.53,47.93,47.93,0.00,3.91,29.92,36.06,56.93,0.00,0.65,34.98,59.07,59.07,0.00,4.68,40.77,85.40,93.63,0.00,8.03
Wkly_upswing,LGBBROSLTD,Midcap,Auto,2024-06-28,1479.95,2024-07-01,1479.95,1452.40,-1.86,-0.29,-5.08,2.88,1471.40,-0.58,-0.29,-5.08,3.91,1292.30,-12.68,-0.29,-12.85,0.65,1317.00,-11.01,-0.29,-13.63,4.68,1410.90,-4.67,1.40,-13.63,8.03
Wkly_upswing,MGL,Midcap,Energy,2024-06-28,1628.00,2024-07-01,1628.00,1742.10,7.01,7.30,2.23,2.88,1891.70,16.20,16.20,2.23,3.91,1790.70,9.99,16.20,2.23,0.65,1789.15,9.90,16.20,2.23,4.68,1948.60,19.69,19.69,2.23,8.03
Wkly_upswing,NAUKRI,Largecap,I.T,2024-06-28,1363.99,2024-07-01,1363.99,1367.65,0.27,1.83,-3.02,2.88,1401.96,2.78,5.39,-3.02,3.91,1419.67,4.08,5.87,-3.02,0.65,1524.53,11.77,11.77,-3.02,4.68,1587.24,16.37,19.45,-3.02,8.03
Wkly_upswing,SHILPAMED,Largecap,Healthcare,2024-06-28,304.00,2024-07-05,304.00,322.00,5.92,9.89,3.63,0.12,338.12,11.23,15.36,3.63,-1.62,342.93,12.80,16.19,3.63,1.60,382.62,25.86,26.22,3.63,3.82,417.85,37.45,48.34,3.63,5.92
Wkly_upswing,STYLAMIND,Midcap,Building Materials,2024-06-28,2020.55,2024-07-02,2020.55,1991.25,-1.45,2.02,-3.44,2.10,1976.20,-2.19,2.02,-6.66,3.53,1861.60,-7.87,2.02,-7.87,-0.24,1975.15,-2.25,2.02,-7.87,3.98,1986.20,-1.70,7.24,-7.87,7.78
Wkly_upswing,AWHCL,Smallcap,Miscellaneous,2024-07-05,612.00,2024-07-08,612.00,694.35,13.46,13.46,-6.67,-0.53,776.85,26.94,43.97,-6.67,-2.37,758.95,24.01,43.97,-6.67,1.66,711.60,16.27,43.97,-6.67,3.31,719.90,17.63,43.97,-6.67,3.34
Wkly_upswing,CASTROLIND,Midcap,Chemicals,2024-07-05,260.00,2024-07-09,260.00,270.55,4.06,4.08,-5.15,-0.22,255.85,-1.60,4.30,-6.98,-0.53,270.85,4.17,4.30,-6.98,2.04,267.75,2.98,5.71,-6.98,3.45,228.47,-12.13,5.71,-12.13,2.45
Wkly_upswing,CONCORDBIO,Midcap,Healthcare,2024-07-05,1745.00,2024-07-10,1745.00,1694.70,-2.88,-1.38,-4.70,-0.65,1585.45,-9.14,-1.38,-11.54,-1.57,1643.75,-5.80,-1.38,-13.44,1.52,1835.90,5.21,6.23,-13.44,1.78,1836.95,5.27,49.06,-13.44,0.50
Wkly_upswing,LAURUSLABS,Largecap,Healthcare,2024-07-05,481.45,2024-07-08,481.45,430.45,-10.59,-0.32,-10.59,-0.53,422.80,-12.18,-0.32,-12.18,-2.37,444.20,-7.74,-0.32,-12.79,1.66,475.60,-1.22,-0.32,-12.79,3.31,460.80,-4.29,5.36,-12.79,3.34
Wkly_upswing,MARKSANS,Midcap,Healthcare,2024-07-05,189.25,2024-07-08,190.02,187.22,-1.47,1.23,-2.45,-0.53,189.30,-0.38,11.03,-2.45,-2.37,219.79,15.67,16.08,-2.45,1.66,261.30,37.51,37.51,-2.45,3.31,289.10,52.14,67.53,-2.45,3.34
Wkly_upswing,MMFL,Smallcap,"Castings, Forgings & Fasteners",2024-07-05,676.00,2024-07-12,676.00,609.25,-9.87,1.21,-9.87,1.69,575.10,-14.93,1.21,-19.24,-0.39,579.40,-14.29,1.21,-20.64,2.61,567.55,-16.04,1.21,-20.64,2.78,573.25,-15.20,1.21,-20.64,2.58
Wkly_upswing,RECLTD,Largecap,Financials,2024-07-05,587.05,2024-07-08,587.05,595.25,1.40,10.01,1.40,-0.53,565.45,-3.68,10.01,-3.68,-2.37,594.20,1.22,10.01,-3.98,1.66,624.65,6.40,10.01,-3.98,3.31,537.70,-8.41,10.01,-9.77,3.34
Wkly_upswing,SOLARA,Smallcap,Healthcare,2024-07-05,597.35,2024-07-08,597.35,603.90,1.10,4.05,-8.29,-0.53,622.60,4.23,15.49,-8.29,-2.37,696.75,16.64,16.64,-8.29,1.66,749.45,25.46,25.46,-8.29,3.31,774.60,29.67,35.16,-8.29,3.34
Wkly_upswing,SOTL,Smallcap,Energy,2024-07-05,654.90,2024-07-09,654.90,596.40,-8.93,-2.08,-12.06,-0.22,581.85,-11.15,-2.08,-12.27,-0.53,605.20,-7.59,-2.08,-12.27,2.04,587.50,-10.29,-2.08,-12.27,3.45,552.95,-15.57,-2.08,-15.57,2.45
Wkly_upswing,SUNFLAG,Midcap,Metals & Mining,2024-07-05,268.00,2024-07-08,268.00,242.53,-9.50,-0.81,-9.50,-0.53,235.45,-12.15,-0.81,-12.15,-2.37,221.25,-17.44,-0.81,-20.00,1.66,209.84,-21.70,-0.81,-21.70,3.31,229.81,-14.25,-0.81,-23.40,3.34
Wkly_upswing,WALCHANNAG,Smallcap,Industrials,2024-07-05,300.32,2024-07-08,304.85,326.47,7.09,19.35,3.44,-0.53,377.10,23.70,37.41,3.44,-2.37,388.35,27.39,37.41,3.44,1.66,321.80,5.56,37.41,3.44,3.31,288.70,-5.30,37.41,-5.30,3.34
Wkly_upswing,ARTEMISMED,Midcap,Healthcare,2024-07-12,224.60,2024-07-15,224.60,263.65,17.39,17.39,-3.71,1.50,240.50,7.08,18.17,-3.71,-1.69,264.30,17.68,23.13,-3.71,2.32,284.55,26.69,28.16,-3.71,3.52,268.25,19.43,30.52,-3.71,2.23
Wkly_upswing,BIGBLOC,Smallcap,Building Materials,2024-07-12,144.85,2024-07-18,144.85,130.75,-9.73,-3.99,-9.73,1.30,121.88,-15.86,-3.99,-17.78,-0.64,119.47,-17.52,-3.99,-17.78,2.29,136.12,-6.03,-3.99,-17.78,3.12,135.13,-6.71,-3.99,-24.88,2.25
Wkly_upswing,DRREDDY,Largecap,Healthcare,2024-07-12,1349.00,2024-07-15,1350.00,1360.83,0.80,1.91,-1.69,1.50,1389.68,2.94,3.90,-1.69,-1.69,1399.86,3.69,4.63,-1.69,2.25,1322.50,-2.04,4.63,-2.04,1.89,1316.62,-2.47,4.63,-3.67,2.18
Wkly_upswing,INOXWIND,Midcap,Industrials,2024-07-12,175.00,2024-07-15,175.00,175.91,0.52,0.52,-14.51,1.50,215.78,23.30,23.30,-14.51,-1.69,226.31,29.32,30.33,-14.51,2.25,238.53,36.30,38.01,-14.51,1.89,219.18,25.25,45.34,-14.51,2.18
Wkly_upswing,INSPIRISYS,Smallcap,I.T,2024-07-12,137.90,2024-07-15,140.87,175.23,24.39,24.39,-2.74,1.50,155.41,10.32,31.84,-2.74,-1.69,167.10,18.62,31.84,-2.74,2.25,128.04,-9.11,31.84,-9.11,1.89,120.64,-14.36,31.84,-22.64,2.18
Wkly_upswing,JUBLINGREA,Midcap,Chemicals,2024-07-12,614.40,2024-07-15,614.40,607.20,-1.17,-1.17,-9.51,1.50,664.20,8.11,15.32,-9.51,-1.69,653.35,6.34,15.32,-9.51,2.25,739.00,20.28,23.43,-9.51,1.89,732.20,19.17,33.18,-9.51,2.18
Wkly_upswing,PCJEWELLER,Midcap,Consumer Discretionary,2024-07-12,7.09,2024-07-15,7.10,8.94,25.92,25.92,-5.28,1.50,9.47,33.38,33.85,-5.28,-1.69,10.84,52.62,68.79,-5.28,2.25,12.78,79.97,82.06,-5.28,1.89,15.53,118.66,150.94,-5.28,2.18
Wkly_upswing,SBILIFE,Largecap,Financials,2024-07-12,1570.00,2024-07-15,1570.00,1721.05,9.62,11.53,1.58,1.50,1682.40,7.16,12.56,1.58,-1.69,1843.70,17.43,17.43,1.58,2.25,1859.15,18.42,22.84,1.58,1.89,1734.50,10.48,22.84,1.58,2.18
Wkly_upswing,JUSTDIAL,Midcap,I.T,2024-07-19,1304.60,2024-07-22,1304.60,1162.15,-10.92,-1.55,-10.92,-1.36,1265.95,-2.96,-0.27,-11.48,1.87,1264.00,-3.11,3.84,-11.48,4.09,1176.00,-9.86,3.84,-11.85,4.88,1241.05,-4.87,3.84,-12.27,3.59
Wkly_upswing,MANOMAY,Smallcap,Textiles,2024-07-19,255.46,2024-07-26,255.46,298.30,16.77,18.71,-2.36,0.03,286.60,12.19,18.92,-2.36,2.81,234.35,-8.26,18.92,-8.26,2.55,223.40,-12.55,18.92,-16.66,6.38,200.14,-21.66,18.92,-21.66,-0.45
Wkly_upswing,MINDTECK,Smallcap,I.T,2024-07-19,328.80,2024-07-26,336.88,315.08,-6.47,6.02,-6.47,0.03,289.68,-14.01,6.02,-14.01,2.81,292.96,-13.04,6.02,-14.01,2.55,315.60,-6.32,6.02,-14.01,6.38,260.80,-22.58,6.02,-22.76,-0.45
Wkly_upswing,PETRONET,Largecap,Energy,2024-07-19,355.75,2024-07-24,355.75,363.35,2.14,4.68,-1.45,-0.07,381.20,7.15,7.15,-1.45,2.52,367.20,3.22,7.15,-1.45,3.93,322.85,-9.25,7.15,-9.25,4.32,349.45,-1.77,7.15,-9.25,2.52
Wkly_upswing,QUICKHEAL,Smallcap,I.T,2024-07-19,633.30,2024-07-22,633.30,554.95,-12.37,-2.94,-12.37,-1.36,589.10,-6.98,-2.94,-14.99,1.87,690.35,9.01,11.87,-14.99,4.09,685.10,8.18,16.99,-14.99,4.88,771.55,21.83,28.17,-14.99,3.59
Wkly_upswing,ASALCBR,Smallcap,FMCG,2024-07-26,818.00,2024-07-29,852.65,827.10,-3.00,-1.67,-11.36,-1.62,922.70,8.22,8.79,-11.36,1.34,898.15,5.34,10.12,-11.36,1.51,984.50,15.46,17.52,-11.36,4.71,905.95,6.25,17.52,-11.36,-1.94
Wkly_upswing,ELECTCAST,Smallcap,"Castings, Forgings & Fasteners",2024-07-26,217.80,2024-07-30,217.80,201.42,-7.52,-0.46,-10.14,-2.94,216.96,-0.39,2.68,-10.14,0.95,213.88,-1.80,2.68,-10.14,0.59,214.84,-1.36,6.02,-10.14,4.18,167.82,-22.95,6.02,-25.09,-2.59
Wkly_upswing,HDFCLIFE,Largecap,Financials,2024-07-26,709.80,2024-07-29,709.80,702.45,-1.04,0.80,-4.25,-1.62,739.55,4.19,4.19,-4.25,1.34,702.90,-0.97,6.90,-4.25,1.51,720.70,1.54,6.90,-4.25,4.71,723.75,1.97,6.90,-4.25,-1.94
Wkly_upswing,INDBANK,Smallcap,Financials,2024-07-26,58.10,2024-07-29,58.10,49.07,-15.54,-2.41,-18.98,-1.62,49.51,-14.78,-2.41,-18.98,1.34,48.72,-16.14,-2.41,-18.98,1.51,48.47,-16.57,-2.41,-18.98,4.71,42.89,-26.18,-2.41,-26.71,-1.94
Wkly_upswing,KARURVYSYA,Largecap,Bank,2024-07-26,191.12,2024-07-29,191.12,177.80,-6.97,1.08,-9.71,-1.62,188.30,-1.47,1.08,-9.71,1.34,186.62,-2.35,1.08,-9.71,1.51,183.98,-3.73,1.08,-9.71,4.71,179.12,-6.27,1.08,-14.21,-1.94
Wkly_upswing,NTPC,Largecap,Power & Utilities,2024-07-26,399.50,2024-07-29,404.00,400.85,-0.78,4.81,-2.50,-1.62,409.65,1.40,4.81,-2.50,1.34,396.30,-1.91,4.81,-3.50,1.51,428.10,5.97,6.03,-3.55,4.71,408.30,1.06,9.70,-3.55,-1.94
Wkly_upswing,PANSARI,Smallcap,Realty,2024-07-26,140.49,2024-07-29,147.51,123.54,-16.25,0.00,-22.64,-1.62,126.10,-14.51,0.00,-22.64,1.34,134.85,-8.58,0.00,-22.64,1.51,136.75,-7.29,0.00,-22.64,4.71,129.71,-12.07,0.00,-22.64,-1.94
Wkly_upswing,PIGL,Smallcap,Industrials,2024-07-26,100.18,2024-07-29,105.18,131.92,25.42,25.42,0.00,-1.62,160.77,52.85,52.85,0.00,1.34,180.86,71.95,79.05,0.00,1.51,163.12,55.09,79.05,0.00,4.71,228.04,116.81,144.77,0.00,-1.94
Wkly_upswing,QUESS,Midcap,Miscellaneous,2024-07-26,729.90,2024-07-29,729.90,710.35,-2.68,-1.19,-10.23,-1.62,801.85,9.86,9.86,-10.23,1.34,824.55,12.97,14.06,-10.23,1.51,828.65,13.53,18.42,-10.23,4.71,709.45,-2.80,18.42,-10.23,-1.94
Wkly_upswing,SIKKO,Smallcap,Chemicals,2024-07-26,5.61,2024-07-29,5.74,5.69,-0.84,-0.44,-8.53,-1.62,5.50,-4.09,-0.44,-8.53,1.34,5.71,-0.45,5.35,-9.69,1.51,5.43,-5.40,5.35,-9.69,4.71,4.54,-20.90,5.35,-20.90,-1.94
Wkly_upswing,STAR,Midcap,Healthcare,2024-07-26,1032.00,2024-07-29,1032.00,1127.80,9.28,10.73,-0.18,-1.62,1318.95,27.81,28.58,-0.18,1.34,1350.00,30.81,32.33,-0.18,1.51,1395.50,35.22,35.22,-0.18,4.71,1560.25,51.19,59.23,-0.18,-1.94
Wkly_upswing,IEX,Midcap,Financials,2024-08-02,197.80,2024-08-07,197.80,195.55,-1.14,0.04,-6.06,4.44,209.34,5.83,5.83,-6.06,5.88,225.41,13.96,15.30,-6.06,6.29,207.95,5.13,21.02,-6.06,4.86,179.35,-9.33,21.02,-10.88,1.69
Wkly_upswing,JINDALSAW,Midcap,Industrials,2024-08-02,332.00,2024-08-09,332.00,351.55,5.89,5.89,-7.12,3.77,341.88,2.97,7.65,-7.12,3.51,360.60,8.61,8.63,-7.12,7.37,373.82,12.60,12.61,-7.12,3.55,325.30,-2.02,12.61,-9.08,-0.11
Wkly_upswing,KFINTECH,Midcap,Financials,2024-08-02,898.00,2024-08-08,898.00,993.15,10.60,19.75,1.22,2.49,989.60,10.20,27.84,1.22,2.75,1054.45,17.42,27.84,1.22,5.89,990.50,10.30,27.84,1.22,1.46,1009.60,12.43,27.84,1.22,-1.45
Wkly_upswing,MCX,Largecap,Financials,2024-08-02,880.00,2024-08-09,880.00,976.27,10.94,10.94,-0.96,3.77,1052.26,19.58,22.63,-0.96,3.51,1174.91,33.51,33.51,-0.96,7.37,1200.49,36.42,36.42,-0.96,3.55,1307.76,48.61,55.11,-0.96,-0.11
Wkly_upswing,SJS,Midcap,Auto,2024-08-02,1020.00,2024-08-08,1020.00,991.50,-2.79,2.85,-4.51,2.49,965.35,-5.36,2.85,-5.36,2.75,1004.45,-1.52,2.85,-8.62,5.89,905.50,-11.23,2.85,-11.23,1.46,1230.90,20.68,23.80,-11.23,-1.45
Wkly_upswing,AIRAN,Smallcap,I.T,2024-08-09,38.99,2024-08-12,38.99,38.85,-0.36,13.75,-1.31,2.97,38.88,-0.28,13.75,-7.16,3.14,38.23,-1.95,13.75,-7.16,6.40,35.22,-9.67,13.75,-13.39,2.95,35.26,-9.57,13.75,-17.44,0.47
Wkly_upswing,IMAGICAA,Smallcap,Media,2024-08-09,96.30,2024-08-12,96.30,97.26,1.00,5.20,-5.04,2.97,90.88,-5.63,5.20,-6.17,3.14,84.14,-12.63,5.20,-15.86,6.40,79.88,-17.05,5.20,-20.82,2.95,77.62,-19.40,5.20,-24.11,0.47
Wkly_upswing,NORBTEAEXP,Smallcap,FMCG,2024-08-09,15.13,2024-08-12,15.13,15.79,4.36,9.65,-14.34,2.97,18.77,24.06,24.06,-14.34,3.14,24.80,63.91,74.22,-14.34,6.40,20.22,33.64,74.22,-14.34,2.95,17.79,17.58,74.22,-14.34,0.47
Wkly_upswing,AAREYDRUGS,Smallcap,Healthcare,2024-08-16,63.66,2024-08-19,65.00,71.26,9.63,12.08,-7.60,3.05,68.82,5.88,13.25,-7.60,3.95,70.88,9.05,13.25,-7.60,5.16,67.87,4.42,13.25,-7.60,2.95,60.18,-7.42,13.25,-11.49,-3.15
Wkly_upswing,GULFOILLUB,Midcap,Chemicals,2024-08-16,1388.00,2024-08-22,1388.00,1427.05,2.81,6.50,-0.26,1.69,1396.80,0.63,6.50,-3.66,2.08,1326.65,-4.42,6.50,-4.42,0.71,1281.85,-7.65,6.50,-9.55,0.31,1072.75,-22.71,6.50,-22.71,-6.29
Wkly_upswing,JUBLFOOD,Largecap,Consumer Discretionary,2024-08-16,656.00,2024-08-21,656.00,650.20,-0.88,0.82,-1.41,2.01,675.65,3.00,3.51,-2.07,2.66,635.15,-3.18,8.06,-3.18,2.04,612.40,-6.65,8.06,-6.65,0.42,608.15,-7.29,8.06,-13.55,-5.66
Wkly_upswing,SARDAEN,Midcap,Metals & Mining,2024-08-16,338.90,2024-08-19,340.30,344.60,1.26,3.34,-2.95,3.05,391.45,15.03,15.03,-2.95,3.95,443.00,30.18,33.26,-2.95,5.16,511.65,50.35,50.51,-2.95,2.95,446.25,31.13,50.51,-2.95,-3.15
Wkly_upswing,STOVEKRAFT,Smallcap,Consumer Discretionary,2024-08-16,744.90,2024-08-19,744.90,865.90,16.24,16.24,1.64,3.05,937.40,25.84,25.84,1.64,3.95,891.45,19.67,26.08,1.64,5.16,894.60,20.10,26.08,1.64,2.95,767.30,3.01,26.08,1.64,-3.15
Wkly_upswing,SUBROS,Smallcap,Auto,2024-08-16,758.55,2024-08-19,758.55,769.75,1.48,6.95,-4.61,3.05,771.60,1.72,6.95,-4.61,3.95,758.05,-0.07,6.95,-4.61,5.16,692.55,-8.70,6.95,-12.26,2.95,640.65,-15.54,6.95,-19.00,-3.15
Wkly_upswing,UNIVASTU,Smallcap,Realty,2024-08-16,79.42,2024-08-19,79.42,65.10,-18.03,-4.29,-19.58,3.05,71.13,-10.43,-4.29,-24.63,3.95,74.24,-6.51,-4.17,-24.63,5.16,75.17,-5.35,-4.17,-24.63,2.95,77.49,-2.42,10.37,-24.63,-3.15
Wkly_upswing,BALPHARMA,Smallcap,Healthcare,2024-08-23,147.00,2024-08-26,147.00,134.44,-8.54,3.80,-10.18,0.36,130.71,-11.08,3.80,-13.44,4.10,133.79,-8.99,3.80,-14.10,0.40,122.59,-16.61,3.80,-16.61,-2.58,134.50,-8.50,3.80,-22.31,-6.82
Wkly_upswing,ONIDA,Smallcap,Consumer Discretionary,2024-08-23,32.03,2024-08-26,32.80,26.89,-18.02,-7.26,-18.02,0.36,24.55,-25.15,-7.26,-26.25,4.10,22.16,-32.44,-7.26,-33.45,0.40,20.96,-36.10,-7.26,-36.10,-2.58,19.15,-41.62,-7.26,-41.62,-6.82
Wkly_upswing,TREJHARA,Smallcap,I.T,2024-08-23,248.90,2024-08-28,249.90,250.06,0.06,5.25,-11.08,-0.31,288.19,15.32,17.67,-11.08,3.25,273.20,9.32,17.67,-11.08,-0.03,243.70,-2.48,17.67,-11.08,-3.46,239.99,-3.97,17.67,-11.08,-4.45
Wkly_upswing,TRIVENI,Midcap,FMCG,2024-08-23,482.00,2024-08-30,482.00,473.90,-1.68,-1.07,-4.09,1.26,470.15,-2.46,5.29,-4.09,3.63,435.10,-9.73,5.29,-9.79,0.40,397.20,-17.59,5.29,-18.63,-4.15,397.20,-17.59,5.29,-25.03,-3.98
Wkly_upswing,UMIYA-MRO,Smallcap,Telecom,2024-08-23,98.86,2024-08-26,100.00,113.16,13.16,15.25,7.37,0.36,120.34,20.34,26.18,7.37,4.10,104.52,4.52,26.18,1.98,0.40,90.99,-9.01,26.18,-9.36,-2.58,83.73,-16.27,26.18,-17.13,-6.82
Wkly_upswing,GOODLUCK,Midcap,Metals & Mining,2024-08-30,393.00,2024-09-02,393.00,430.42,9.52,9.52,-2.74,0.98,389.02,-1.01,10.39,-2.98,2.15,355.05,-9.66,10.39,-9.87,0.00,312.02,-20.61,10.39,-23.30,-3.96,331.22,-15.72,10.39,-23.30,-5.14
Wkly_upswing,HCLTECH,Largecap,I.T,2024-08-30,1766.30,2024-09-02,1766.30,1811.85,2.58,2.63,-1.11,0.98,1796.10,1.69,2.69,-1.69,2.15,1870.10,5.88,5.88,-1.69,0.00,1871.75,5.97,5.97,-1.69,-3.96,1840.90,4.22,7.54,-1.69,-5.14
Wkly_upswing,INDOTHAI,Smallcap,Financials,2024-08-30,43.81,2024-09-02,43.81,67.14,53.24,56.37,1.11,0.98,76.50,74.62,74.62,1.11,2.15,91.08,107.90,107.90,1.11,0.00,100.80,130.08,132.82,1.11,-3.96,110.03,151.16,159.43,1.11,-5.14
Wkly_upswing,MODIRUBBER,Smallcap,Miscellaneous,2024-08-30,130.46,2024-09-02,130.46,142.86,9.50,18.46,-2.52,0.98,129.15,-1.00,18.46,-2.52,2.15,132.00,1.18,18.46,-4.44,0.00,114.99,-11.86,18.46,-11.86,-3.96,126.06,-3.37,18.46,-11.86,-5.14
Wkly_upswing,PANSARI,Smallcap,Realty,2024-08-30,138.41,2024-09-03,138.41,128.10,-7.45,-2.57,-7.51,0.88,126.39,-8.68,-1.20,-12.20,2.15,125.95,-9.00,-1.20,-16.81,-0.37,138.41,0.00,0.00,-16.81,-4.25,168.00,21.38,45.31,-16.81,-4.52
Wkly_upswing,VARDMNPOLY,Smallcap,Textiles,2024-08-30,12.35,2024-09-02,12.96,11.15,-13.97,0.00,-14.51,0.98,13.40,3.40,4.01,-14.51,2.15,11.80,-8.95,5.32,-14.51,0.00,9.60,-25.93,5.32,-25.93,-3.96,10.07,-22.30,5.32,-30.17,-5.14
Wkly_upswing,IPCALAB,Largecap,Healthcare,2024-09-06,1460.00,2024-09-12,1460.00,1479.05,1.30,2.63,-1.74,4.10,1655.05,13.36,13.36,-1.74,0.34,1582.85,8.41,16.66,-1.74,-4.39,1558.65,6.76,16.66,-1.74,-3.76,1534.35,5.09,16.66,-1.74,-0.92
Wkly_upswing,NESCO,Midcap,Realty,2024-09-06,1023.90,2024-09-11,1023.90,948.60,-7.35,-3.97,-8.84,3.08,950.10,-7.21,-3.97,-11.60,-0.19,906.60,-11.46,-2.61,-12.30,-3.62,1009.30,-1.43,-1.43,-13.13,-3.54,1050.85,2.63,4.02,-13.13,-1.49
Wkly_upswing,COFORGE,Largecap,I.T,2024-09-13,1408.79,2024-09-16,1408.79,1403.29,-0.39,-0.39,-2.60,1.32,1493.99,6.05,6.05,-2.60,-0.80,1550.75,10.08,10.08,-3.46,-4.74,1619.85,14.98,14.98,-3.46,-6.67,1839.19,30.55,30.55,-3.46,-2.81
Wkly_upswing,HIKAL,Smallcap,Healthcare,2024-09-13,407.45,2024-09-18,407.45,366.85,-9.96,-5.14,-9.96,-0.89,368.45,-9.57,-5.14,-16.66,-2.47,380.65,-6.58,-5.14,-16.66,-5.34,403.85,-0.88,-0.88,-16.66,-8.37,405.85,-0.39,9.15,-16.66,-2.58
Wkly_upswing,BSE,Largecap,Financials,2024-09-20,1350.00,2024-09-23,1350.00,1414.22,4.76,4.76,-9.98,-2.82,1363.42,0.99,18.75,-9.98,-5.70,1534.32,13.65,18.75,-9.98,-6.26,1565.05,15.93,20.30,-9.98,-9.81,1930.48,43.00,43.00,-9.98,-5.96
Wkly_upswing,VISACHROME,Smallcap,Metals & Mining,2024-09-20,29.76,2024-09-23,31.24,34.44,10.24,10.24,0.00,-2.82,34.35,9.96,15.75,0.00,-5.70,29.27,-6.31,15.75,-6.31,-6.26,35.23,12.77,15.75,-14.31,-9.81,30.82,-1.34,15.75,-14.31,-5.96
Wkly_upswing,CLSEL,Smallcap,FMCG,2024-09-27,308.20,2024-09-30,308.20,326.55,5.95,10.64,-1.68,-3.08,306.30,-0.62,10.64,-3.83,-6.92,344.40,11.75,15.40,-3.83,-8.81,335.30,8.79,15.40,-3.83,-8.07,413.75,34.25,35.51,-3.83,-8.35
Wkly_upswing,IL&FSENGG,Smallcap,Realty,2024-09-27,44.01,2024-09-30,44.89,43.16,-3.85,6.08,-3.85,-3.08,46.20,2.92,6.08,-14.17,-6.92,46.90,4.48,9.04,-14.17,-8.81,42.30,-5.77,9.04,-14.17,-8.07,41.00,-8.67,9.04,-14.17,-8.35
Wkly_upswing,SRHHYPOLTD,Smallcap,Chemicals,2024-09-27,779.00,2024-10-04,779.00,810.05,3.99,15.34,-1.55,-1.32,782.80,0.49,15.34,-10.10,-3.92,653.25,-16.14,15.34,-17.91,-7.81,701.10,-10.00,15.34,-17.91,-3.09,779.60,0.08,15.34,-17.91,-5.81
Wkly_upswing,VAKRANGEE,Smallcap,I.T,2024-09-27,33.30,2024-09-30,33.30,30.15,-9.46,7.30,-17.00,-3.08,25.92,-22.16,7.30,-22.16,-6.92,24.02,-27.87,7.30,-27.87,-8.81,24.22,-27.27,7.30,-33.18,-8.07,33.14,-0.48,7.30,-33.18,-8.35
Wkly_upswing,ASIANHOTNR,Smallcap,Services,2024-10-04,227.89,2024-10-07,234.00,190.15,-18.74,-7.48,-18.74,-1.15,194.99,-16.67,-7.48,-24.91,-4.32,191.32,-18.24,-7.48,-24.91,-6.50,231.18,-1.21,-1.21,-24.91,-1.85,328.65,40.45,43.80,-24.91,-3.04
Wkly_upswing,EMUDHRA,Midcap,I.T,2024-10-11,971.00,2024-10-14,971.00,883.25,-9.04,-1.80,-9.91,-4.07,898.35,-7.48,-1.80,-10.55,-4.32,899.45,-7.37,-1.80,-10.55,-3.89,908.55,-6.43,-1.80,-10.55,-1.07,924.30,-4.81,2.00,-10.55,-6.63
Wkly_upswing,PAVNAIND,Smallcap,Auto,2024-10-11,72.25,2024-10-14,74.50,59.35,-20.33,-3.67,-20.33,-4.07,59.57,-20.03,-3.67,-20.33,-4.32,56.16,-24.61,-3.67,-25.83,-3.89,54.74,-26.51,-3.67,-26.91,-1.07,49.86,-33.07,-3.67,-38.63,-6.63
Wkly_upswing,GUFICBIO,Smallcap,Healthcare,2024-10-18,448.00,2024-10-21,448.00,465.45,3.90,3.90,-6.46,-3.94,423.10,-5.56,8.36,-8.76,-6.13,445.10,-0.65,8.36,-9.83,-1.46,449.45,0.32,8.36,-9.83,-2.16,463.75,3.52,8.36,-9.83,-7.36
Wkly_upswing,SUPREMEINF,Smallcap,Realty,2024-10-18,124.75,2024-10-21,127.24,126.61,-0.50,1.99,-7.84,-3.94,124.95,-1.80,8.45,-7.84,-6.13,130.68,2.70,8.45,-8.45,-1.46,152.03,19.48,26.96,-8.45,-2.16,121.74,-4.32,26.96,-8.45,-7.36
Wkly_upswing,BSL,Smallcap,Textiles,2024-11-01,267.00,2024-11-04,267.00,223.04,-16.46,-1.85,-17.34,-3.59,269.21,0.83,7.03,-17.93,1.21,276.16,3.43,7.85,-17.93,0.49,277.75,4.03,22.65,-17.93,-0.02,199.75,-25.19,22.65,-27.49,-6.69
Wkly_upswing,ECLERX,Midcap,I.T,2024-11-08,1715.00,2024-11-12,1715.00,1727.92,0.75,0.96,-8.78,-0.34,1917.42,11.80,11.80,-8.78,2.94,1825.05,6.42,11.80,-8.78,-0.65,1634.97,-4.67,11.80,-8.78,-3.51,1590.25,-7.27,11.80,-13.09,-4.07
Wkly_upswing,VIJIFIN,Smallcap,Financials,2024-11-08,3.60,2024-11-11,3.66,3.23,-11.75,12.84,-15.03,0.20,3.43,-6.28,12.84,-15.03,3.15,3.25,-11.20,12.84,-15.03,-0.95,3.05,-16.67,12.84,-16.67,-2.65,2.77,-24.32,12.84,-24.32,-3.80
Wkly_upswing,VIMTALABS,Smallcap,Healthcare,2024-11-08,347.02,2024-11-11,368.48,446.75,21.24,21.66,-2.03,0.20,459.38,24.67,27.10,-2.03,3.15,495.75,34.54,35.73,-2.03,-0.95,490.32,33.07,38.55,-2.03,-2.65,467.77,26.95,38.55,-2.03,-3.80
Wkly_upswing,ASTERDM,Largecap,Healthcare,2024-11-29,510.00,2024-12-02,510.00,480.80,-5.73,-2.83,-5.82,2.93,513.95,0.77,1.77,-5.82,-1.37,499.80,-2.00,2.78,-5.82,-5.32,473.45,-7.17,2.78,-7.17,-7.77,404.65,-20.66,2.78,-20.76,-9.78
Wkly_upswing,CAPACITE,Smallcap,Realty,2024-11-29,437.00,2024-12-02,437.00,440.95,0.90,0.98,-2.06,2.93,435.00,-0.46,4.16,-2.06,-1.37,377.70,-13.57,4.16,-14.85,-5.32,341.25,-21.91,4.16,-21.91,-7.77,323.30,-26.02,4.16,-28.15,-9.78
Wkly_upswing,LAURUSLABS,Largecap,Healthcare,2024-11-29,570.00,2024-12-02,570.00,573.55,0.62,3.46,-1.09,2.93,602.70,5.74,5.74,-1.89,-1.37,568.00,-0.35,8.01,-1.92,-5.32,510.75,-10.39,8.01,-10.39,-7.77,536.75,-5.83,12.52,-10.39,-9.78
Wkly_upswing,XPROINDIA,Smallcap,Industrials,2024-11-29,1498.55,2024-12-02,1498.55,1528.00,1.97,6.34,-1.22,2.93,1489.05,-0.63,9.07,-1.22,-1.37,1374.70,-8.26,9.07,-8.26,-5.32,1147.80,-23.41,9.07,-23.41,-7.77,1151.90,-23.13,9.07,-27.54,-9.78
Wkly_upswing,AGI,Midcap,Industrials,2024-12-06,1226.10,2024-12-09,1226.10,1185.65,-3.30,4.76,-5.09,-3.86,1070.15,-12.72,4.76,-18.49,-4.16,971.70,-20.75,4.76,-23.33,-8.06,769.80,-37.22,4.76,-39.96,-8.19,656.85,-46.43,4.76,-48.60,-14.56
Wkly_upswing,ARIHANTSUP,Smallcap,Realty,2024-12-06,424.00,2024-12-09,424.00,444.20,4.76,10.20,2.78,-3.86,537.15,26.69,26.69,2.78,-4.16,508.20,19.86,28.04,2.78,-8.06,505.20,19.15,28.04,2.78,-8.19,394.20,-7.03,28.04,-7.68,-14.56
Wkly_upswing,MONTECARLO,Smallcap,Textiles,2024-12-06,977.00,2024-12-10,977.00,849.55,-13.05,-2.54,-13.05,-3.82,749.80,-23.25,-2.54,-24.67,-4.55,661.50,-32.29,-2.54,-32.96,-8.14,683.90,-30.00,-2.54,-33.89,-6.72,565.40,-42.13,-2.54,-44.94,-13.03
Wkly_upswing,NELCO,Smallcap,Telecom,2024-12-06,1349.00,2024-12-09,1349.00,1300.75,-3.58,8.52,-3.58,-3.86,1330.40,-1.38,8.52,-7.02,-4.16,1118.00,-17.12,8.52,-17.12,-8.06,987.05,-26.83,8.52,-28.31,-8.19,768.60,-43.02,8.52,-44.67,-14.56
Wkly_upswing,TIMETECHNO,Midcap,Plastic products,2024-12-06,242.50,2024-12-09,243.00,236.85,-2.53,3.14,-3.87,-3.86,235.62,-3.03,3.14,-5.02,-4.16,203.32,-16.33,3.14,-17.87,-8.06,186.70,-23.17,3.14,-24.57,-8.19,180.88,-25.57,3.14,-27.40,-14.56
Wkly_upswing,BLS,Midcap,I.T,2024-12-13,481.85,2024-12-16,481.85,483.00,0.24,1.74,-2.58,-4.21,430.20,-10.72,4.91,-10.73,-8.04,414.50,-13.98,4.91,-13.98,-10.42,423.95,-12.02,4.91,-13.98,-8.51,327.00,-32.14,4.91,-32.14,-13.08
Wkly_upswing,BYKE,Smallcap,Services,2024-12-13,97.56,2024-12-16,99.79,94.21,-5.59,2.59,-5.78,-4.21,81.93,-17.90,2.59,-17.90,-8.04,77.25,-22.59,2.59,-22.59,-10.42,76.99,-22.85,2.59,-22.85,-8.51,62.87,-37.00,2.59,-41.45,-13.08
Wkly_upswing,GOKEX,Smallcap,Readymade Garments/Apparels,2024-12-13,1210.00,2024-12-16,1210.00,1132.30,-6.42,3.30,-8.74,-4.21,1025.95,-15.21,3.30,-15.59,-8.04,900.95,-25.54,3.30,-25.54,-10.42,959.35,-20.71,3.30,-25.54,-8.51,817.00,-32.48,3.30,-37.81,-13.08
Wkly_upswing,ORBTEXP,Smallcap,Textiles,2024-12-13,279.10,2024-12-16,283.70,226.19,-20.27,-1.85,-22.65,-4.21,202.14,-28.75,-1.85,-30.32,-8.04,202.64,-28.57,-1.85,-30.32,-10.42,181.30,-36.09,-1.85,-36.09,-8.51,149.27,-47.38,-1.85,-48.54,-13.08
Wkly_upswing,RELIGARE,Midcap,Financials,2024-12-13,307.30,2024-12-16,307.30,273.85,-10.89,0.70,-10.89,-4.21,274.35,-10.72,0.70,-11.57,-8.04,243.60,-20.73,0.70,-20.73,-10.42,246.11,-19.91,0.70,-23.08,-8.51,240.33,-21.79,0.70,-27.43,-13.08
Wkly_upswing,RVHL,Smallcap,Realty,2024-12-13,77.53,2024-12-16,80.50,72.31,-10.17,-0.27,-10.17,-4.21,67.26,-16.45,-0.27,-19.19,-8.04,60.77,-24.51,-0.27,-24.93,-10.42,55.59,-30.94,-0.27,-30.94,-8.51,50.00,-37.89,-0.27,-37.89,-13.08
Wkly_upswing,SARLAPOLY,Smallcap,Textiles,2024-12-13,128.50,2024-12-16,128.50,112.27,-12.63,-0.52,-13.16,-4.21,89.81,-30.11,-0.52,-30.11,-8.04,79.79,-37.91,-0.52,-37.91,-10.42,85.33,-33.60,-0.52,-37.91,-8.51,76.30,-40.62,-0.52,-45.33,-13.08
Wkly_upswing,SETCO,Smallcap,Auto,2024-12-13,18.80,2024-12-16,19.74,18.38,-6.89,6.84,-9.17,-4.21,20.00,1.32,6.84,-9.68,-8.04,16.46,-16.62,6.84,-16.62,-10.42,19.30,-2.23,6.84,-17.63,-8.51,18.17,-7.95,6.84,-17.63,-13.08
Wkly_upswing,SWANCORP,Midcap,Textiles,2024-12-13,804.40,2024-12-16,804.40,719.20,-10.59,-2.80,-11.16,-4.21,639.50,-20.50,-2.80,-25.22,-8.04,530.05,-34.11,-2.80,-34.11,-10.42,517.70,-35.64,-2.80,-35.64,-8.51,413.40,-48.61,-2.80,-49.32,-13.08
Wkly_upswing,VEDL,Largecap,Metals & Mining,2024-12-13,526.60,2024-12-16,526.60,444.45,-15.60,-2.50,-16.51,-4.21,430.60,-18.23,-2.50,-21.44,-8.04,425.35,-19.23,-2.50,-21.44,-10.42,435.80,-17.24,-2.50,-21.44,-8.51,441.55,-16.15,-2.50,-25.04,-13.08
Wkly_upswing,VIDHIING,Smallcap,Chemicals,2024-12-13,569.05,2024-12-16,569.05,528.50,-7.13,-0.20,-8.35,-4.21,459.10,-19.32,-0.20,-24.32,-8.04,496.05,-12.83,-0.20,-24.32,-10.42,460.10,-19.15,-0.20,-24.32,-8.51,454.30,-20.17,-0.20,-27.45,-13.08
Wkly_upswing,WANBURY,Smallcap,Healthcare,2024-12-13,321.85,2024-12-17,321.85,296.20,-7.97,-0.59,-16.98,-4.18,250.15,-22.28,-0.59,-29.13,-7.71,217.30,-32.48,-0.59,-32.48,-9.02,215.15,-33.15,-0.59,-35.44,-10.29,203.69,-36.71,-0.59,-50.20,-13.22
Wkly_upswing,WIPL,Smallcap,Building Materials,2024-12-13,245.26,2024-12-18,245.26,244.99,-0.11,6.40,-1.52,-1.20,213.15,-13.09,6.40,-13.74,-5.98,214.77,-12.43,6.40,-17.04,-7.79,200.55,-18.23,6.40,-18.87,-9.47,190.00,-22.53,6.40,-27.69,-12.64
Wkly_upswing,UCAL,Smallcap,Auto,2024-12-20,226.41,2024-12-23,226.41,187.96,-16.98,3.93,-17.53,0.10,173.83,-23.22,3.93,-23.22,-3.97,161.84,-28.52,3.93,-29.37,-2.65,142.99,-36.84,3.93,-36.84,-7.65,133.34,-41.11,3.93,-43.29,-5.60
Wkly_upswing,VAKRANGEE,Smallcap,I.T,2024-12-20,34.96,2024-12-30,34.96,31.04,-11.21,6.46,-11.21,-5.35,27.86,-20.31,6.46,-20.31,-6.84,17.58,-49.71,6.46,-49.71,-3.56,15.02,-57.04,6.46,-57.15,-7.82,10.96,-68.65,6.46,-68.65,-4.49
Wkly_upswing,ZOTA,Smallcap,Healthcare,2024-12-20,822.00,2024-12-23,822.00,968.50,17.82,17.82,-4.28,0.10,1015.00,23.48,24.11,-4.28,-3.97,935.15,13.77,24.11,-4.28,-4.11,865.80,5.33,24.11,-4.28,-7.47,792.50,-3.59,24.11,-5.87,-6.52
Wkly_upswing,AARTECH,Smallcap,Industrials,2025-01-03,91.05,2025-01-06,93.95,71.51,-23.89,6.84,-23.89,-3.96,67.81,-27.82,6.84,-32.11,-4.96,66.52,-29.20,6.84,-32.90,-9.14,57.67,-38.62,6.84,-38.62,-12.38,52.14,-44.50,6.84,-45.38,-6.35
Wkly_upswing,NORBTEAEXP,Smallcap,FMCG,2025-01-03,26.32,2025-01-06,26.46,23.57,-10.92,2.80,-10.92,-3.96,26.01,-1.70,2.80,-10.92,-4.96,36.54,38.10,38.10,-10.92,-9.14,47.14,78.16,78.16,-10.92,-12.38,39.90,50.79,92.82,-10.92,-6.35
Wkly_upswing,WELENT,Midcap,Realty,2025-01-03,653.45,2025-01-06,653.45,607.75,-6.99,-0.34,-8.17,-3.96,603.15,-7.70,-0.34,-9.55,-4.96,494.65,-24.30,-0.34,-24.30,-9.14,418.85,-35.90,-0.34,-36.12,-12.38,500.70,-23.38,-0.34,-36.12,-6.35
Wkly_upswing,JINDRILL,Smallcap,Energy,2025-02-01,977.70,2025-02-04,977.70,846.55,-13.41,-0.69,-14.57,-3.70,865.35,-11.49,-0.69,-21.80,-5.35,935.30,-4.34,-0.69,-21.80,-1.55,810.70,-17.08,-0.69,-21.80,-2.79,598.05,-38.83,-0.69,-38.83,2.06
Wkly_upswing,NORBTEAEXP,Smallcap,FMCG,2025-02-14,36.54,2025-02-17,38.36,48.08,25.34,25.34,0.00,-3.47,44.25,15.35,33.00,0.00,1.12,41.89,9.20,33.00,-9.83,2.96,42.50,10.79,33.00,-9.83,7.04,37.20,-3.02,33.00,-9.83,10.17
Wkly_upswing,DECCANCE,Smallcap,Building Materials,2025-02-21,907.00,2025-02-24,907.00,825.90,-8.94,-0.93,-14.28,-1.87,782.55,-13.72,-0.93,-15.28,2.83,743.65,-18.01,-0.93,-19.87,0.30,784.85,-13.47,-0.93,-19.87,6.87,768.55,-15.26,-0.93,-19.87,10.10
Wkly_upswing,ASALCBR,Smallcap,FMCG,2025-03-21,1459.90,2025-03-24,1460.00,1128.95,-22.67,-2.91,-24.95,-3.73,1288.20,-11.77,-2.91,-25.98,2.70,1083.90,-25.76,-2.91,-28.94,5.82,1071.80,-26.59,-2.91,-28.94,7.68,1056.20,-27.66,-2.91,-28.94,8.12
Wkly_upswing,BHARTIHEXA,Largecap,Telecom-Service,2025-04-17,1642.80,2025-04-21,1642.80,1692.40,3.02,3.45,-3.52,1.27,1669.20,1.61,7.03,-3.52,4.17,1887.20,14.88,14.88,-3.52,4.75,1739.20,5.87,14.88,-3.52,6.00,1774.70,8.03,20.81,-3.52,8.15
Wkly_upswing,HDFCBANK,Largecap,Bank,2025-04-17,959.85,2025-04-21,962.00,965.85,0.40,1.96,-0.79,1.27,957.45,-0.47,1.96,-1.78,4.17,962.30,0.03,1.96,-1.78,4.75,964.80,0.29,2.85,-1.78,6.00,997.75,3.72,5.08,-1.78,8.15
Wkly_upswing,CHOICEIN,Midcap,Financials,2025-04-25,635.00,2025-04-28,635.70,658.60,3.60,3.60,-4.01,2.29,705.00,10.90,11.13,-4.01,4.43,711.65,11.95,12.44,-4.01,6.83,707.25,11.26,12.44,-4.01,5.79,763.90,20.17,20.17,-4.01,6.74
Wkly_upswing,PANACEABIO,Smallcap,Healthcare,2025-04-25,549.05,2025-04-29,549.05,566.20,3.12,3.12,-10.90,1.80,545.10,-0.72,3.12,-10.90,3.07,460.15,-16.19,3.12,-19.65,5.59,424.15,-22.75,3.12,-24.41,5.41,432.20,-21.28,3.12,-26.40,6.00
Wkly_upswing,PARAS,Midcap,Aerospace & Defence,2025-05-02,734.48,2025-05-09,734.48,818.45,11.43,22.50,-6.05,4.29,823.55,12.13,22.50,-6.05,6.05,827.10,12.61,22.50,-6.05,5.48,933.60,27.11,27.11,-6.05,7.87,631.85,-13.97,27.11,-13.97,3.80
Wkly_upswing,NAZARA,Midcap,I.T,2025-05-09,276.62,2025-05-12,278.75,318.60,14.30,17.16,4.56,5.69,312.90,12.25,17.16,4.56,7.64,329.82,18.32,19.47,4.56,6.12,335.73,20.44,24.22,4.56,8.65,340.50,22.15,28.29,4.56,5.47
Wkly_upswing,AIIL,Largecap,Financials,2025-05-16,432.80,2025-05-19,433.22,477.50,10.22,10.22,0.24,-0.16,496.68,14.65,17.10,0.24,0.98,526.14,21.45,25.56,0.24,3.26,522.54,20.62,25.56,0.24,1.92,575.52,32.85,33.89,0.24,-1.04
Wkly_upswing,CAMLINFINE,Smallcap,Chemicals,2025-05-16,202.00,2025-05-19,202.00,242.44,20.02,23.24,-6.97,-0.16,318.40,57.62,57.62,-6.97,0.98,313.80,55.35,62.14,-6.97,3.26,293.75,45.42,62.14,-6.97,1.92,226.20,11.98,62.14,-6.97,-1.04
Wkly_upswing,INDIAGLYCO,Smallcap,FMCG,2025-05-16,890.00,2025-05-19,890.00,953.95,7.19,7.32,-3.53,-0.16,954.20,7.21,7.60,-3.53,0.98,1031.55,15.90,15.90,-3.53,3.26,1017.75,14.35,18.64,-3.53,1.92,909.25,2.16,18.64,-6.37,-1.04
Wkly_upswing,KALYANIFRG,Smallcap,"Castings, Forgings & Fasteners",2025-05-16,807.35,2025-05-19,847.70,718.95,-15.19,0.00,-15.19,-0.16,727.35,-14.20,0.00,-16.05,0.98,746.45,-11.94,0.00,-16.05,3.26,738.50,-12.88,0.00,-16.05,1.92,701.90,-17.20,0.00,-18.41,-1.04
Wkly_upswing,KANPRPLA,Smallcap,Industrials,2025-05-16,195.94,2025-05-19,210.10,236.53,12.58,15.54,1.99,-0.16,198.79,-5.38,15.54,-9.89,0.98,208.26,-0.88,15.54,-9.89,3.26,200.46,-4.59,15.54,-9.89,1.92,210.49,0.19,15.54,-9.89,-1.04
Wkly_upswing,SILGO,Smallcap,Consumer Discretionary,2025-05-23,59.90,2025-05-26,60.00,55.40,-7.67,-3.65,-12.95,2.41,54.95,-8.42,-3.65,-13.17,0.97,53.53,-10.78,-3.65,-13.17,3.38,54.61,-8.98,-2.62,-13.17,2.62,59.51,-0.82,-0.82,-13.17,1.25
Wkly_upswing,IFBAGRO,Smallcap,FMCG,2025-05-30,718.00,2025-06-02,718.00,746.60,3.98,14.67,2.97,1.29,746.70,4.00,14.67,2.22,3.58,700.00,-2.51,14.67,-2.88,2.22,833.55,16.09,16.09,-2.88,0.20,797.50,11.07,28.04,-2.88,-0.15
Wkly_upswing,PANSARI,Smallcap,Realty,2025-05-30,254.37,2025-06-03,256.40,234.23,-8.65,0.00,-8.65,0.64,228.97,-10.70,0.00,-14.95,3.42,255.42,-0.38,1.40,-14.95,2.69,237.90,-7.22,1.40,-14.95,0.76,270.00,5.30,8.42,-14.95,-1.28
Wkly_upswing,PILITA,Smallcap,Plastic products,2025-05-30,19.54,2025-06-02,19.54,17.11,-12.44,-1.74,-13.56,1.29,15.17,-22.36,-1.74,-24.62,3.58,15.42,-21.08,-1.74,-24.62,2.22,14.70,-24.77,-1.74,-25.28,0.20,13.84,-29.17,-1.74,-29.17,-0.15
Wkly_upswing,MCX,Largecap,Financials,2025-06-06,1506.20,2025-06-09,1513.70,1658.40,9.56,9.56,-0.76,-0.71,1749.30,15.56,19.71,-0.76,1.67,1649.80,8.99,19.71,-0.76,0.92,1595.50,5.40,19.71,-0.76,-1.32,1541.50,1.84,19.71,-2.36,-1.30
Wkly_upswing,SBICARD,Largecap,Financials,2025-06-06,999.45,2025-06-09,999.45,955.90,-4.36,1.76,-5.98,-0.71,908.95,-9.05,1.76,-9.05,1.67,898.65,-10.09,1.76,-10.58,0.92,804.50,-19.51,1.76,-19.56,-1.32,795.35,-20.42,1.76,-21.27,-1.30
Wkly_upswing,TVSELECT,Smallcap,I.T,2025-06-06,473.45,2025-06-09,478.00,419.45,-12.25,10.25,-13.41,-0.71,433.35,-9.34,10.25,-13.41,1.67,412.05,-13.80,10.25,-13.80,0.92,407.55,-14.74,10.25,-14.95,-1.32,408.20,-14.60,10.25,-17.08,-1.30
Wkly_upswing,CSBBANK,Midcap,Bank,2025-06-13,394.95,2025-06-17,394.95,396.90,0.49,0.49,-2.49,2.25,430.55,9.01,9.01,-2.49,1.53,421.70,6.77,9.08,-2.49,-0.38,406.15,2.84,10.19,-2.49,-2.28,368.85,-6.61,10.19,-9.90,0.03
Wkly_upswing,RAMCOCEM,Midcap,Building Materials,2025-06-13,1080.00,2025-06-16,1080.00,1075.20,-0.44,-0.44,-6.29,3.10,1133.80,4.98,5.61,-6.29,1.76,1170.10,8.34,10.19,-6.29,-0.26,1070.40,-0.89,11.24,-6.29,-1.19,1045.90,-3.16,11.24,-6.29,0.73
Wkly_upswing,AAREYDRUGS,Smallcap,Healthcare,2025-06-27,67.98,2025-06-30,68.00,69.58,2.32,6.50,0.00,-1.32,64.40,-5.29,6.50,-5.29,-3.27,65.89,-3.10,6.50,-7.19,-4.18,61.65,-9.34,6.50,-9.34,-3.60,77.19,13.51,16.60,-13.57,-1.87
Wkly_upswing,MGEL,Smallcap,Services,2025-07-11,17.35,2025-07-14,17.35,17.14,-1.21,-0.69,-4.03,-1.87,16.22,-6.51,1.56,-6.92,-2.79,15.29,-11.87,1.56,-11.87,-2.21,15.77,-9.11,1.56,-12.97,-0.90,16.76,-3.40,3.69,-13.49,-0.18
Wkly_upswing,GUJAPOLLO,Smallcap,Industrials,2025-07-18,451.00,2025-07-21,458.85,470.85,2.62,7.15,0.21,-1.78,479.20,4.44,7.15,-7.52,-0.90,486.00,5.92,14.54,-7.52,-1.76,482.90,5.24,14.54,-7.52,0.73,442.25,-3.62,14.54,-7.52,1.24
Wkly_upswing,IXIGO,Midcap,I.T,2025-07-18,226.24,2025-07-22,226.24,241.19,6.61,7.23,-5.46,-2.48,278.26,22.99,22.99,-5.46,-1.01,285.55,26.22,31.48,-5.46,-2.39,272.60,20.49,42.24,-5.46,0.60,331.30,46.44,48.32,-5.46,0.94
Wkly_upswing,RAMAPHO,Smallcap,Chemicals,2025-07-18,154.09,2025-07-21,157.80,154.59,-2.03,4.58,-2.03,-1.78,136.87,-13.26,4.58,-13.26,-0.90,148.02,-6.20,4.58,-13.26,-1.76,139.34,-11.70,4.58,-15.01,0.73,175.05,10.93,10.93,-15.01,1.24
Wkly_upswing,SAGCEM,Smallcap,Building Materials,2025-07-18,273.85,2025-07-21,273.85,242.50,-11.45,-1.47,-13.18,-1.78,245.22,-10.45,-1.47,-17.90,-0.90,273.20,-0.24,-0.24,-17.90,-1.76,279.25,1.97,7.47,-17.90,0.73,250.21,-8.63,7.47,-17.90,1.24
Wkly_upswing,GLOBUSSPR,Smallcap,FMCG,2025-07-25,1284.00,2025-07-31,1284.00,1209.30,-5.82,-0.22,-9.46,-1.53,1206.40,-6.04,-0.22,-9.46,-1.39,1055.10,-17.83,-0.22,-19.56,0.79,1041.00,-18.93,-0.22,-19.56,-1.28,1082.90,-15.66,-0.22,-19.56,3.99
Wkly_upswing,TI,Midcap,FMCG,2025-07-25,506.50,2025-07-28,506.50,472.30,-6.75,1.37,-7.25,-1.66,473.85,-6.45,4.12,-7.25,-1.07,471.25,-6.96,4.12,-9.64,0.26,462.20,-8.75,4.12,-10.02,0.71,473.25,-6.56,4.12,-12.64,2.92
Wkly_upswing,ZUARI,Smallcap,Chemicals,2025-08-01,344.40,2025-08-05,344.40,372.95,8.29,8.78,-5.42,1.24,301.85,-12.35,11.38,-12.35,-0.18,271.65,-21.12,11.38,-22.52,2.88,274.80,-20.21,11.38,-22.52,0.73,252.10,-26.80,11.38,-28.44,4.16
Wkly_upswing,HBLENGINE,Largecap,Auto,2025-08-14,787.60,2025-08-19,787.60,851.05,8.06,8.49,-2.07,-0.29,878.20,11.50,15.47,-2.07,2.24,834.30,5.93,15.47,-2.07,-0.01,921.45,16.99,16.99,-2.07,2.76,1038.40,31.84,39.51,-2.07,4.46
Wkly_upswing,IMFA,Midcap,Metals & Mining,2025-08-22,870.00,2025-08-25,870.00,1002.90,15.28,18.75,-2.85,-0.18,1162.20,33.59,33.59,-2.85,1.45,1166.80,34.11,35.03,-2.85,0.51,1078.20,23.93,42.84,-2.85,3.33,1302.40,49.70,57.56,-2.85,3.48
Wkly_upswing,IZMO,Smallcap,I.T,2025-08-22,587.55,2025-08-25,611.50,826.65,35.18,35.18,4.30,-0.18,1165.10,90.53,90.53,4.30,1.45,1041.20,70.27,120.56,4.30,0.51,844.90,38.17,120.56,4.30,3.33,952.75,55.81,120.56,4.30,3.48
Wkly_upswing,POCL,Smallcap,Metals & Mining,2025-09-05,508.00,2025-09-08,516.00,524.84,1.71,2.74,-5.29,2.42,498.12,-3.47,2.74,-11.30,1.67,580.00,12.40,12.40,-11.30,4.07,523.44,1.44,12.40,-11.30,3.00,511.68,-0.84,12.40,-11.30,3.99
Wkly_upswing,SYRMA,Largecap,Consumer Discretionary,2025-09-05,872.00,2025-09-08,872.00,815.65,-6.46,-1.34,-8.43,2.42,851.95,-2.30,-1.34,-12.00,1.67,795.65,-8.76,-1.34,-12.00,4.07,788.65,-9.56,-1.34,-13.42,3.00,786.25,-9.83,3.57,-13.42,3.99
Wkly_upswing,ADANIPOWER,Largecap,Power & Utilities,2025-09-12,131.71,2025-09-15,131.71,146.65,11.34,29.26,-4.26,-1.95,154.90,17.61,29.26,-4.26,-0.03,162.10,23.07,29.66,-4.26,3.29,151.85,15.29,29.66,-4.26,2.70,140.58,6.73,29.66,-4.26,1.55
Wkly_upswing,BAJFINANCE,Largecap,Financials,2025-09-12,1004.60,2025-09-15,1004.60,990.95,-1.36,2.50,-1.94,-1.95,1019.15,1.45,3.20,-1.94,-0.03,1062.95,5.81,8.91,-1.94,3.29,1005.40,0.08,8.91,-1.94,2.70,1006.40,0.18,8.91,-1.94,1.55
Wkly_upswing,RELTD,Smallcap,Industrials,2025-09-19,188.43,2025-09-22,188.43,159.68,-15.26,-3.56,-15.80,-1.18,148.46,-21.21,-3.56,-24.67,1.16,161.79,-14.14,-3.56,-24.67,0.11,164.69,-12.60,-3.56,-24.67,2.08,160.65,-14.74,-3.56,-24.67,0.02
Wkly_upswing,USHAMART,Midcap,Metals & Mining,2025-09-19,429.40,2025-09-22,429.40,450.85,5.00,10.96,0.57,-1.18,460.05,7.14,12.16,0.57,1.16,464.00,8.06,12.16,0.57,0.11,438.90,2.21,12.16,0.57,2.08,447.60,4.24,12.16,-3.92,0.02
Wkly_upswing,AAREYDRUGS,Smallcap,Healthcare,2025-09-26,80.95,2025-09-29,80.95,85.15,5.19,5.19,-0.20,2.07,93.11,15.02,15.02,-0.20,5.46,96.90,19.70,22.61,-0.20,4.86,88.19,8.94,22.61,-0.20,5.44,70.77,-12.58,22.61,-19.36,4.70
Wkly_upswing,GMBREW,Smallcap,FMCG,2025-10-10,935.05,2025-10-13,935.05,1210.30,29.44,35.20,0.68,2.04,1211.10,29.52,35.20,0.68,2.14,1032.50,10.42,35.20,0.68,2.65,977.00,4.49,35.20,0.68,0.31,1121.20,19.91,35.20,0.68,1.47
Wkly_upswing,HITECHGEAR,Smallcap,Auto,2025-10-10,854.80,2025-10-13,897.45,780.05,-13.08,-2.38,-13.08,2.04,747.05,-16.76,-2.38,-18.45,2.14,705.65,-21.37,-2.38,-21.37,2.65,669.35,-25.42,-2.38,-27.90,0.31,739.55,-17.59,-2.38,-27.90,1.47
Wkly_upswing,TARACHAND,Smallcap,Miscellaneous,2025-10-10,95.49,2025-10-14,95.49,92.78,-2.84,-0.74,-10.71,2.82,77.24,-19.11,-0.74,-22.37,2.24,77.38,-18.97,-0.74,-22.37,2.80,73.99,-22.52,-0.74,-25.98,1.10,73.80,-22.71,-0.74,-25.98,0.74
Wkly_upswing,FEDERALBNK,Largecap,Bank,2025-10-24,232.20,2025-10-27,232.20,235.89,1.59,2.70,0.79,-0.02,255.99,10.25,10.25,0.79,-0.13,260.85,12.34,12.34,0.79,-0.72,265.45,14.32,15.91,0.79,0.88,276.10,18.91,20.46,0.79,-3.59
Wkly_upswing,JKTYRE,Midcap,Auto,2025-10-24,427.00,2025-10-28,437.40,466.85,6.73,6.73,-3.03,-0.02,456.00,4.25,6.73,-3.03,0.48,445.00,1.74,8.37,-3.03,-1.81,508.60,16.28,16.67,-3.03,0.04,520.20,18.93,18.93,-3.03,-3.49
Wkly_upswing,SALSTEEL,Smallcap,Metals & Mining,2025-10-24,36.35,2025-10-27,37.07,41.66,12.38,14.70,-2.02,-0.02,43.35,16.94,19.31,-2.02,-0.13,33.80,-8.82,19.31,-8.82,-0.72,40.97,10.52,19.31,-8.82,0.88,40.09,8.15,19.34,-8.82,-2.86
Wkly_upswing,UJJIVANSFB,Midcap,Bank,2025-10-24,52.47,2025-10-27,52.47,51.03,-2.74,2.92,-2.74,-0.02,53.86,2.65,3.22,-2.80,-0.13,52.44,-0.06,6.59,-2.80,-0.72,53.27,1.52,6.59,-2.80,0.88,57.77,10.10,15.02,-2.80,-3.59
Wkly_upswing,PSPPROJECT,Smallcap,Realty,2025-10-31,949.85,2025-11-03,949.85,972.50,2.38,5.56,-2.22,0.48,884.85,-6.84,5.56,-6.84,0.47,877.95,-7.57,5.56,-11.18,-0.59,867.55,-8.66,5.56,-11.18,0.68,750.10,-21.03,5.56,-27.40,-2.66
Wkly_upswing,SOMATEX,Smallcap,Realty,2025-10-31,139.31,2025-11-03,146.27,141.70,-3.12,5.00,-17.95,0.48,115.76,-20.86,5.00,-20.86,0.47,104.81,-28.34,5.00,-28.34,-0.59,143.90,-1.62,5.00,-29.77,0.68,114.91,-21.44,5.00,-29.77,-2.66
Wkly_upswing,KMEW,Midcap,Transportation,2025-11-07,1429.50,2025-11-10,1429.50,1328.50,-7.07,0.75,-7.92,0.65,1578.45,10.42,10.42,-7.92,0.02,1786.20,24.95,29.67,-7.92,1.47,1721.10,20.40,34.80,-7.92,2.08,1819.50,27.28,34.80,-7.92,0.06
Wkly_upswing,PRICOLLTD,Midcap,Auto,2025-11-07,593.85,2025-11-10,593.85,639.80,7.74,11.32,-0.97,0.65,608.40,2.45,11.32,-0.97,0.02,660.40,11.21,12.91,-0.97,1.47,653.00,9.96,15.02,-0.97,2.08,584.75,-1.53,15.02,-9.43,-0.47
Wkly_upswing,TEMBO,Smallcap,Consumer Discretionary,2025-11-07,69.58,2025-11-10,70.45,74.27,5.42,15.46,5.42,0.65,70.62,0.24,15.46,-0.03,0.02,76.08,8.00,15.46,-0.06,1.47,59.97,-14.88,15.46,-17.84,2.08,58.56,-16.87,15.46,-24.27,0.06
Wkly_upswing,BHEL,Largecap,Industrials,2025-11-14,290.90,2025-11-19,290.90,278.55,-4.25,0.03,-4.47,-0.45,277.85,-4.49,0.03,-7.29,-1.38,291.45,0.19,0.19,-7.29,0.20,267.45,-8.06,4.35,-8.71,-1.46,255.75,-12.08,4.35,-16.64,-2.15
Wkly_upswing,THYROCARE,Midcap,Healthcare,2025-11-14,526.33,2025-11-17,535.00,485.00,-9.35,-0.82,-9.35,0.36,432.30,-19.20,-0.82,-23.36,-0.47,452.85,-15.36,-0.82,-23.36,-0.70,468.65,-12.40,-0.82,-23.36,-1.49,403.75,-24.53,-0.82,-27.11,-0.22
Wkly_upswing,RELIANCE,Largecap,Energy,2025-11-21,1557.80,2025-11-25,1557.80,1529.40,-1.82,0.78,-1.82,-0.67,1570.70,0.83,1.13,-1.82,0.93,1504.20,-3.44,2.21,-3.44,1.44,1404.60,-9.83,2.21,-10.51,-3.55,1409.50,-9.52,2.21,-11.38,-1.59
Wkly_upswing,UEL,Smallcap,Power & Utilities,2025-12-05,150.16,2025-12-08,157.66,142.30,-9.74,0.00,-9.74,0.14,128.44,-18.53,0.00,-18.53,0.74,115.92,-26.47,0.00,-26.47,-3.73,143.02,-9.29,0.00,-26.47,-1.26,169.92,7.78,33.10,-26.47,-4.77
Wkly_upswing,HINDZINC,Largecap,Metals & Mining,2025-12-12,567.45,2025-12-15,567.45,625.30,10.19,12.23,0.04,-0.24,629.85,11.00,13.33,0.04,-1.03,708.20,24.80,28.15,0.04,-2.71,628.55,10.77,28.15,0.04,0.24,583.00,2.74,28.15,0.04,-7.71
Wkly_upswing,ASIANTILES,Smallcap,Building Materials,2025-12-19,72.85,2025-12-22,72.85,75.33,3.40,6.90,0.69,1.41,71.35,-2.06,6.90,-2.06,-3.09,74.35,2.06,6.90,-5.82,-0.60,72.98,0.18,6.90,-5.82,-0.13,59.21,-18.72,6.90,-18.72,-10.35
Wkly_upswing,CSBBANK,Midcap,Bank,2026-01-02,489.90,2026-01-05,491.00,504.80,2.81,13.53,1.47,-3.01,421.85,-14.08,13.53,-17.17,-2.71,393.90,-19.78,13.53,-23.52,-2.32,366.80,-25.30,13.53,-25.30,-7.01,373.75,-23.88,13.53,-32.32,-12.05
Wkly_upswing,GRAPHITE,Midcap,Industrials,2026-01-02,665.00,2026-01-05,665.00,640.10,-3.74,1.14,-9.88,-3.01,624.95,-6.02,1.14,-9.88,-2.71,672.75,1.17,1.17,-9.88,-2.32,671.45,0.97,9.80,-9.88,-7.01,637.05,-4.20,9.80,-15.23,-12.05
Wkly_upswing,IDBI,Largecap,Bank,2026-01-02,115.70,2026-01-05,115.70,98.64,-14.75,-4.09,-14.75,-3.01,102.25,-11.62,-4.09,-17.49,-2.71,113.74,-1.69,-1.69,-17.49,-2.32,110.18,-4.77,0.27,-17.49,-7.01,70.06,-39.45,0.27,-46.85,-12.05
Wkly_upswing,IIFLCAPS,Midcap,Financials,2026-01-02,383.90,2026-01-05,383.90,364.25,-5.12,3.02,-5.12,-3.01,315.25,-17.88,3.02,-19.58,-2.71,334.80,-12.79,3.02,-19.58,-2.32,318.80,-16.96,3.02,-25.16,-7.01,265.14,-30.94,3.02,-36.40,-12.05
Wkly_upswing,INDUSTOWER,Largecap,Telecom,2026-01-02,446.00,2026-01-09,450.00,413.15,-8.19,-2.58,-8.19,-4.11,456.15,1.37,1.37,-8.19,0.01,472.20,4.93,6.17,-8.19,-0.82,445.45,-1.01,6.17,-8.19,-5.65,437.85,-2.70,6.17,-8.19,-5.63
Wkly_upswing,JSL,Largecap,Metals & Mining,2026-01-02,867.00,2026-01-05,867.00,804.25,-7.24,-0.16,-10.94,-3.01,809.35,-6.65,-0.16,-13.96,-2.71,740.25,-14.62,-0.16,-14.62,-2.32,754.95,-12.92,-0.16,-14.62,-7.01,725.00,-16.38,-0.16,-19.76,-12.05
Wkly_upswing,MAHABANK,Largecap,Bank,2026-01-02,64.18,2026-01-05,64.18,66.77,4.04,4.04,-3.37,-3.01,63.74,-0.69,4.04,-4.41,-2.71,67.30,4.86,4.86,-4.41,-2.32,68.42,6.61,17.87,-4.41,-7.01,66.59,3.76,17.87,-4.44,-12.05
Wkly_upswing,MANAKALUCO,Smallcap,Metals & Mining,2026-01-09,40.26,2026-01-12,40.26,50.22,24.74,61.15,0.67,-2.76,31.72,-21.21,61.15,-24.96,1.22,29.09,-27.74,61.15,-29.06,-0.69,28.67,-28.79,61.15,-34.13,-6.07,27.53,-31.62,61.15,-46.00,-5.49
Wkly_upswing,KAPSTON,Smallcap,Miscellaneous,2026-01-23,427.35,2026-01-27,427.35,398.55,-6.74,-3.07,-7.27,4.61,394.10,-7.78,-3.07,-8.25,2.64,282.40,-33.92,-3.07,-38.61,-2.92,282.90,-33.80,-3.07,-38.61,-5.41,348.85,-18.37,-3.07,-38.61,0.26
Wkly_upswing,BHARATFORG,Largecap,"Castings, Forgings & Fasteners",2026-02-06,1599.00,2026-02-09,1599.00,1832.00,14.57,14.57,-0.54,0.22,1842.20,15.21,20.32,-0.54,-4.66,1708.80,6.87,20.32,-0.54,-10.10,1798.80,12.50,20.32,-0.54,-4.64,1913.00,19.64,24.63,-0.54,-4.84
63_30_daily,GNA,Smallcap,Auto,2026-02-03,425.00,2026-02-06,425.00,417.80,-1.69,6.08,-1.69,-0.07,430.40,1.27,6.08,-2.87,-5.79,355.90,-16.26,6.08,-16.26,-11.74,409.65,-3.61,6.08,-16.26,-5.87,387.15,-8.91,7.58,-16.26,-2.63
63_30_daily,MEDPLUS,Midcap,Consumer Discretionary,2026-02-03,870.00,2026-02-04,870.00,846.65,-2.68,2.83,-2.68,0.85,830.55,-4.53,2.83,-6.32,-3.19,820.60,-5.68,2.83,-6.32,-9.47,843.25,-3.07,2.83,-8.30,-9.17,881.50,1.32,4.17,-8.30,-0.99
63_30_daily,INDSWFTLAB,Smallcap,Healthcare,2026-02-04,124.50,2026-02-05,124.50,137.53,10.47,15.45,-1.90,-1.01,136.84,9.91,19.96,-1.90,-4.48,141.51,13.66,19.96,-1.90,-9.38,150.28,20.71,20.71,-1.90,-5.94,138.16,10.97,20.71,-1.90,-1.78
63_30_daily,PTC,Smallcap,Power & Utilities,2026-02-04,183.90,2026-02-09,183.90,168.31,-8.48,3.47,-8.48,0.22,158.08,-14.04,3.47,-16.41,-4.66,161.43,-12.22,3.47,-16.41,-10.10,166.44,-9.49,3.47,-16.41,-4.64,201.93,9.80,23.64,-16.41,-4.84
Bullish_Scanner,CANTABIL,Smallcap,Textiles,2026-02-04,314.30,2026-02-06,314.30,283.40,-9.83,-1.05,-10.45,-0.07,237.85,-24.32,-1.05,-24.32,-5.79,223.45,-28.91,-1.05,-28.91,-11.74,229.31,-27.04,-1.05,-29.69,-5.87,231.64,-26.30,-1.05,-29.69,-2.63
Bullish_Scanner,TORNTPOWER,Largecap,Power & Utilities,2026-02-05,1427.40,2026-02-06,1427.40,1528.60,7.09,7.09,-0.01,-0.07,1428.90,0.11,9.74,-0.01,-5.79,1362.80,-4.53,9.74,-4.53,-11.74,1446.00,1.30,9.74,-8.52,-5.87,1680.90,17.76,24.18,-8.52,-2.63
Bullish_Scanner,SAIL,Largecap,Metals & Mining,2026-02-06,161.30,2026-02-09,161.30,156.68,-2.86,0.51,-3.41,0.22,149.84,-7.10,2.73,-7.30,-4.66,145.73,-9.65,2.73,-11.32,-10.10,166.02,2.93,2.93,-11.32,-4.64,176.09,9.17,16.13,-11.32,-4.84
Bullish_Scanner,INDUSTOWER,Largecap,Telecom,2026-02-09,457.15,2026-02-10,459.00,469.90,2.37,4.08,0.03,-1.60,438.75,-4.41,4.08,-4.47,-6.93,427.85,-6.79,4.08,-9.89,-9.31,438.45,-4.48,4.08,-9.89,-6.35,413.20,-9.98,4.08,-12.80,-5.51
Wkly_upswing,MFSL,Largecap,Financials,2026-02-13,1848.50,2026-02-16,1848.50,1806.80,-2.26,1.16,-2.26,-2.05,1654.00,-10.52,1.16,-11.92,-7.05,1464.20,-20.79,1.16,-20.79,-10.19,1688.80,-8.64,1.16,-20.79,-1.92,1617.90,-12.47,1.16,-20.79,-3.39
63_30_daily,MAHLOG,Smallcap,Transportation,2026-02-10,407.50,2026-02-11,407.50,401.25,-1.53,4.50,-1.53,-1.47,398.20,-2.28,4.50,-5.17,-7.81,348.90,-14.38,4.50,-14.38,-11.51,409.35,0.45,4.50,-18.33,-4.88,366.35,-10.10,8.64,-18.33,-4.80
Bullish_Scanner,MOTHERSON,Largecap,Auto,2026-02-10,131.89,2026-02-11,131.89,133.24,1.02,1.54,-1.87,-1.47,120.17,-8.89,2.59,-10.55,-7.81,109.38,-17.07,2.59,-19.18,-11.51,123.55,-6.32,2.59,-20.33,-4.88,126.11,-4.38,2.59,-20.33,-4.80
63_30_daily,ASTRAL,Largecap,Plastic products,2026-02-11,1598.80,2026-02-12,1598.80,1684.20,5.34,5.34,-0.45,-1.41,1611.80,0.81,9.23,-0.45,-10.06,1599.00,0.01,9.23,-2.66,-13.69,1578.70,-1.26,9.23,-4.75,-4.74,1550.80,-3.00,9.23,-4.75,-5.26
Bullish_Scanner,ASHIANA,Smallcap,Realty,2026-02-11,357.00,2026-02-12,357.00,325.50,-8.82,-2.54,-9.58,-1.41,301.10,-15.66,-2.54,-15.66,-10.06,279.70,-21.65,-2.54,-21.65,-13.69,335.50,-6.02,-2.54,-21.65,-4.74,356.10,-0.25,5.04,-21.65,-5.26
Bullish_Scanner,IOC,Largecap,Energy,2026-02-11,181.60,2026-02-12,182.25,186.47,2.32,2.32,-4.64,-1.41,156.54,-14.11,2.86,-14.11,-10.06,135.40,-25.71,2.86,-25.71,-13.69,144.19,-20.88,2.86,-26.45,-4.74,134.48,-26.21,2.86,-26.45,-5.26
Bullish_Scanner,MFSL,Largecap,Financials,2026-02-12,1821.00,2026-02-13,1821.30,1813.40,-0.43,2.67,-0.43,-2.05,1645.20,-9.67,2.67,-10.61,-9.10,1477.40,-18.88,2.67,-18.88,-11.49,1683.20,-7.58,2.67,-19.61,-3.31,1601.70,-12.06,2.67,-19.61,-5.03
Bullish_Scanner,ASTRAL,Largecap,Plastic products,2026-02-16,1644.50,2026-02-17,1644.50,1646.90,0.15,2.41,-1.43,-4.53,1668.40,1.45,6.19,-2.35,-6.63,1522.80,-7.40,6.19,-7.40,-9.71,1582.50,-3.77,6.19,-7.40,-1.83,1443.70,-12.21,6.19,-12.21,-3.81
Wkly_upswing,GLOBAL,Smallcap,Services,2026-02-20,107.50,2026-02-23,109.10,107.61,-1.37,0.67,-11.88,-4.50,92.56,-15.16,0.67,-15.57,-9.95,98.74,-9.50,0.67,-15.57,-4.48,104.02,-4.66,0.67,-15.57,-2.45,100.13,-8.22,9.95,-15.57,-2.13
Bullish_Scanner,MANGLMCEM,Smallcap,Building Materials,2026-02-17,898.95,2026-02-18,898.95,850.80,-5.36,2.53,-5.46,-3.58,807.70,-10.15,2.53,-11.81,-9.83,834.25,-7.20,2.53,-14.71,-9.53,937.45,4.28,4.28,-14.71,-2.33,836.55,-6.94,4.28,-14.71,-3.98
Bullish_Scanner,SMSPHARMA,Smallcap,Healthcare,2026-02-17,371.80,2026-02-18,371.80,386.05,3.83,4.73,-3.71,-3.58,366.10,-1.53,13.04,-3.71,-9.83,390.05,4.91,13.04,-3.71,-9.53,420.25,13.03,17.89,-3.71,-2.33,425.85,14.54,17.89,-3.71,-3.98
63_30_daily,E2E,Midcap,I.T,2026-02-18,306.82,2026-02-19,306.82,231.03,-24.70,-3.42,-24.70,-4.92,226.22,-26.27,-3.42,-28.42,-9.80,246.33,-19.72,-3.42,-33.06,-6.38,290.65,-5.27,-3.42,-33.06,-3.53,357.84,16.63,17.51,-33.06,-4.21
63_30_daily,SCHNEIDER,Largecap,Industrials,2026-02-18,942.45,2026-02-23,942.45,923.60,-2.00,-2.00,-11.64,-4.50,895.35,-5.00,-2.00,-11.64,-9.95,1010.10,7.18,7.18,-11.64,-4.48,1182.00,25.42,25.42,-11.64,-2.45,1376.80,46.09,46.09,-11.64,-2.13
Bullish_Scanner,AEROFLEX,Midcap,Metals & Mining,2026-02-18,231.82,2026-02-19,231.82,220.24,-5.00,1.34,-5.87,-4.92,233.75,0.83,8.61,-6.96,-9.80,261.61,12.85,12.85,-6.96,-6.38,295.68,27.55,34.26,-6.96,-3.53,403.05,73.86,89.52,-6.96,-4.21
Bullish_Scanner,INDIANB,Largecap,Bank,2026-02-18,942.50,2026-02-19,942.50,939.40,-0.33,5.20,-1.61,-4.92,878.65,-6.77,5.20,-8.84,-9.80,956.50,1.49,5.20,-11.07,-6.38,914.95,-2.92,5.20,-11.07,-3.53,825.95,-12.37,5.20,-14.06,-4.21
Bullish_Scanner,MAHABANK,Largecap,Bank,2026-02-18,69.21,2026-02-19,69.33,70.13,1.15,9.12,-1.90,-4.92,65.49,-5.54,9.12,-9.88,-9.80,69.94,0.88,9.12,-11.54,-6.38,77.31,11.51,15.65,-11.54,-3.53,80.04,15.45,23.05,-11.54,-4.21
Bullish_Scanner,MARICO,Largecap,FMCG,2026-02-18,798.00,2026-02-19,798.00,785.25,-1.60,1.55,-3.28,-4.92,744.30,-6.73,1.55,-7.11,-9.80,747.45,-6.33,1.55,-9.11,-6.38,778.90,-2.39,1.55,-9.11,-3.53,824.45,3.31,5.58,-9.11,-4.21
63_30_daily,NITINSPIN,Smallcap,Textiles,2026-02-19,392.35,2026-02-20,392.35,357.45,-8.90,-1.08,-8.90,-5.33,353.55,-9.89,-1.08,-9.89,-11.30,383.65,-2.22,-0.66,-12.48,-5.41,412.45,5.12,7.42,-12.48,-3.12,501.75,27.88,31.41,-12.48,-1.58
Bullish_Scanner,NITINSPIN,Smallcap,Textiles,2026-02-19,392.35,2026-02-20,392.35,357.45,-8.90,-1.08,-8.90,-5.33,353.55,-9.89,-1.08,-9.89,-11.30,383.65,-2.22,-0.66,-12.48,-5.41,412.45,5.12,7.42,-12.48,-3.12,501.75,27.88,31.41,-12.48,-1.58
63_30_daily,ABINFRA,Smallcap,Realty,2026-02-20,22.83,2026-02-23,23.56,17.52,-25.64,-11.63,-26.70,-4.50,16.85,-28.48,-11.63,-28.48,-9.95,16.20,-31.24,-11.63,-33.40,-4.48,15.91,-32.47,-11.63,-35.99,-2.45,12.55,-46.73,-11.63,-46.73,-2.13
Bullish_Scanner,GAEL,Midcap,FMCG,2026-02-20,148.15,2026-02-23,148.15,131.96,-10.93,-1.30,-11.91,-4.50,128.71,-13.12,-1.30,-14.37,-9.95,151.83,2.48,3.13,-14.37,-4.48,152.81,3.15,5.42,-14.37,-2.45,162.44,9.65,12.79,-14.37,-2.13
63_30_daily,TFCILTD,Midcap,Financials,2026-02-23,79.98,2026-02-24,79.98,66.07,-17.39,-2.45,-20.38,-6.14,65.25,-18.42,-2.45,-21.36,-8.54,69.31,-13.34,-2.45,-21.36,-5.56,72.65,-9.16,-2.45,-21.36,-3.06,73.37,-8.26,4.64,-21.36,-2.20
Bullish_Scanner,INDIANB,Largecap,Bank,2026-02-23,986.00,2026-02-24,986.00,917.80,-6.92,0.56,-8.83,-6.14,909.05,-7.80,0.56,-14.99,-8.54,966.50,-1.98,0.56,-14.99,-5.56,896.10,-9.12,0.56,-14.99,-3.06,833.35,-15.48,0.56,-17.85,-2.20
63_30_daily,BANDHANBNK,Largecap,Bank,2026-02-24,181.87,2026-02-25,181.87,178.01,-2.12,2.33,-4.26,-6.04,148.91,-18.12,2.33,-18.44,-9.80,173.77,-4.45,2.33,-22.28,-3.04,198.30,9.03,9.03,-22.28,-1.86,208.30,14.53,14.85,-22.28,-2.78
Bullish_Scanner,J&KBANK,Midcap,Bank,2026-02-24,115.50,2026-02-26,115.50,120.81,4.60,10.40,-3.08,-8.60,110.01,-4.75,10.40,-5.34,-12.29,132.37,14.61,14.61,-5.34,-3.19,129.02,11.71,16.57,-5.34,-3.08,141.77,22.74,24.57,-5.34,-4.13
Bullish_Scanner,NATCOPHARM,Midcap,Healthcare,2026-02-25,990.00,2026-02-26,990.00,955.85,-3.45,4.97,-3.73,-8.60,974.20,-1.60,4.97,-6.31,-12.29,1086.80,9.78,13.51,-6.31,-3.19,1095.75,10.68,13.51,-6.31,-3.08,933.30,-5.73,21.82,-6.31,-4.13
63_30_daily,FINCABLES,Largecap,Industrials,2026-02-26,882.00,2026-02-27,882.00,845.00,-4.20,9.85,-4.20,-8.31,798.75,-9.44,9.85,-11.96,-10.72,940.55,6.64,9.85,-11.96,-2.47,1016.30,15.23,15.23,-11.96,-2.63,1002.10,13.62,33.48,-11.96,-3.96
Bullish_Scanner,J&KBANK,Midcap,Bank,2026-02-26,122.25,2026-02-27,122.25,123.66,1.15,4.30,-8.43,-8.31,114.27,-6.53,4.30,-10.57,-10.72,131.25,7.36,8.28,-10.57,-2.47,131.64,7.68,10.13,-10.57,-2.63,141.92,16.09,17.69,-10.57,-3.96
63_30_daily,CHENNPETRO,Largecap,Energy,2026-02-27,973.00,2026-03-04,973.00,1015.15,4.33,9.46,-6.81,-4.02,980.85,0.81,9.46,-6.81,-7.19,1022.35,5.07,9.46,-6.81,0.90,1072.50,10.23,17.11,-6.81,1.30,1190.60,22.36,22.36,-6.81,-1.48
63_30_daily,APOLLOPIPE,Smallcap,Plastic products,2026-03-09,416.90,2026-03-10,416.90,416.20,-0.17,1.79,-8.35,-4.49,438.60,5.21,8.13,-8.35,1.32,441.00,5.78,11.97,-8.35,3.47,476.10,14.20,19.64,-8.35,1.10,491.00,17.77,31.39,-8.35,0.80
Bullish_Scanner,AUROPHARMA,Largecap,Healthcare,2026-03-10,1291.80,2026-03-11,1291.80,1307.80,1.24,1.56,-3.43,-3.87,1339.80,3.72,4.46,-3.43,-0.73,1422.60,10.13,11.12,-3.43,1.89,1497.50,15.92,15.92,-3.43,0.15,1464.10,13.34,19.73,-3.43,-1.02
Bullish_Scanner,COALINDIA,Largecap,Metals & Mining,2026-03-12,474.00,2026-03-13,474.00,450.45,-4.97,-1.23,-6.73,-6.25,432.75,-8.70,-1.23,-8.70,3.47,481.45,1.57,1.57,-8.70,3.59,462.20,-2.49,1.57,-8.70,2.89,444.05,-6.32,1.61,-8.70,4.54
63_30_daily,AEROFLEX,Midcap,Metals & Mining,2026-03-16,251.00,2026-03-17,251.00,252.79,0.71,0.71,-11.04,-2.61,300.89,19.88,24.00,-11.04,6.36,318.05,26.71,26.71,-11.04,6.09,381.80,52.11,75.04,-11.04,4.76,510.90,103.55,103.55,-11.04,7.49
63_30_daily,CHENNPETRO,Largecap,Energy,2026-03-17,1077.70,2026-03-20,1077.70,989.85,-8.15,-1.20,-10.94,4.29,1069.30,-0.78,-0.58,-12.31,7.47,1076.90,-0.07,5.73,-12.31,8.90,1016.60,-5.67,5.73,-12.31,6.72,1116.50,3.60,13.80,-12.31,9.59
63_30_daily,EMMVEE,Largecap,Industrials,2026-03-18,238.56,2026-03-19,238.56,230.52,-3.37,-3.09,-8.88,-2.83,264.68,10.95,11.31,-8.88,4.90,264.90,11.04,21.91,-8.88,5.92,261.25,9.51,21.91,-8.88,3.13,332.10,39.21,44.01,-8.88,5.60
63_30_daily,KSB,Midcap,Industrials,2026-03-18,823.05,2026-03-19,823.05,832.85,1.19,1.85,-4.95,-2.83,996.10,21.03,21.03,-4.95,4.90,895.25,8.77,21.51,-4.95,5.92,819.35,-0.45,21.51,-4.95,3.13,902.55,9.66,21.51,-6.57,5.60
Bullish_Scanner,AETHER,Largecap,Chemicals,2026-03-20,1180.00,2026-03-24,1180.00,1190.20,0.86,3.78,-8.07,8.14,1154.50,-2.16,3.78,-8.07,10.44,1155.70,-2.06,6.10,-8.07,7.92,1097.50,-6.99,6.10,-10.91,10.81,1357.20,15.02,15.02,-10.91,11.91
63_30_daily,MAHSEAMLES,Midcap,Metals & Mining,2026-03-25,581.80,2026-03-27,581.80,637.20,9.52,9.52,-3.72,5.20,649.70,11.67,14.23,-3.72,6.48,646.85,11.18,14.23,-3.72,5.28,621.60,6.84,14.23,-3.72,5.49,619.40,6.46,14.23,-3.72,7.09
63_30_daily,ACMESOLAR,Largecap,Realty,2026-03-27,274.00,2026-04-02,274.00,299.05,9.14,11.19,-1.95,9.22,295.50,7.85,12.85,-1.95,8.95,282.85,3.23,12.85,-1.95,7.58,329.05,20.09,22.17,-1.95,7.24,393.25,43.52,43.52,-1.95,11.13
63_30_daily,DWARKESH,Smallcap,FMCG,2026-03-27,42.50,2026-03-30,42.99,47.50,10.49,10.49,3.58,7.78,46.96,9.23,10.49,-2.05,7.91,42.27,-1.67,17.33,-2.05,7.19,44.55,3.63,17.33,-3.12,6.74,43.31,0.74,17.33,-3.12,9.40
Bullish_Scanner,ATHERENERG,Largecap,Auto,2026-03-27,802.90,2026-03-30,802.90,866.10,7.87,13.07,-6.09,7.78,934.85,16.43,17.23,-6.09,7.91,937.40,16.75,20.74,-6.09,7.19,937.40,16.75,20.74,-6.09,6.74,1140.55,42.05,42.05,-6.09,9.40
Wkly_upswing,MBAPL,Smallcap,Chemicals,2026-04-02,107.40,2026-04-06,107.67,101.52,-5.71,1.93,-5.71,10.05,114.37,6.22,6.22,-5.85,10.48,108.31,0.59,7.12,-5.85,7.83,111.13,3.21,7.12,-5.85,7.45,125.15,16.23,16.23,-5.85,11.28
Bullish_Scanner,MBAPL,Smallcap,Chemicals,2026-04-01,101.99,2026-04-02,101.99,104.06,2.03,7.61,-0.08,9.22,112.77,10.57,10.57,-0.61,8.95,106.17,4.10,13.09,-0.61,7.58,107.95,5.84,13.09,-0.61,7.24,120.86,18.50,18.50,-0.61,11.13
63_30_daily,ADANIPOWER,Largecap,Power & Utilities,2026-04-06,165.10,2026-04-07,165.10,215.65,30.62,30.62,-1.05,8.48,230.19,39.42,39.42,-1.05,9.53,219.33,32.85,39.42,-1.05,6.65,232.60,40.88,50.76,-1.05,6.00,219.85,33.16,50.76,-1.05,10.57
Bullish_Scanner,GRANULES,Largecap,Healthcare,2026-04-06,649.00,2026-04-08,650.00,686.95,5.68,5.68,-2.78,7.11,752.95,15.84,15.84,-2.78,8.54,751.95,15.68,17.92,-2.78,6.36,766.35,17.90,22.12,-2.78,4.12,863.55,32.85,32.85,-2.78,9.73
Wkly_upswing,GAEL,Midcap,FMCG,2026-04-10,154.80,2026-04-13,154.80,149.54,-3.40,0.89,-5.21,1.87,164.95,6.56,7.95,-5.21,0.14,160.47,3.66,7.95,-5.21,2.78,155.34,0.35,7.95,-5.21,-1.04,154.29,-0.33,7.95,-5.21,4.48
Wkly_upswing,PRECWIRE,Midcap,Metals & Mining,2026-04-10,341.90,2026-04-13,341.90,412.65,20.69,20.69,-0.18,1.87,388.55,13.64,26.50,-0.18,0.14,444.80,30.10,33.68,-0.18,2.78,388.00,13.48,33.68,-0.18,-1.04,385.80,12.84,33.68,-0.18,4.48
Wkly_upswing,ROSSTECH,Midcap,Aerospace & Defence,2026-04-10,957.90,2026-04-15,957.90,1006.15,5.04,6.50,-4.81,3.12,932.75,-2.63,8.89,-13.57,1.96,1056.75,10.32,10.52,-13.57,2.15,995.40,3.91,12.80,-13.57,1.90,1025.25,7.03,12.88,-13.57,5.27
Wkly_upswing,RPTECH,Midcap,I.T,2026-04-10,407.00,2026-04-13,407.00,487.65,19.82,19.82,4.09,1.87,512.75,25.98,33.72,4.09,0.14,525.95,29.23,35.37,4.09,2.78,531.15,30.50,36.50,4.09,-1.04,783.05,92.40,95.87,4.09,4.48
Wkly_upswing,STEELCAS,Smallcap,"Castings, Forgings & Fasteners",2026-04-10,285.00,2026-04-13,285.00,309.83,8.71,8.71,-0.40,1.87,298.45,4.72,8.71,-2.26,0.14,286.90,0.67,8.71,-3.09,2.78,282.00,-1.05,8.71,-5.44,-1.04,312.80,9.75,12.42,-5.44,4.48
63_30_daily,BODALCHEM,Smallcap,Chemicals,2026-04-07,66.10,2026-04-08,66.98,69.59,3.90,4.03,-3.49,7.11,73.15,9.21,9.21,-3.49,8.54,74.11,10.64,17.93,-3.49,6.36,69.33,3.51,17.93,-3.49,4.12,61.06,-8.84,17.93,-8.84,9.73
Bullish_Scanner,ALIVUS,Midcap,Healthcare,2026-04-07,1042.65,2026-04-08,1054.90,1061.55,0.63,1.73,-1.17,7.11,1121.30,6.29,6.65,-4.68,8.54,1039.00,-1.51,6.74,-4.68,6.36,1002.00,-5.01,6.74,-5.01,4.12,1144.70,8.51,9.89,-5.01,9.73
63_30_daily,SUYOG,Smallcap,Telecom,2026-04-08,780.00,2026-04-09,780.00,753.10,-3.45,7.68,-3.45,1.96,812.90,4.22,7.68,-3.84,2.98,774.50,-0.71,7.68,-3.84,3.58,699.95,-10.26,7.68,-10.81,1.05,874.95,12.17,15.56,-13.69,3.48
Bullish_Scanner,ANANDRATHI,Largecap,Financials,2026-04-08,1705.10,2026-04-09,1714.50,1790.45,4.43,7.61,3.64,1.96,1790.10,4.41,7.61,3.64,2.98,1808.65,5.49,7.61,2.94,3.58,1730.70,0.94,7.61,0.63,1.05,2059.80,20.14,22.22,0.63,3.48
Bullish_Scanner,ARFIN,Smallcap,Metals & Mining,2026-04-08,87.80,2026-04-09,88.25,95.16,7.83,10.95,-2.29,1.96,95.93,8.70,10.95,-2.29,2.98,96.38,9.21,13.05,-2.29,3.58,85.71,-2.88,13.05,-2.88,1.05,86.17,-2.36,13.05,-7.01,3.48
Bullish_Scanner,BELRISE,Largecap,Auto,2026-04-09,204.40,2026-04-10,204.40,216.78,6.06,8.70,0.01,3.56,205.30,0.44,11.52,0.01,1.19,217.28,6.30,11.52,0.01,3.90,227.13,11.12,14.84,0.01,0.89,228.84,11.96,21.09,0.01,4.74
Bullish_Scanner,HONASA,Midcap,Services,2026-04-09,348.65,2026-04-10,348.65,347.60,-0.30,0.85,-1.79,3.56,348.15,-0.14,3.04,-2.31,1.19,396.00,13.58,13.58,-2.31,3.90,414.60,18.92,20.45,-2.31,0.89,471.60,35.26,35.26,-2.31,4.74
63_30_daily,ATLANTAELE,Midcap,Industrials,2026-04-10,1350.80,2026-04-15,1350.80,1818.00,34.59,34.59,-1.77,3.12,1823.80,35.02,35.02,-1.77,1.96,1971.90,45.98,45.98,-1.77,2.15,1843.70,36.49,59.28,-1.77,1.90,1709.80,26.58,59.28,-1.77,5.27
63_30_daily,HIRECT,Smallcap,Consumer Discretionary,2026-04-10,847.40,2026-04-13,847.40,922.80,8.90,10.24,-0.19,1.87,877.80,3.59,11.92,-0.19,0.14,1152.35,35.99,35.99,-0.19,2.78,1111.80,31.20,35.99,-0.19,-1.04,1055.10,24.51,40.69,-0.19,4.48
Bullish_Scanner,INOXINDIA,Midcap,Industrials,2026-04-10,1325.00,2026-04-13,1325.00,1487.20,12.24,20.22,6.54,1.87,1424.90,7.54,20.22,6.52,0.14,1524.90,15.09,20.22,5.80,2.78,1848.80,39.53,42.76,5.80,-1.04,1978.00,49.28,54.03,5.80,4.48
Bullish_Scanner,ISGEC,Midcap,Realty,2026-04-10,1009.50,2026-04-13,1009.50,1094.95,8.46,8.46,-1.21,1.87,1061.80,5.18,8.46,-1.21,0.14,1032.30,2.26,8.46,-1.21,2.78,878.05,-13.02,8.46,-13.02,-1.04,902.25,-10.62,8.46,-13.02,4.48
63_30_daily,ACMESOLAR,Largecap,Realty,2026-04-13,289.15,2026-04-15,289.75,303.10,4.61,6.71,-1.50,3.12,283.05,-2.31,6.71,-2.48,1.96,310.10,7.02,7.02,-4.88,2.15,335.75,15.88,23.09,-4.88,1.90,378.80,30.73,35.72,-4.88,5.27
Bullish_Scanner,AKUMS,Midcap,Healthcare,2026-04-13,527.60,2026-04-15,531.95,543.70,2.21,3.52,-3.32,3.12,527.90,-0.76,5.11,-3.32,1.96,524.50,-1.40,5.11,-3.32,2.15,622.90,17.10,17.10,-3.32,1.90,683.85,28.56,31.96,-3.32,5.27
Wkly_upswing,AZAD,Midcap,Aerospace & Defence,2026-04-17,1923.70,2026-04-20,1923.70,2153.80,11.96,16.29,-3.18,-0.27,1913.20,-0.55,20.37,-3.18,-1.52,2090.90,8.69,20.37,-3.18,-1.83,2163.80,12.48,20.37,-3.18,1.05,2408.10,25.18,28.89,-3.18,1.59
Wkly_upswing,BHEL,Largecap,Industrials,2026-04-17,317.80,2026-04-20,318.53,374.95,17.71,18.37,2.23,-0.27,401.10,25.92,29.71,2.23,-1.52,406.30,27.55,32.59,2.23,-1.83,392.25,23.14,32.59,2.23,1.05,435.40,36.69,36.69,2.23,1.59
Wkly_upswing,ENGINERSIN,Midcap,Realty,2026-04-17,247.56,2026-04-20,247.56,260.30,5.15,5.71,-2.22,-0.27,245.00,-1.03,5.97,-4.29,-1.52,228.02,-7.89,5.97,-12.75,-1.83,243.19,-1.77,5.97,-12.75,1.05,231.61,-6.44,5.97,-12.75,1.59
Wkly_upswing,IMFA,Midcap,Metals & Mining,2026-04-17,1582.70,2026-04-24,1582.70,1494.90,-5.55,4.50,-10.16,-0.07,1496.10,-5.47,4.50,-10.73,0.52,1419.60,-10.31,4.50,-10.80,-1.93,1380.50,-12.78,4.50,-14.63,0.88,1370.00,-13.44,4.50,-20.01,1.47
Wkly_upswing,JAYNECOIND,Midcap,Metals & Mining,2026-04-17,99.70,2026-04-21,99.70,112.80,13.14,15.59,-3.93,1.17,103.02,3.33,15.59,-3.93,-1.26,97.11,-2.60,15.59,-3.93,-1.61,90.31,-9.42,15.59,-12.43,1.49,90.28,-9.45,15.59,-15.09,2.06
Wkly_upswing,KRN,Midcap,Industrials,2026-04-17,1290.00,2026-04-20,1290.00,1204.90,-6.60,2.97,-6.81,-0.27,1039.70,-19.40,3.04,-19.40,-1.52,1159.80,-10.09,3.04,-19.40,-1.83,1224.20,-5.10,3.04,-19.40,1.05,1290.60,0.05,3.04,-19.40,1.59
Wkly_upswing,LAURUSLABS,Largecap,Healthcare,2026-04-17,1142.35,2026-04-20,1142.35,1164.10,1.90,2.11,-4.54,-0.27,1344.90,17.73,17.73,-4.54,-1.52,1394.30,22.06,22.06,-4.54,-1.83,1369.80,19.91,26.65,-4.54,1.05,1557.60,36.35,36.62,-4.54,1.59
Wkly_upswing,MAHLOG,Smallcap,Transportation,2026-04-17,436.70,2026-04-21,436.70,397.85,-8.90,1.37,-9.72,1.17,354.50,-18.82,1.37,-18.82,-1.26,347.00,-20.54,1.37,-21.65,-1.61,354.55,-18.81,1.37,-23.95,1.49,387.35,-11.30,1.37,-23.95,2.06
Wkly_upswing,SAIL,Largecap,Metals & Mining,2026-04-17,174.99,2026-04-21,174.99,186.04,6.31,7.04,0.04,1.17,199.04,13.74,15.04,0.04,-1.26,197.31,12.76,17.76,0.04,-1.61,182.16,4.10,17.76,0.04,1.49,163.04,-6.83,17.76,-7.41,2.06
Wkly_upswing,SALSTEEL,Smallcap,Metals & Mining,2026-04-17,57.75,2026-04-24,57.75,56.69,-1.84,2.03,-3.06,-0.07,56.21,-2.67,7.05,-3.06,0.52,59.52,3.06,8.88,-6.27,-1.93,57.93,0.31,8.88,-6.27,0.88,56.98,-1.33,8.88,-9.66,1.47
Wkly_upswing,SYRMA,Largecap,Consumer Discretionary,2026-04-17,993.00,2026-04-21,993.00,1059.35,6.68,6.68,-3.43,1.17,1004.00,1.11,12.04,-3.43,-1.26,1221.60,23.02,23.02,-3.43,-1.61,1346.80,35.63,35.63,-3.43,1.49,1359.10,36.87,46.21,-3.43,2.06
Wkly_upswing,TATAPOWER,Largecap,Power & Utilities,2026-04-17,432.00,2026-04-20,432.00,442.65,2.47,6.90,-0.39,-0.27,415.00,-3.94,6.90,-6.40,-1.52,411.75,-4.69,6.90,-6.40,-1.83,401.50,-7.06,6.90,-9.66,1.05,377.10,-12.71,6.90,-13.87,1.59
63_30_daily,IGIL,Midcap,Miscellaneous,2026-04-15,355.00,2026-04-16,360.70,345.95,-4.09,3.37,-4.09,0.39,326.65,-9.44,3.37,-9.66,-0.29,362.65,0.54,5.70,-13.14,-0.70,369.25,2.37,5.70,-13.14,1.31,343.75,-4.70,5.70,-13.14,2.67
63_30_daily,JINDALSAW,Midcap,Industrials,2026-04-15,220.40,2026-04-16,221.99,222.75,0.34,10.49,-0.26,0.39,229.09,3.20,10.49,-0.26,-0.29,240.88,8.51,11.31,-1.31,-0.70,246.31,10.96,17.12,-1.31,1.31,258.85,16.60,24.24,-1.31,2.67
63_30_daily,JSWENERGY,Largecap,Power & Utilities,2026-04-15,534.80,2026-04-16,534.80,561.15,4.93,8.62,0.22,0.39,515.05,-3.69,8.62,-4.79,-0.29,583.45,9.10,12.57,-4.79,-0.70,566.25,5.88,12.57,-4.79,1.31,557.25,4.20,12.57,-4.79,2.67
63_30_daily,WSTCSTPAPR,Smallcap,Building Materials,2026-04-15,491.60,2026-04-16,491.60,483.60,-1.63,2.09,-4.29,0.39,467.10,-4.98,7.54,-4.98,-0.29,511.95,4.14,7.54,-5.13,-0.70,510.45,3.83,7.54,-5.13,1.31,528.50,7.51,11.36,-5.13,2.67
Bullish_Scanner,GPIL,Midcap,Metals & Mining,2026-04-15,304.95,2026-04-16,307.45,296.30,-3.63,-0.62,-5.69,0.39,287.90,-6.36,-0.57,-8.18,-0.29,281.65,-8.39,-0.52,-8.39,-0.70,281.75,-8.36,-0.52,-10.57,1.31,251.85,-18.08,-0.52,-19.79,2.67
Bullish_Scanner,JINDALSAW,Midcap,Industrials,2026-04-15,220.40,2026-04-16,221.99,222.75,0.34,10.49,-0.26,0.39,229.09,3.20,10.49,-0.26,-0.29,240.88,8.51,11.31,-1.31,-0.70,246.31,10.96,17.12,-1.31,1.31,258.85,16.60,24.24,-1.31,2.67
Bullish_Scanner,KIRLOSENG,Largecap,Industrials,2026-04-15,1613.20,2026-04-16,1618.00,1698.20,4.96,6.58,-1.66,0.39,1740.20,7.55,7.55,-3.52,-0.29,1918.50,18.57,19.16,-3.52,-0.70,1933.80,19.52,20.51,-3.52,1.31,2362.30,46.00,58.44,-3.52,2.67
Bullish_Scanner,NMDC,Largecap,Metals & Mining,2026-04-15,87.97,2026-04-16,87.97,90.37,2.73,4.27,-0.92,0.39,91.41,3.91,5.96,-1.53,-0.29,92.37,5.00,5.96,-1.53,-0.70,88.47,0.57,9.17,-1.53,1.31,84.99,-3.39,9.17,-4.81,2.67
Bullish_Scanner,TATAPOWER,Largecap,Power & Utilities,2026-04-15,423.90,2026-04-16,427.40,444.55,4.01,8.05,-0.19,0.39,407.00,-4.77,8.05,-5.37,-0.29,419.50,-1.85,8.05,-5.39,-0.70,404.10,-5.45,8.05,-8.69,1.31,377.70,-11.63,8.05,-12.94,2.67
63_30_daily,SGFIN,Smallcap,Financials,2026-04-16,532.70,2026-04-17,532.70,565.85,6.22,6.59,-6.75,0.77,548.95,3.05,13.60,-6.75,-0.86,567.90,6.61,13.60,-6.75,-0.60,587.60,10.31,14.84,-6.75,1.50,625.65,17.45,27.04,-6.75,2.68
Bullish_Scanner,NLCINDIA,Largecap,Power & Utilities,2026-04-16,307.45,2026-04-17,307.45,320.40,4.21,4.21,-3.43,0.77,348.15,13.24,20.64,-3.43,-0.86,349.10,13.55,20.64,-3.43,-0.60,313.45,1.95,20.64,-3.43,1.50,302.30,-1.68,20.64,-4.29,2.68
Bullish_Scanner,SENORES,Midcap,Healthcare,2026-04-16,896.50,2026-04-17,898.80,894.25,-0.51,4.56,-1.81,0.77,1129.50,25.67,25.67,-1.86,-0.86,1033.50,14.99,28.52,-1.86,-0.60,1257.20,39.88,43.52,-1.86,1.50,1480.90,64.76,64.76,-1.86,2.68
Bullish_Scanner,SGFIN,Smallcap,Financials,2026-04-16,532.70,2026-04-17,532.70,565.85,6.22,6.59,-6.75,0.77,548.95,3.05,13.60,-6.75,-0.86,567.90,6.61,13.60,-6.75,-0.60,587.60,10.31,14.84,-6.75,1.50,625.65,17.45,27.04,-6.75,2.68
Bullish_Scanner,VISHNU,Smallcap,Chemicals,2026-04-16,598.90,2026-04-17,598.90,617.35,3.08,3.08,-4.76,0.77,579.20,-3.29,3.08,-4.76,-0.86,626.70,4.64,4.64,-4.76,-0.60,601.80,0.48,4.64,-4.76,1.50,625.60,4.46,5.43,-4.76,2.68
63_30_daily,IOLCP,Midcap,Healthcare,2026-04-17,93.73,2026-04-22,93.73,97.81,4.35,4.35,-4.93,0.74,121.17,29.28,29.28,-4.93,-1.91,131.68,40.49,45.27,-4.93,-2.50,130.21,38.92,45.27,-4.93,0.44,155.43,65.83,85.40,-4.93,1.28
Bullish_Scanner,CGPOWER,Largecap,Industrials,2026-04-17,776.50,2026-04-20,776.50,826.90,6.49,7.89,2.47,-0.27,819.40,5.52,12.50,2.47,-1.52,906.65,16.76,20.39,2.47,-1.83,963.75,24.11,24.11,2.47,1.05,921.95,18.73,25.76,2.47,1.59
63_30_daily,GUJALKALI,Smallcap,Chemicals,2026-04-20,745.55,2026-04-21,745.55,786.75,5.53,7.52,-5.08,1.17,717.25,-3.80,7.52,-8.90,-1.26,665.45,-10.74,7.52,-10.82,-1.61,638.35,-14.38,7.52,-17.14,1.49,586.20,-21.37,7.52,-21.91,2.06
Bullish_Scanner,NTPC,Largecap,Power & Utilities,2026-04-20,400.85,2026-04-21,400.85,394.85,-1.50,2.33,-1.50,1.17,392.45,-2.10,2.33,-3.13,-1.26,366.40,-8.59,2.33,-8.59,-1.61,361.95,-9.70,2.33,-13.16,1.49,341.85,-14.72,2.33,-14.72,2.06
Wkly_upswing,HSCL,Largecap,Chemicals,2026-04-24,605.00,2026-04-29,605.00,617.05,1.99,5.40,-0.56,-0.67,606.45,0.24,5.40,-8.84,-0.48,680.50,12.48,14.55,-8.84,-0.73,675.50,11.65,15.88,-8.84,1.03,790.45,30.65,32.38,-8.84,1.70
Wkly_upswing,NESTLEIND,Largecap,FMCG,2026-04-24,1430.90,2026-04-27,1430.90,1468.60,2.63,3.86,-0.95,-1.20,1428.60,-0.16,3.86,-1.71,1.45,1438.30,0.52,3.86,-3.35,-1.49,1382.60,-3.38,3.86,-3.93,2.46,1447.90,1.19,4.38,-3.93,1.83
Wkly_upswing,RHETAN,Smallcap,Metals & Mining,2026-04-24,29.49,2026-04-27,29.49,26.17,-11.26,0.71,-17.43,-1.20,29.96,1.59,1.59,-17.43,1.45,30.83,4.54,4.98,-17.43,-1.49,27.47,-6.85,6.61,-17.43,2.46,28.57,-3.12,6.61,-17.43,1.83
Wkly_upswing,SIGMAADV,Midcap,Aerospace & Defence,2026-04-24,239.70,2026-04-27,248.49,336.45,35.40,36.40,0.00,-1.20,385.35,55.08,55.08,0.00,1.45,459.30,84.84,84.84,0.00,-1.49,607.75,144.58,144.58,0.00,2.46,499.80,101.13,147.51,0.00,1.83
Wkly_upswing,TORNTPOWER,Largecap,Power & Utilities,2026-04-24,1744.40,2026-04-27,1744.40,1597.60,-8.42,1.61,-8.42,-1.20,1468.50,-15.82,1.61,-16.47,1.45,1399.10,-19.79,1.61,-19.79,-1.49,1444.20,-17.21,1.61,-21.10,2.46,1430.00,-18.02,1.61,-22.19,1.83
63_30_daily,JAGSNPHARM,Smallcap,Healthcare,2026-04-21,201.79,2026-04-23,201.79,217.34,7.71,7.71,-1.28,0.54,209.92,4.03,7.71,-2.26,-1.48,198.62,-1.57,7.71,-2.26,-3.56,222.71,10.37,10.37,-2.26,1.18,222.06,10.05,18.30,-2.26,1.57
63_30_daily,PRAJIND,Midcap,Industrials,2026-04-21,368.00,2026-04-22,368.95,403.60,9.39,12.62,3.75,0.74,390.45,5.83,12.62,-1.15,-1.91,353.45,-4.20,12.62,-8.32,-2.50,340.50,-7.71,12.62,-10.96,0.44,337.60,-8.50,12.62,-10.96,1.28
Bullish_Scanner,CEIGALL,Midcap,Realty,2026-04-21,325.00,2026-04-22,325.00,366.15,12.66,12.66,-0.06,0.74,331.10,1.88,15.94,-1.80,-1.91,358.50,10.31,15.94,-1.80,-2.50,374.60,15.26,16.86,-1.80,0.44,341.35,5.03,21.83,-1.80,1.28
Bullish_Scanner,HSCL,Largecap,Chemicals,2026-04-21,513.45,2026-04-22,513.45,614.90,19.76,23.70,1.88,0.74,590.55,15.02,24.19,1.88,-1.91,685.05,33.42,33.42,1.88,-2.50,671.05,30.69,36.55,1.88,0.44,769.90,49.95,49.95,1.88,1.28
63_30_daily,RISHABH,Smallcap,Industrials,2026-04-22,514.85,2026-04-23,514.85,527.15,2.39,2.39,-8.34,0.54,517.40,0.50,2.79,-9.52,-1.48,508.95,-1.15,7.43,-9.52,-3.56,585.15,13.65,13.65,-9.52,1.18,652.60,26.76,28.60,-9.52,1.57
63_30_daily,URBANCO,Largecap,I.T,2026-04-22,149.50,2026-04-23,149.50,139.67,-6.58,2.31,-6.58,0.54,120.03,-19.71,2.31,-20.08,-1.48,120.25,-19.57,2.31,-20.08,-3.56,136.98,-8.37,2.31,-20.08,1.18,134.13,-10.28,2.31,-20.08,1.57
Bullish_Scanner,BALRAMCHIN,Midcap,FMCG,2026-04-22,544.45,2026-04-23,544.45,522.75,-3.99,-0.76,-6.57,0.54,535.10,-1.72,1.10,-6.57,-1.48,550.40,1.09,1.10,-6.57,-3.56,536.60,-1.44,2.68,-6.57,1.18,617.85,13.48,13.48,-6.57,1.57
Bullish_Scanner,NTPC,Largecap,Power & Utilities,2026-04-22,407.25,2026-04-27,407.25,392.70,-3.57,0.72,-3.57,-1.20,389.70,-4.31,0.72,-4.65,1.45,351.65,-13.65,0.72,-13.65,-1.49,357.05,-12.33,0.72,-14.52,2.46,348.60,-14.40,0.72,-16.06,1.83
Bullish_Scanner,SANGAMIND,Smallcap,Textiles,2026-04-22,548.00,2026-04-23,555.00,523.00,-5.77,-4.48,-7.53,0.54,495.75,-10.68,-4.48,-12.89,-1.48,523.60,-5.66,-4.14,-12.89,-3.56,536.95,-3.25,-2.30,-12.89,1.18,618.95,11.52,14.77,-12.89,1.57
63_30_daily,NOCIL,Smallcap,Chemicals,2026-04-23,183.90,2026-04-24,185.00,171.44,-7.33,2.83,-7.33,-0.07,165.74,-10.41,2.83,-12.62,0.52,156.44,-15.44,2.83,-15.72,-1.93,189.29,2.32,3.15,-15.72,0.88,163.99,-11.36,3.15,-15.72,1.47
63_30_daily,STAR,Midcap,Healthcare,2026-04-23,1080.90,2026-04-24,1080.90,1156.20,6.97,7.03,-4.57,-0.07,1188.10,9.92,9.92,-4.57,0.52,1017.00,-5.91,9.92,-6.96,-1.93,1111.20,2.80,9.92,-9.50,0.88,1040.70,-3.72,9.92,-9.50,1.47
63_30_daily,WELCORP,Largecap,Industrials,2026-04-23,1234.95,2026-04-28,1234.95,1352.80,9.54,9.54,-0.69,-1.95,1372.90,11.17,11.17,-0.69,0.64,1389.40,12.51,14.47,-0.69,-3.10,1455.10,17.83,17.83,-0.69,1.28,1596.90,29.31,36.36,-0.69,0.40
Bullish_Scanner,RHETAN,Smallcap,Metals & Mining,2026-04-23,28.80,2026-04-24,29.04,26.75,-7.89,2.27,-16.15,-0.07,29.54,1.72,2.27,-16.15,0.52,30.44,4.82,6.61,-16.15,-1.93,27.16,-6.47,8.26,-16.15,0.88,28.48,-1.93,8.26,-16.15,1.47
63_30_daily,SBCL,Midcap,Metals & Mining,2026-04-24,625.00,2026-04-27,625.00,583.10,-6.70,2.32,-6.70,-1.20,748.75,19.80,19.80,-8.20,1.45,714.50,14.32,21.58,-8.20,-1.49,756.75,21.08,24.21,-8.20,2.46,753.15,20.50,27.05,-8.20,1.83
63_30_daily,ADVENZYMES,Smallcap,Healthcare,2026-04-27,334.40,2026-04-28,334.40,367.95,10.03,16.75,1.00,-1.95,371.75,11.17,16.75,1.00,0.64,361.40,8.07,17.25,1.00,-3.10,348.35,4.17,17.25,1.00,1.28,317.35,-5.10,17.25,-8.04,0.40
63_30_daily,BHAGYANGR,Smallcap,Power & Utilities,2026-04-27,255.99,2026-04-28,255.99,336.60,31.49,31.49,5.24,-1.95,279.25,9.09,31.49,5.24,0.64,304.80,19.07,32.56,5.24,-3.10,392.15,53.19,59.17,5.24,1.28,410.90,60.51,68.70,5.24,0.40
63_30_daily,GKSL,Smallcap,Healthcare,2026-04-27,119.50,2026-04-29,119.50,142.08,18.90,19.03,-0.52,-0.67,137.52,15.08,19.94,-0.52,-0.48,130.08,8.85,19.94,-0.52,-0.73,129.33,8.23,19.94,-0.52,1.03,127.39,6.60,19.94,-0.52,1.70
63_30_daily,KIRLPNU,Smallcap,Industrials,2026-04-27,755.00,2026-04-28,755.00,730.20,-3.28,5.35,-3.28,-1.95,821.90,8.86,10.07,-3.28,0.64,787.45,4.30,10.07,-3.28,-3.10,949.60,25.77,38.51,-3.28,1.28,748.55,-0.85,38.51,-3.28,0.40
63_30_daily,PITTIENG,Smallcap,Industrials,2026-04-27,1013.00,2026-04-28,1013.00,915.75,-9.60,-1.00,-9.60,-1.95,968.60,-4.38,-1.00,-11.46,0.64,930.25,-8.17,-1.00,-11.46,-3.10,978.80,-3.38,-0.35,-11.46,1.28,920.65,-9.12,-0.35,-11.46,0.40
63_30_daily,TALBROAUTO,Smallcap,Auto,2026-04-27,299.00,2026-04-28,299.00,333.70,11.61,12.64,4.33,-1.95,348.20,16.45,20.08,4.33,0.64,356.85,19.35,21.24,4.33,-3.10,406.50,35.95,35.95,4.33,1.28,391.75,31.02,43.86,4.33,0.40
63_30_daily,TATAPOWER,Largecap,Power & Utilities,2026-04-27,455.95,2026-04-28,455.95,404.45,-11.30,1.28,-11.30,-1.95,425.80,-6.61,1.28,-11.32,0.64,390.25,-14.41,1.28,-14.41,-3.10,388.95,-14.69,1.28,-14.69,1.28,374.40,-17.89,1.28,-18.39,0.40
63_30_daily,USHAMART,Midcap,Metals & Mining,2026-04-27,470.00,2026-04-30,470.00,472.95,0.63,1.63,-3.87,-1.49,490.75,4.41,8.61,-3.87,-1.89,494.95,5.31,10.60,-3.87,0.09,496.90,5.72,10.60,-3.87,0.55,512.30,9.00,10.60,-3.87,1.07
63_30_daily,VIJAYA,Midcap,Healthcare,2026-04-27,1120.00,2026-04-28,1120.00,1292.00,15.36,19.88,-0.86,-1.95,1261.40,12.62,19.88,-0.86,0.64,1279.20,14.21,22.54,-0.86,-3.10,1367.80,22.12,22.54,-0.86,1.28,1313.90,17.31,26.12,-0.86,0.40
Bullish_Scanner,MWL,Smallcap,Metals & Mining,2026-04-27,31.02,2026-04-28,31.02,34.73,11.94,16.13,2.40,-1.95,38.11,22.86,22.86,2.40,0.64,37.59,21.20,22.86,2.40,-3.10,37.10,19.62,22.86,2.40,1.28,36.00,16.05,22.86,2.40,0.40
Wkly_upswing,ADANIPORTS,Largecap,Transportation,2026-04-30,1677.00,2026-05-04,1702.00,1787.70,5.04,5.47,-0.81,-0.98,1814.50,6.61,7.20,-0.81,-0.72,1822.00,7.05,7.31,-0.81,1.38,1848.20,8.59,8.59,-0.81,1.89,1719.70,1.04,10.65,-0.81,2.95
Wkly_upswing,AUSOMENT,Smallcap,Consumer Discretionary,2026-04-30,159.40,2026-05-05,159.40,121.00,-24.09,-4.52,-24.09,-1.35,120.00,-24.72,-4.52,-24.72,-1.66,118.31,-25.78,-4.52,-28.04,1.22,115.35,-27.63,-4.52,-28.62,1.90,138.67,-13.01,-4.52,-28.62,2.29
Wkly_upswing,BBOX,Midcap,I.T,2026-04-30,655.85,2026-05-04,655.85,935.20,42.59,42.59,0.83,-0.98,1031.80,57.32,59.58,0.83,-0.72,1016.70,55.02,64.40,0.83,1.38,962.50,46.76,64.40,0.83,1.89,740.65,12.93,64.40,0.83,2.95
63_30_daily,AVL,Midcap,Consumer Discretionary,2026-04-28,550.00,2026-05-04,550.00,551.35,0.25,1.40,-1.63,-0.98,508.20,-7.60,1.40,-7.60,-0.72,590.90,7.44,7.44,-7.60,1.38,646.65,17.57,21.55,-7.60,1.89,626.30,13.87,21.55,-7.60,2.95
63_30_daily,DHANBANK,Smallcap,Bank,2026-04-28,33.40,2026-04-29,33.40,32.07,-3.98,0.69,-8.95,-0.67,32.88,-1.56,3.05,-8.95,-0.48,32.41,-2.96,3.05,-8.95,-0.73,31.59,-5.42,3.86,-8.95,1.03,35.40,5.99,8.44,-8.95,1.70
63_30_daily,EMIL,Midcap,Consumer Discretionary,2026-04-28,127.00,2026-04-29,127.00,119.92,-5.57,0.13,-10.61,-0.67,114.00,-10.24,0.13,-10.61,-0.48,105.50,-16.93,0.13,-20.03,-0.73,116.31,-8.42,0.13,-20.03,1.03,125.67,-1.05,10.77,-20.03,1.70
63_30_daily,PTC,Smallcap,Power & Utilities,2026-04-28,206.79,2026-04-29,208.25,211.74,1.68,9.19,-3.03,-0.67,183.15,-12.05,9.19,-12.05,-0.48,189.20,-9.15,9.19,-12.85,-0.73,181.89,-12.66,9.19,-12.85,1.03,166.33,-20.13,9.19,-21.06,1.70
63_30_daily,URJA,Smallcap,Auto,2026-04-28,13.09,2026-04-29,13.09,10.67,-18.49,-11.00,-21.01,-0.67,11.04,-15.66,-11.00,-21.01,-0.48,10.36,-20.86,-11.00,-22.61,-0.73,9.49,-27.50,-11.00,-27.50,1.03,9.10,-30.48,-11.00,-30.86,1.70
Bullish_Scanner,BBOX,Midcap,I.T,2026-04-28,655.85,2026-05-04,655.85,935.20,42.59,42.59,0.83,-0.98,1031.80,57.32,59.58,0.83,-0.72,1016.70,55.02,64.40,0.83,1.38,962.50,46.76,64.40,0.83,1.89,740.65,12.93,64.40,0.83,2.95
Bullish_Scanner,DHANBANK,Smallcap,Bank,2026-04-28,33.40,2026-04-29,33.40,32.07,-3.98,0.69,-8.95,-0.67,32.88,-1.56,3.05,-8.95,-0.48,32.41,-2.96,3.05,-8.95,-0.73,31.59,-5.42,3.86,-8.95,1.03,35.40,5.99,8.44,-8.95,1.70
Bullish_Scanner,RRKABEL,Largecap,Industrials,2026-04-28,1620.00,2026-04-29,1620.00,2037.30,25.76,25.76,-3.02,-0.67,2056.30,26.93,26.93,-3.02,-0.48,2168.20,33.84,37.25,-3.02,-0.73,2502.30,54.46,54.46,-3.02,1.03,2525.30,55.88,55.88,-3.02,1.70
63_30_daily,ARIS,Smallcap,Services,2026-04-29,139.80,2026-04-30,139.80,137.91,-1.35,10.30,-4.44,-1.49,113.91,-18.52,10.30,-18.52,-1.89,125.40,-10.30,10.30,-19.42,0.09,106.08,-24.12,10.30,-24.12,0.55,128.24,-8.27,10.30,-24.12,1.07
63_30_daily,INDIAGLYCO,Smallcap,FMCG,2026-04-29,1039.00,2026-04-30,1039.00,1019.30,-1.90,10.72,-1.90,-1.49,996.15,-4.12,10.72,-6.16,-1.89,978.90,-5.78,10.72,-9.08,0.09,986.35,-5.07,10.72,-10.04,0.55,1147.90,10.48,14.00,-10.04,1.07
63_30_daily,SGFIN,Smallcap,Financials,2026-04-29,581.00,2026-05-04,581.00,548.95,-5.52,4.16,-5.52,-0.98,567.90,-2.25,4.16,-5.52,-0.72,587.60,1.14,5.29,-5.52,1.38,660.30,13.65,13.65,-5.52,1.89,679.60,16.97,19.80,-5.52,2.95
Bullish_Scanner,BANDHANBNK,Largecap,Bank,2026-04-29,204.44,2026-05-04,204.44,190.34,-6.90,2.17,-6.90,-0.98,206.33,0.92,2.17,-6.90,-0.72,216.74,6.02,6.02,-6.90,1.38,205.04,0.29,6.02,-6.90,1.89,173.58,-15.09,6.02,-18.88,2.95
Bullish_Scanner,COALINDIA,Largecap,Metals & Mining,2026-04-29,485.70,2026-04-30,485.70,462.20,-4.84,-0.88,-6.52,-1.49,472.60,-2.70,-0.88,-6.52,-1.89,444.05,-8.58,-0.83,-8.69,0.09,439.05,-9.60,-0.83,-10.36,0.55,410.15,-15.55,-0.83,-15.55,1.07
Bullish_Scanner,EMCURE,Largecap,Healthcare,2026-04-29,1769.00,2026-05-04,1769.00,1686.20,-4.68,1.37,-7.12,-0.98,1704.40,-3.65,1.37,-7.12,-0.72,1735.00,-1.92,1.37,-7.12,1.38,1830.90,3.50,6.29,-7.12,1.89,1903.70,7.61,8.81,-7.12,2.95
63_30_daily,BAJAJHIND,Smallcap,FMCG,2026-04-30,20.63,2026-05-04,20.63,17.27,-16.29,-1.07,-16.29,-0.98,18.72,-9.26,-1.07,-16.29,-0.72,19.87,-3.68,-1.07,-16.29,1.38,17.73,-14.06,-1.07,-16.29,1.89,16.92,-17.98,-1.07,-18.57,2.95
63_30_daily,CEMPRO,Largecap,Realty,2026-04-30,815.25,2026-05-04,846.25,879.05,3.88,14.66,3.88,-0.98,1041.70,23.10,26.89,0.63,-0.72,1162.20,37.34,46.19,0.63,1.38,1363.30,61.10,61.10,0.63,1.89,1341.60,58.53,93.75,0.63,2.95
63_30_daily,GLOBUSSPR,Smallcap,FMCG,2026-04-30,1125.00,2026-05-04,1125.00,879.40,-21.83,0.16,-21.83,-0.98,859.05,-23.64,0.16,-24.06,-0.72,863.25,-23.27,0.16,-25.68,1.38,919.40,-18.28,0.16,-25.68,1.89,876.95,-22.05,0.16,-25.68,2.95
63_30_daily,INNOVACAP,Midcap,Healthcare,2026-04-30,763.40,2026-05-04,790.00,877.10,11.03,11.03,6.89,-0.98,862.40,9.16,11.42,6.77,-0.72,964.20,22.05,22.05,6.77,1.38,973.35,23.21,25.85,6.77,1.89,968.65,22.61,28.01,6.77,2.95
63_30_daily,URBANCO,Largecap,I.T,2026-04-30,156.00,2026-05-05,156.00,121.94,-21.83,-5.97,-22.47,-1.35,123.56,-20.79,-5.97,-23.41,-1.66,130.05,-16.63,-5.97,-23.41,1.22,131.89,-15.46,-5.97,-23.41,1.90,130.50,-16.35,-5.97,-23.41,2.29
63_30_daily,ADANIPORTS,Largecap,Transportation,2026-05-04,1748.60,2026-05-05,1749.80,1762.80,0.74,2.59,-3.52,-1.35,1803.80,3.09,4.27,-3.52,-1.66,1828.60,4.50,4.50,-3.52,1.22,1883.20,7.62,7.62,-3.52,1.90,1664.10,-4.90,7.62,-4.90,2.29
63_30_daily,AVALON,Midcap,Consumer Discretionary,2026-05-04,1169.90,2026-05-05,1182.00,1356.70,14.78,17.34,-2.64,-1.35,1515.80,28.24,28.64,-2.64,-1.66,1741.40,47.33,48.90,-2.64,1.22,1799.60,52.25,52.45,-2.64,1.90,1759.50,48.86,52.45,-2.64,2.29
63_30_daily,BHEL,Largecap,Industrials,2026-05-04,399.00,2026-05-07,399.00,408.15,2.29,3.55,-1.82,-2.29,386.95,-3.02,5.85,-3.02,-2.89,414.35,3.85,5.85,-7.11,0.05,387.50,-2.88,5.85,-7.11,1.30,411.15,3.05,9.12,-7.11,2.89
63_30_daily,CGCL,Largecap,Financials,2026-05-04,195.75,2026-05-05,195.75,182.39,-6.83,2.44,-6.83,-1.35,201.36,2.87,2.87,-6.83,-1.66,217.28,11.00,11.31,-6.83,1.22,227.76,16.35,16.35,-6.83,1.90,220.80,12.80,32.26,-6.83,2.29
63_30_daily,INDGN,Midcap,Healthcare,2026-05-04,538.90,2026-05-05,538.90,511.40,-5.10,1.04,-5.36,-1.35,519.95,-3.52,1.04,-5.63,-1.66,515.90,-4.27,1.04,-5.97,1.22,514.45,-4.54,1.04,-5.97,1.90,514.70,-4.49,1.04,-9.35,2.29
63_30_daily,KSL,Smallcap,Metals & Mining,2026-05-04,900.00,2026-05-05,900.00,821.85,-8.68,-0.52,-10.58,-1.35,848.70,-5.70,-0.52,-10.58,-1.66,813.55,-9.61,-0.52,-13.31,1.22,882.00,-2.00,-0.52,-13.31,1.90,880.75,-2.14,8.03,-13.31,2.29
63_30_daily,MANORAMA,Midcap,FMCG,2026-05-04,1573.70,2026-05-05,1573.70,1371.40,-12.86,2.15,-17.04,-1.35,1469.60,-6.61,2.15,-17.04,-1.66,1527.20,-2.95,2.15,-17.04,1.22,1581.20,0.48,5.19,-17.04,1.90,1635.20,3.91,5.41,-17.04,2.29
63_30_daily,NESCO,Midcap,Realty,2026-05-04,1290.00,2026-05-05,1297.00,1258.60,-2.96,1.10,-6.03,-1.35,1156.60,-10.82,1.10,-11.84,-1.66,1116.20,-13.94,1.10,-16.55,1.22,1116.60,-13.91,1.10,-16.97,1.90,1080.50,-16.69,1.10,-22.26,2.29
63_30_daily,NOCIL,Smallcap,Chemicals,2026-05-04,191.00,2026-05-05,191.00,171.62,-10.15,-1.13,-15.36,-1.35,162.82,-14.75,-1.13,-15.36,-1.66,161.12,-15.64,-1.13,-18.37,1.22,179.16,-6.20,-0.09,-18.37,1.90,159.68,-16.40,-0.09,-18.37,2.29
63_30_daily,SATIN,Smallcap,Financials,2026-05-04,189.80,2026-05-05,190.89,222.31,16.46,18.10,-1.37,-1.35,235.25,23.24,23.24,-1.37,-1.66,235.59,23.42,26.83,-1.37,1.22,259.68,36.04,36.04,-1.37,1.90,257.42,34.85,40.85,-1.37,2.29
63_30_daily,SUNFLAG,Midcap,Metals & Mining,2026-05-04,326.95,2026-05-05,335.00,358.55,7.03,24.13,4.72,-1.35,383.00,14.33,24.13,4.52,-1.66,365.00,8.96,24.13,0.06,1.22,355.30,6.06,24.13,0.06,1.90,357.80,6.81,24.13,-2.27,2.29
63_30_daily,SURYODAY,Smallcap,Bank,2026-05-04,159.50,2026-05-05,159.50,162.55,1.91,12.81,-0.10,-1.35,169.67,6.38,12.81,-0.10,-1.66,170.54,6.92,12.81,-0.10,1.22,183.70,15.17,15.17,-0.10,1.90,161.65,1.35,21.82,-0.10,2.29
63_30_daily,UNIVCABLES,Midcap,Industrials,2026-05-04,993.55,2026-05-05,993.55,995.45,0.19,14.68,-1.79,-1.35,1189.90,19.76,24.72,-1.79,-1.66,1240.40,24.85,25.08,-1.79,1.22,1222.20,23.01,35.77,-1.79,1.90,1331.30,33.99,35.77,-1.79,2.29
63_30_daily,VIJAYA,Midcap,Healthcare,2026-05-04,1173.00,2026-05-05,1173.00,1300.10,10.84,14.46,0.22,-1.35,1279.40,9.07,14.46,0.22,-1.66,1299.50,10.78,17.00,0.22,1.22,1397.80,19.16,19.16,0.22,1.90,1360.20,15.96,20.42,0.22,2.29
63_30_daily,VINDHYATEL,Smallcap,Realty,2026-05-04,1520.00,2026-05-07,1520.00,1629.60,7.21,19.38,4.65,-2.29,1993.30,31.14,45.43,4.49,-2.89,2374.10,56.19,56.19,4.49,0.05,1983.60,30.50,56.19,4.49,1.30,2383.00,56.78,56.78,4.49,2.89
Bullish_Scanner,PTC,Smallcap,Power & Utilities,2026-05-04,217.59,2026-05-05,217.59,207.14,-4.80,4.50,-7.20,-1.35,185.20,-14.89,4.50,-15.83,-1.66,190.68,-12.37,4.50,-16.59,1.22,177.28,-18.53,4.50,-18.53,1.90,169.13,-22.27,4.50,-24.45,2.29
Wkly_upswing,MSPL,Smallcap,Metals & Mining,2026-05-08,42.18,2026-05-11,42.97,42.74,-0.54,0.23,-6.52,-0.81,40.28,-6.26,0.23,-6.52,-3.23,43.09,0.28,4.14,-6.96,-0.45,40.38,-6.03,4.14,-6.96,-0.90,35.89,-16.48,4.14,-20.43,2.68
63_30_daily,DSSL,Smallcap,I.T,2026-05-05,1338.60,2026-05-06,1338.60,1489.40,11.27,15.63,-2.53,-1.01,1356.50,1.34,41.57,-2.53,-1.36,1420.20,6.10,41.57,-6.84,1.75,1316.90,-1.62,41.57,-6.84,2.16,1233.10,-7.88,41.57,-11.73,2.86
63_30_daily,GABRIEL,Largecap,Auto,2026-05-05,1108.50,2026-05-07,1108.50,1106.40,-0.19,2.11,-4.07,-2.29,1000.60,-9.73,2.11,-9.73,-2.89,1197.40,8.02,8.02,-11.50,0.05,1275.10,15.03,15.04,-11.50,1.30,1527.40,37.79,37.79,-11.50,2.89
63_30_daily,GOODLUCK,Midcap,Metals & Mining,2026-05-05,463.33,2026-05-06,464.13,449.53,-3.15,2.53,-6.49,-1.01,448.17,-3.44,3.23,-6.97,-1.36,451.60,-2.70,3.23,-7.42,1.75,496.73,7.02,7.06,-7.42,2.16,505.83,8.98,17.02,-7.42,2.86
63_30_daily,METROPOLIS,Midcap,Healthcare,2026-05-05,516.20,2026-05-08,516.20,518.95,0.53,8.47,-1.70,-2.42,529.65,2.61,8.47,-1.70,-4.48,540.50,4.71,8.47,-1.70,0.21,566.15,9.68,11.11,-1.70,0.67,584.50,13.23,15.55,-1.70,2.05
63_30_daily,MUTHOOTMF,Smallcap,Financials,2026-05-05,210.00,2026-05-06,210.00,179.61,-14.47,2.14,-15.50,-1.01,180.95,-13.83,2.14,-17.11,-1.36,207.48,-1.20,2.14,-17.11,1.75,221.47,5.46,5.46,-17.11,2.16,245.46,16.89,21.81,-17.11,2.86
63_30_daily,NORTHARC,Smallcap,Financials,2026-05-05,278.40,2026-05-06,278.40,275.85,-0.92,11.62,-1.71,-1.01,290.30,4.27,11.62,-1.71,-1.36,295.05,5.98,11.62,-1.71,1.75,307.25,10.36,11.62,-1.71,2.16,287.00,3.09,16.85,-1.71,2.86
63_30_daily,SUMICHEM,Largecap,Chemicals,2026-05-05,480.20,2026-05-06,480.20,460.75,-4.05,3.89,-7.36,-1.01,473.10,-1.48,4.45,-7.36,-1.36,452.35,-5.80,4.45,-7.36,1.75,502.30,4.60,4.60,-12.56,2.16,510.30,6.27,12.59,-12.56,2.86
63_30_daily,CROMPTON,Midcap,Consumer Discretionary,2026-05-06,286.90,2026-05-07,286.90,291.85,1.73,5.25,-1.69,-2.29,266.60,-7.08,5.25,-7.08,-2.89,275.25,-4.06,5.25,-11.82,0.05,272.30,-5.09,5.25,-11.82,1.30,266.30,-7.18,5.25,-13.77,2.89
63_30_daily,KPEL,Smallcap,Realty,2026-05-06,410.00,2026-05-07,418.00,356.10,-14.81,-2.15,-18.60,-2.29,347.15,-16.95,-2.15,-18.60,-2.89,351.55,-15.90,-2.15,-21.56,0.05,331.55,-20.68,-2.15,-21.56,1.30,316.25,-24.34,-2.15,-27.56,2.89
63_30_daily,LICHSGFIN,Largecap,Financials,2026-05-06,585.00,2026-05-07,586.50,537.95,-8.28,-0.03,-8.28,-2.29,549.75,-6.27,-0.03,-9.10,-2.89,549.90,-6.24,-0.03,-9.10,0.05,548.85,-6.42,-0.03,-9.10,1.30,519.00,-11.51,-0.03,-11.51,2.89
63_30_daily,MARKSANS,Midcap,Healthcare,2026-05-06,207.00,2026-05-11,207.00,220.26,6.41,6.41,-4.15,-0.81,252.75,22.10,23.09,-4.15,-3.23,265.98,28.49,28.49,-4.15,-0.45,263.45,27.27,31.79,-4.15,-0.90,270.65,30.75,33.96,-4.15,2.68
63_30_daily,MOTILALOFS,Largecap,Financials,2026-05-06,900.00,2026-05-07,900.00,843.20,-6.31,-0.97,-7.30,-2.29,855.35,-4.96,-0.66,-7.30,-2.89,953.45,5.94,5.94,-8.76,0.05,953.00,5.89,7.59,-8.76,1.30,867.95,-3.56,9.21,-8.76,2.89
63_30_daily,PANACEABIO,Smallcap,Healthcare,2026-05-06,407.45,2026-05-07,407.45,424.30,4.14,4.14,-10.28,-2.29,540.20,32.58,32.58,-10.28,-2.89,536.40,31.65,49.16,-10.28,0.05,534.60,31.21,49.16,-10.28,1.30,423.45,3.93,49.16,-10.28,2.89
63_30_daily,RAYMOND,Midcap,Transportation,2026-05-06,527.95,2026-05-07,527.95,541.50,2.57,2.57,-14.09,-2.29,510.10,-3.38,5.86,-14.09,-2.89,586.45,11.08,12.11,-14.09,0.05,622.85,17.98,17.98,-14.09,1.30,602.00,14.03,19.65,-14.09,2.89
63_30_daily,RAYMONDREL,Smallcap,Realty,2026-05-06,569.60,2026-05-07,591.00,551.15,-6.74,7.48,-6.74,-2.29,602.10,1.88,7.48,-6.74,-2.89,633.60,7.21,7.48,-6.74,0.05,702.80,18.92,18.92,-6.74,1.30,669.75,13.32,22.29,-6.74,2.89
63_30_daily,STAR,Midcap,Healthcare,2026-05-06,1117.00,2026-05-07,1117.00,1159.10,3.77,3.77,2.21,-2.29,1044.60,-6.48,6.37,-8.04,-2.89,1110.90,-0.55,6.37,-12.43,0.05,1121.60,0.41,6.37,-12.43,1.30,1028.50,-7.92,6.37,-12.43,2.89
63_30_daily,WSTCSTPAPR,Smallcap,Building Materials,2026-05-06,535.35,2026-05-07,535.35,479.70,-10.40,-2.18,-12.88,-2.29,513.25,-4.13,-2.18,-12.88,-2.89,513.35,-4.11,-2.18,-12.88,0.05,523.55,-2.20,-0.19,-12.88,1.30,569.00,6.29,8.66,-12.88,2.89
Bullish_Scanner,ARMANFIN,Smallcap,Financials,2026-05-06,1818.00,2026-05-07,1818.00,1701.80,-6.39,3.32,-7.48,-2.29,1596.50,-12.18,3.32,-13.53,-2.89,1694.20,-6.81,3.32,-14.48,0.05,1750.80,-3.70,3.32,-14.48,1.30,1994.30,9.70,9.76,-14.48,2.89
Bullish_Scanner,SUNPHARMA,Largecap,Healthcare,2026-05-06,1857.80,2026-05-11,1857.80,1840.60,-0.93,2.58,-1.78,-0.81,1779.00,-4.24,2.58,-4.24,-3.23,1868.00,0.55,2.58,-4.24,-0.45,1888.20,1.64,2.96,-4.24,-0.90,1940.00,4.42,7.71,-4.24,2.68
63_30_daily,ARIS,Smallcap,Services,2026-05-07,147.50,2026-05-08,149.49,119.29,-20.20,3.15,-20.42,-2.42,113.53,-24.06,3.15,-24.06,-4.48,120.20,-19.59,3.15,-24.64,0.21,112.04,-25.05,3.15,-29.04,0.67,130.51,-12.70,3.15,-29.04,2.05
63_30_daily,ASAL,Smallcap,Auto,2026-05-07,561.25,2026-05-08,565.00,493.60,-12.64,-2.81,-16.96,-2.42,494.90,-12.41,-2.81,-16.96,-4.48,539.40,-4.53,-2.81,-16.96,0.21,514.45,-8.95,-2.81,-16.96,0.67,507.30,-10.21,-2.38,-16.96,2.05
63_30_daily,BORORENEW,Midcap,Building Materials,2026-05-07,568.90,2026-05-08,568.90,508.65,-10.59,-1.26,-12.37,-2.42,513.75,-9.69,-1.26,-13.53,-4.48,604.35,6.23,6.23,-13.53,0.21,608.85,7.02,9.86,-13.53,0.67,559.05,-1.73,14.55,-13.53,2.05
63_30_daily,CARBORUNIV,Largecap,Industrials,2026-05-07,1023.35,2026-05-08,1023.35,1056.85,3.27,7.72,-1.44,-2.42,1054.50,3.04,7.72,-1.44,-4.48,1211.40,18.38,21.34,-2.50,0.21,1106.10,8.09,21.34,-2.50,0.67,1078.50,5.39,21.34,-2.50,2.05
63_30_daily,COSMOFIRST,Smallcap,Industrials,2026-05-07,782.90,2026-05-08,782.90,771.10,-1.51,4.16,-2.91,-2.42,718.10,-8.28,4.16,-8.46,-4.48,774.35,-1.09,4.16,-8.46,0.21,852.95,8.95,9.40,-8.46,0.67,922.35,17.81,17.81,-8.46,2.05
63_30_daily,DCXINDIA,Smallcap,Aerospace & Defence,2026-05-07,222.70,2026-05-08,222.70,202.04,-9.28,0.07,-13.62,-2.42,183.51,-17.60,0.07,-17.60,-4.48,205.53,-7.71,0.07,-21.63,0.21,202.79,-8.94,0.07,-21.63,0.67,180.06,-19.15,0.07,-21.63,2.05
63_30_daily,E2E,Midcap,I.T,2026-05-07,327.74,2026-05-08,337.00,357.84,6.18,6.98,-10.26,-2.42,430.30,27.69,34.39,-10.26,-4.48,447.10,32.67,34.39,-10.26,0.21,371.30,10.18,34.39,-10.26,0.67,570.15,69.18,69.18,-10.26,2.05
63_30_daily,GODREJIND,Largecap,Chemicals,2026-05-07,1226.85,2026-05-08,1241.00,1126.50,-9.23,-1.83,-13.53,-2.42,1033.40,-16.73,-1.83,-16.73,-4.48,1115.40,-10.12,-1.83,-18.68,0.21,1212.80,-2.27,-1.83,-18.68,0.67,1308.80,5.46,14.24,-18.68,2.05
63_30_daily,IIFLCAPS,Midcap,Financials,2026-05-07,359.00,2026-05-08,359.00,342.55,-4.58,-0.75,-4.81,-2.42,340.00,-5.29,-0.75,-5.81,-4.48,345.55,-3.75,-0.75,-5.81,0.21,338.95,-5.58,-0.75,-5.95,0.67,334.90,-6.71,-0.75,-6.71,2.05
63_30_daily,KERNEX,Smallcap,Consumer Discretionary,2026-05-07,1530.00,2026-05-08,1535.00,1351.40,-11.96,3.18,-11.96,-2.42,1887.00,22.93,23.13,-11.96,-4.48,1969.20,28.29,37.04,-11.96,0.21,2190.20,42.68,56.55,-11.96,0.67,2419.10,57.60,57.60,-11.96,2.05
63_30_daily,LXCHEM,Smallcap,Chemicals,2026-05-07,164.90,2026-05-08,164.90,151.81,-7.94,0.64,-8.37,-2.42,151.34,-8.22,0.64,-10.20,-4.48,162.91,-1.21,0.64,-10.38,0.21,155.68,-5.59,0.64,-10.38,0.67,184.29,11.76,21.59,-10.38,2.05
63_30_daily,MOSCHIP,Smallcap,I.T,2026-05-07,235.00,2026-05-08,235.00,201.06,-14.44,-3.13,-14.44,-2.42,208.10,-11.45,-3.13,-14.44,-4.48,213.23,-9.26,-3.13,-14.44,0.21,225.90,-3.87,-1.28,-14.44,0.67,208.59,-11.24,5.52,-14.44,2.05
63_30_daily,ONIDA,Smallcap,Consumer Discretionary,2026-05-07,39.75,2026-05-08,41.75,39.36,-5.72,10.47,-9.29,-2.42,37.92,-9.17,10.47,-9.29,-4.48,41.57,-0.43,10.47,-14.37,0.21,42.90,2.75,10.47,-14.37,0.67,38.40,-8.02,10.47,-14.37,2.05
63_30_daily,PLATIND,Smallcap,Chemicals,2026-05-07,258.89,2026-05-08,258.89,221.78,-14.33,2.00,-14.33,-2.42,212.27,-18.01,2.00,-18.01,-4.48,232.64,-10.14,2.00,-18.78,0.21,237.28,-8.35,2.00,-18.78,0.67,227.03,-12.31,2.00,-18.78,2.05
63_30_daily,SYRMA,Largecap,Consumer Discretionary,2026-05-07,1104.35,2026-05-08,1104.35,1038.85,-5.93,0.75,-12.17,-2.42,1201.20,8.77,11.09,-12.17,-4.48,1336.20,20.99,21.95,-12.17,0.21,1356.00,22.79,30.44,-12.17,0.67,1421.60,28.73,31.47,-12.17,2.05
Bullish_Scanner,GODREJIND,Largecap,Chemicals,2026-05-07,1226.85,2026-05-08,1241.00,1126.50,-9.23,-1.83,-13.53,-2.42,1033.40,-16.73,-1.83,-16.73,-4.48,1115.40,-10.12,-1.83,-18.68,0.21,1212.80,-2.27,-1.83,-18.68,0.67,1308.80,5.46,14.24,-18.68,2.05
63_30_daily,NRBBEARING,Midcap,Industrials,2026-05-08,350.00,2026-05-13,350.00,381.80,9.09,10.33,-2.97,2.99,435.70,24.49,25.41,-2.97,-0.83,429.20,22.63,25.41,-2.97,3.65,428.95,22.56,26.86,-2.97,4.70,461.50,31.86,31.86,-2.97,6.33
63_30_daily,RPTECH,Midcap,I.T,2026-05-08,538.00,2026-05-11,538.00,547.40,1.75,2.41,-5.66,-0.81,552.65,2.72,3.26,-5.66,-3.23,735.50,36.71,41.30,-5.66,-0.45,740.45,37.63,48.18,-5.66,-0.90,902.85,67.82,67.82,-5.66,2.68
63_30_daily,IOLCP,Midcap,Healthcare,2026-05-11,113.40,2026-05-12,113.40,136.06,19.98,19.98,-6.78,0.45,129.54,14.23,20.07,-6.78,-2.46,130.96,15.49,20.07,-6.78,1.45,168.15,48.28,48.28,-6.78,1.25,163.18,43.90,53.25,-6.78,4.10
63_30_daily,TATACONSUM,Largecap,FMCG,2026-05-11,1279.40,2026-05-12,1279.40,1187.60,-7.18,-2.06,-7.21,0.45,1108.00,-13.40,-2.06,-13.51,-2.46,1098.10,-14.17,-2.06,-14.17,1.45,1106.70,-13.50,-2.06,-15.93,1.25,1090.00,-14.80,-2.06,-15.93,4.10
Bullish_Scanner,TATACONSUM,Largecap,FMCG,2026-05-11,1279.40,2026-05-12,1279.40,1187.60,-7.18,-2.06,-7.21,0.45,1108.00,-13.40,-2.06,-13.51,-2.46,1098.10,-14.17,-2.06,-14.17,1.45,1106.70,-13.50,-2.06,-15.93,1.25,1090.00,-14.80,-2.06,-15.93,4.10
63_30_daily,VERANDA,Smallcap,Services,2026-05-13,245.00,2026-05-14,245.00,234.89,-4.13,-0.42,-5.12,1.25,226.92,-7.38,-0.42,-10.87,0.99,233.57,-4.67,-0.04,-10.87,2.78,231.86,-5.36,5.93,-10.87,4.33,246.70,0.69,5.93,-10.87,6.10
63_30_daily,BALAMINES,Midcap,Chemicals,2026-05-14,1623.40,2026-05-15,1660.00,1751.80,5.53,15.72,2.78,-0.77,2108.10,26.99,35.07,2.78,1.23,2035.90,22.64,35.07,2.78,1.69,2311.50,39.25,45.48,2.78,2.59,2123.70,27.93,45.48,2.78,4.72
63_30_daily,CARERATING,Smallcap,Financials,2026-05-14,1787.20,2026-05-15,1787.20,1600.90,-10.42,0.74,-10.42,-0.77,1651.30,-7.60,0.74,-10.62,1.23,1650.40,-7.65,0.74,-10.62,1.69,1656.30,-7.32,0.74,-10.62,2.59,1688.60,-5.52,0.74,-10.62,4.72
63_30_daily,DIACABS,Largecap,Industrials,2026-05-14,191.99,2026-05-15,195.00,182.99,-6.16,5.97,-6.16,-0.77,215.34,10.43,10.43,-6.16,1.23,209.34,7.35,10.43,-6.16,1.69,224.97,15.37,22.67,-6.16,2.59,362.00,85.64,86.69,-6.16,4.72
63_30_daily,FCL,Midcap,Chemicals,2026-05-18,30.52,2026-05-19,33.00,43.54,31.94,31.94,-4.27,-0.04,44.83,35.85,35.85,-4.27,2.89,39.89,20.88,37.61,-4.27,3.58,38.35,16.21,37.61,-4.27,3.44,41.66,26.24,37.61,-4.27,5.33
Bullish_Scanner,SANSTAR,Smallcap,FMCG,2026-05-18,113.00,2026-05-19,113.00,118.27,4.66,4.93,-7.99,-0.04,114.77,1.57,4.93,-7.99,2.89,119.18,5.47,12.77,-7.99,3.58,111.22,-1.58,12.77,-7.99,3.44,112.90,-0.09,12.77,-7.99,5.33
Wkly_upswing,PRECOT,Smallcap,Textiles,2026-05-22,783.90,2026-05-25,783.90,686.10,-12.48,7.78,-12.48,-1.24,725.85,-7.41,7.78,-15.28,1.59,771.55,-1.58,7.78,-15.28,1.13,834.45,6.45,9.12,-15.28,2.18,721.60,-7.95,9.12,-15.28,3.24
63_30_daily,DSSL,Smallcap,I.T,2026-05-19,1575.80,2026-05-20,1575.80,1356.50,-13.92,20.26,-13.92,-0.11,1420.20,-9.87,20.26,-20.87,3.04,1316.90,-16.43,20.26,-20.87,3.46,1214.80,-22.91,20.26,-23.16,3.62,1196.40,-24.08,20.26,-25.02,4.76
63_30_daily,SPARC,Midcap,Healthcare,2026-05-19,189.45,2026-05-22,189.45,203.60,7.47,24.34,3.65,-1.90,238.03,25.64,27.99,3.65,2.92,266.34,40.59,40.59,3.65,3.39,224.52,18.51,46.51,3.65,3.32,192.93,1.84,46.51,1.84,3.85
63_30_daily,TATATECH,Largecap,I.T,2026-05-19,672.00,2026-05-20,672.00,748.35,11.36,11.36,-1.18,-0.11,753.70,12.16,16.01,-1.18,3.04,715.40,6.46,16.01,-1.18,3.46,758.05,12.81,16.01,-1.18,3.62,867.90,29.15,30.83,-1.18,4.76
Bullish_Scanner,ZYDUSLIFE,Largecap,Healthcare,2026-05-19,1048.00,2026-05-20,1066.15,1084.60,1.73,2.35,-2.79,-0.11,1074.40,0.77,3.73,-2.79,3.04,1140.60,6.98,6.98,-2.79,3.46,1143.70,7.27,8.71,-2.79,3.62,1135.20,6.48,13.02,-2.79,4.76
63_30_daily,ASIANENE,Smallcap,Energy,2026-05-20,375.75,2026-05-22,375.75,376.60,0.23,1.69,-7.70,-1.90,374.30,-0.39,2.14,-7.70,2.92,328.90,-12.47,2.14,-12.96,3.39,350.75,-6.65,2.14,-15.69,3.32,463.05,23.23,23.23,-15.69,3.85
63_30_daily,AVALON,Midcap,Consumer Discretionary,2026-05-20,1499.00,2026-05-21,1499.00,1607.90,7.26,9.25,-3.15,-0.50,1744.60,16.38,17.41,-3.15,2.51,1737.10,15.88,20.21,-3.15,3.79,1716.50,14.51,20.21,-3.15,3.37,2059.40,37.38,37.38,-3.15,4.37
63_30_daily,CARYSIL,Smallcap,Consumer Discretionary,2026-05-20,1070.00,2026-05-21,1070.00,1102.00,2.99,6.36,-1.87,-0.50,1199.30,12.08,15.68,-1.87,2.51,1146.80,7.18,15.68,-1.87,3.79,1177.80,10.07,15.68,-1.87,3.37,1155.80,8.02,16.98,-1.87,4.37
63_30_daily,NOVARTIND,Smallcap,Healthcare,2026-05-20,1348.00,2026-05-21,1348.00,1391.10,3.20,15.47,-1.85,-0.50,1388.90,3.03,15.47,-3.98,2.51,1457.40,8.12,15.47,-3.98,3.79,1667.90,23.73,23.73,-3.98,3.37,1589.10,17.89,26.25,-3.98,4.37
63_30_daily,RAYMOND,Midcap,Transportation,2026-05-20,551.30,2026-05-21,551.30,510.10,-7.47,1.38,-7.47,-0.50,586.45,6.38,7.36,-7.47,2.51,622.85,12.98,12.98,-7.47,3.79,612.85,11.16,14.58,-7.47,3.37,647.85,17.51,17.51,-7.47,4.37
63_30_daily,CENTENKA,Smallcap,Textiles,2026-05-21,540.10,2026-05-22,565.00,496.70,-12.09,-7.65,-13.90,-1.90,544.40,-3.65,-3.65,-13.90,2.92,525.15,-7.05,-3.65,-13.90,3.39,544.35,-3.65,-2.68,-13.90,3.32,576.55,2.04,10.02,-13.90,3.85
63_30_daily,INDOBORAX,Smallcap,Chemicals,2026-05-21,329.90,2026-05-22,331.00,371.45,12.22,12.22,-2.52,-1.90,361.25,9.14,12.82,-2.52,2.92,409.75,23.79,23.79,-2.52,3.39,430.10,29.94,47.04,-2.52,3.32,433.15,30.86,47.04,-2.52,3.85
63_30_daily,SANDHAR,Smallcap,Auto,2026-05-21,604.40,2026-05-22,604.40,693.35,14.72,18.84,2.99,-1.90,712.50,17.89,21.55,2.99,2.92,678.70,12.29,21.55,2.99,3.39,610.60,1.03,21.55,-0.49,3.32,631.80,4.53,21.55,-3.23,3.85
63_30_daily,SANGHVIMOV,Smallcap,Miscellaneous,2026-05-21,378.25,2026-05-25,378.25,391.70,3.56,3.56,-7.90,-1.24,421.20,11.35,15.45,-7.90,1.59,441.25,16.66,22.47,-7.90,1.13,429.75,13.62,22.72,-7.90,2.18,498.75,31.86,37.67,-7.90,3.24
63_30_daily,SHYAMMETL,Largecap,Metals & Mining,2026-05-21,938.00,2026-05-22,938.00,975.85,4.04,6.82,1.04,-1.90,960.80,2.43,6.82,1.04,2.92,961.60,2.52,6.82,0.83,3.39,1062.65,13.29,13.29,-1.03,3.32,990.60,5.61,13.29,-1.03,3.85
Bullish_Scanner,CENTENKA,Smallcap,Textiles,2026-05-21,540.10,2026-05-22,565.00,496.70,-12.09,-7.65,-13.90,-1.90,544.40,-3.65,-3.65,-13.90,2.92,525.15,-7.05,-3.65,-13.90,3.39,544.35,-3.65,-2.68,-13.90,3.32,576.55,2.04,10.02,-13.90,3.85
Bullish_Scanner,INDOBORAX,Smallcap,Chemicals,2026-05-21,329.90,2026-05-22,331.00,371.45,12.22,12.22,-2.52,-1.90,361.25,9.14,12.82,-2.52,2.92,409.75,23.79,23.79,-2.52,3.39,430.10,29.94,47.04,-2.52,3.32,433.15,30.86,47.04,-2.52,3.85
Bullish_Scanner,ENTERO,Midcap,Healthcare,2026-05-22,1374.00,2026-05-25,1374.00,1147.30,-16.50,-1.79,-18.94,-1.24,1088.00,-20.82,-1.79,-20.82,1.59,1172.40,-14.67,-1.79,-20.82,1.13,1239.30,-9.80,-1.79,-20.82,2.18,1386.80,0.93,5.39,-20.82,3.24
Bullish_Scanner,SHYAMMETL,Largecap,Metals & Mining,2026-05-22,952.50,2026-05-25,958.90,973.30,1.50,4.49,0.26,-1.24,963.45,0.47,4.49,-0.35,1.59,928.35,-3.19,4.49,-3.19,1.13,1030.15,7.43,10.82,-3.19,2.18,989.90,3.23,10.82,-3.19,3.24
63_30_daily,CORDSCABLE,Smallcap,Industrials,2026-05-25,235.60,2026-05-26,238.00,203.54,-14.48,2.34,-14.48,-3.03,210.34,-11.62,2.34,-15.17,0.86,204.40,-14.12,2.34,-15.17,0.66,203.32,-14.57,2.34,-15.69,0.23,241.06,1.29,2.34,-15.69,2.54
63_30_daily,E2E,Midcap,I.T,2026-05-25,375.73,2026-05-26,375.73,388.40,3.37,20.54,3.37,-3.03,418.20,11.30,20.54,-1.79,0.86,397.70,5.85,20.54,-1.79,0.66,492.10,30.97,30.97,-1.79,0.23,623.85,66.04,82.62,-1.79,2.54
63_30_daily,JAYKAY,Smallcap,Aerospace & Defence,2026-05-25,209.10,2026-05-27,209.10,169.85,-18.77,2.31,-19.01,-3.42,174.19,-16.70,2.31,-19.82,0.95,185.19,-11.43,2.31,-19.82,1.97,165.16,-21.01,2.31,-21.85,0.07,143.17,-31.53,2.31,-35.63,2.76
63_30_daily,LLOYDSENGG,Midcap,Industrials,2026-05-25,75.95,2026-05-26,75.95,69.27,-8.80,2.84,-8.80,-3.03,85.69,12.82,18.88,-12.14,0.86,85.36,12.39,19.00,-12.14,0.66,87.36,15.02,20.04,-12.14,0.23,92.25,21.46,27.56,-12.14,2.54
63_30_daily,RAIN,Midcap,Miscellaneous,2026-05-25,183.00,2026-05-29,183.00,196.87,7.58,11.46,2.77,-1.60,184.74,0.95,13.54,0.72,0.14,213.41,16.62,16.62,-0.64,1.65,223.74,22.26,23.08,-0.64,0.81,213.69,16.77,32.79,-0.64,2.37
Bullish_Scanner,RAIN,Midcap,Miscellaneous,2026-05-25,183.00,2026-05-29,183.00,196.87,7.58,11.46,2.77,-1.60,184.74,0.95,13.54,0.72,0.14,213.41,16.62,16.62,-0.64,1.65,223.74,22.26,23.08,-0.64,0.81,213.69,16.77,32.79,-0.64,2.37
63_30_daily,ATGL,Largecap,Energy,2026-05-26,731.40,2026-05-27,731.40,716.15,-2.09,10.55,-2.09,-3.42,719.80,-1.59,10.55,-3.93,0.95,723.90,-1.03,10.55,-4.48,1.97,652.85,-10.74,10.55,-10.74,0.07,646.10,-11.66,10.55,-11.74,2.76
63_30_daily,GALAPREC,Smallcap,"Castings, Forgings & Fasteners",2026-05-26,950.00,2026-05-29,976.60,928.90,-4.88,-4.88,-10.77,-1.60,1066.30,9.18,20.12,-10.77,0.14,1156.80,18.45,26.36,-10.77,1.65,1164.20,19.21,26.36,-10.77,0.81,1093.90,12.01,26.36,-10.77,2.37
63_30_daily,GREAVESCOT,Midcap,Industrials,2026-05-26,183.49,2026-05-27,183.49,176.29,-3.92,4.75,-3.92,-3.42,214.09,16.68,16.68,-3.92,0.95,263.60,43.66,43.66,-3.92,1.97,246.32,34.24,43.66,-3.92,0.07,192.48,4.90,43.66,-3.92,2.76
63_30_daily,HIKAL,Smallcap,Healthcare,2026-05-26,220.37,2026-05-27,220.37,176.15,-20.07,0.43,-20.07,-3.42,214.93,-2.47,0.43,-20.07,0.95,244.75,11.06,11.06,-20.07,1.97,217.40,-1.35,11.49,-20.07,0.07,215.61,-2.16,11.49,-20.07,2.76
63_30_daily,INDOAMIN,Smallcap,Chemicals,2026-05-26,135.90,2026-05-27,145.01,126.95,-12.45,-4.01,-12.49,-3.42,137.95,-4.87,-1.01,-12.49,0.95,127.32,-12.20,-1.01,-13.06,1.97,129.47,-10.72,-1.01,-16.76,0.07,122.35,-15.63,-1.01,-17.01,2.76
63_30_daily,MUNJALAU,Smallcap,Auto,2026-05-26,97.00,2026-05-27,97.00,95.51,-1.54,1.51,-10.44,-3.42,94.16,-2.93,1.85,-10.44,0.95,101.33,4.46,13.80,-10.44,1.97,99.77,2.86,13.80,-10.44,0.07,115.35,18.92,24.26,-10.44,2.76
63_30_daily,RAINBOW,Midcap,Healthcare,2026-05-26,1390.20,2026-05-29,1390.20,1365.00,-1.81,-0.71,-4.57,-1.60,1405.50,1.10,5.80,-4.57,0.14,1483.40,6.70,6.70,-4.57,1.65,1483.50,6.71,8.01,-4.57,0.81,1460.10,5.03,14.99,-4.57,2.37
63_30_daily,REDTAPE,Midcap,Consumer Discretionary,2026-05-26,157.50,2026-05-27,157.50,131.91,-16.25,-10.24,-16.92,-3.42,136.90,-13.08,-10.24,-16.92,0.95,135.60,-13.90,-10.24,-16.92,1.97,126.77,-19.51,-10.24,-19.51,0.07,122.88,-21.98,-10.24,-22.76,2.76
Bullish_Scanner,ADOR,Smallcap,Industrials,2026-05-26,1169.00,2026-05-27,1169.00,1109.00,-5.13,-0.02,-5.78,-3.42,1229.30,5.16,6.73,-5.78,0.95,1324.80,13.33,13.36,-5.78,1.97,1493.90,27.79,28.93,-5.78,0.07,1617.60,38.37,44.05,-5.78,2.76
Bullish_Scanner,MUFIN,Smallcap,Financials,2026-05-26,127.90,2026-05-27,127.90,118.47,-7.37,-1.10,-7.37,-3.42,128.10,0.16,3.11,-7.37,0.95,130.22,1.81,5.79,-7.37,1.97,124.32,-2.80,5.79,-7.37,0.07,139.49,9.06,9.08,-7.37,2.76
63_30_daily,EXIDEIND,Largecap,Auto,2026-05-27,397.40,2026-05-29,397.40,391.95,-1.37,2.23,-2.96,-1.60,386.55,-2.73,2.23,-4.62,0.14,423.40,6.54,7.00,-4.62,1.65,427.00,7.45,12.70,-4.62,0.81,453.30,14.07,23.47,-4.62,2.37
63_30_daily,IFCI,Midcap,Financials,2026-05-27,68.70,2026-05-29,68.90,84.57,22.74,22.74,-2.44,-1.60,77.18,12.02,30.73,-2.44,0.14,76.46,10.97,30.73,-2.44,1.65,70.39,2.16,30.73,-2.44,0.81,82.48,19.71,30.73,-2.44,2.37
63_30_daily,MANCREDIT,Smallcap,Financials,2026-05-27,198.95,2026-05-29,198.95,222.07,11.62,11.62,0.72,-1.60,240.14,20.70,20.70,0.72,0.14,240.64,20.96,23.31,0.72,1.65,222.30,11.74,23.31,0.72,0.81,222.63,11.90,29.36,0.72,2.37
63_30_daily,PSPPROJECT,Smallcap,Realty,2026-05-27,879.00,2026-06-01,879.00,921.35,4.82,4.82,-6.71,1.03,1000.80,13.86,13.86,-6.71,1.49,1069.40,21.66,25.03,-6.71,2.39,1022.00,16.27,25.03,-6.71,2.02,909.10,3.42,25.03,-6.71,4.21
63_30_daily,WOCKPHARMA,Largecap,Healthcare,2026-05-27,1789.00,2026-05-29,1925.00,1938.00,0.68,11.84,-4.78,-1.60,1949.70,1.28,11.84,-4.78,0.14,1854.50,-3.66,11.84,-5.94,1.65,1865.20,-3.11,11.84,-5.94,0.81,1901.00,-1.25,11.84,-5.94,2.37
Bullish_Scanner,EXIDEIND,Largecap,Auto,2026-05-27,397.40,2026-05-29,397.40,391.95,-1.37,2.23,-2.96,-1.60,386.55,-2.73,2.23,-4.62,0.14,423.40,6.54,7.00,-4.62,1.65,427.00,7.45,12.70,-4.62,0.81,453.30,14.07,23.47,-4.62,2.37
Bullish_Scanner,JSWENERGY,Largecap,Power & Utilities,2026-05-27,608.90,2026-05-29,608.90,559.35,-8.14,-2.27,-9.30,-1.60,586.25,-3.72,-2.27,-9.30,0.14,553.65,-9.07,-2.27,-12.39,1.65,549.70,-9.72,-2.27,-12.39,0.81,544.70,-10.54,-2.27,-12.39,2.37
63_30_daily,BLUSPRING,Smallcap,Miscellaneous,2026-05-29,80.97,2026-06-01,80.97,92.81,14.62,15.29,-2.69,1.03,111.02,37.11,41.15,-2.69,1.49,113.16,39.76,52.66,-2.69,2.39,107.08,32.25,52.66,-2.69,2.02,126.83,56.64,64.27,-2.69,4.21
63_30_daily,ORCHPHARMA,Midcap,Healthcare,2026-05-29,828.00,2026-06-01,828.00,960.85,16.04,16.04,-6.15,1.03,972.80,17.49,26.59,-6.15,1.49,1052.95,27.17,27.17,-6.15,2.39,985.35,19.00,33.02,-6.15,2.02,1038.55,25.43,33.02,-6.15,4.21
63_30_daily,ICIL,Midcap,Textiles,2026-06-01,353.90,2026-06-02,353.90,343.85,-2.84,-1.22,-9.07,2.49,436.90,23.45,23.83,-9.07,3.00,398.80,12.69,24.63,-9.07,3.68,412.90,16.67,24.63,-9.07,4.08,425.60,20.26,25.40,-9.07,5.00
Wkly_upswing,ACMESOLAR,Largecap,Realty,2026-06-05,360.00,2026-06-08,360.00,349.85,-2.82,-2.15,-7.83,3.55,367.15,1.99,9.24,-7.83,4.02,373.10,3.64,9.44,-7.83,3.95,381.65,6.01,9.44,-7.83,5.45,403.70,12.14,13.65,-7.83,3.89
Wkly_upswing,SILVERTUC,Smallcap,I.T,2026-06-05,183.99,2026-06-08,183.99,195.03,6.00,13.25,0.51,3.55,181.33,-1.45,13.25,-3.08,4.02,194.21,5.55,13.25,-3.08,3.95,193.54,5.19,14.13,-3.08,5.45,171.12,-6.99,14.13,-6.99,3.89
63_30_daily,UNIVCABLES,Midcap,Industrials,2026-06-02,1280.80,2026-06-03,1299.90,1240.40,-4.58,-4.40,-12.74,2.61,1222.20,-5.98,3.77,-12.74,3.30,1197.00,-7.92,3.77,-16.82,3.16,1331.30,2.42,3.77,-16.82,3.70,1607.30,23.65,34.24,-16.82,4.27
63_30_daily,NH,Largecap,Healthcare,2026-06-03,1989.00,2026-06-04,1989.00,1869.00,-6.03,-1.00,-7.34,3.36,2002.80,0.69,0.69,-7.34,3.78,2029.50,2.04,2.45,-7.34,3.94,2029.20,2.02,4.59,-7.34,4.49,1932.10,-2.86,4.59,-10.22,4.80
63_30_daily,PNBGILTS,Smallcap,Financials,2026-06-03,90.90,2026-06-04,90.90,91.19,0.32,3.91,-5.97,3.36,90.63,-0.30,3.91,-5.97,3.78,87.84,-3.37,3.91,-5.97,3.94,84.50,-7.04,3.91,-9.08,4.49,78.71,-13.41,3.91,-14.24,4.80
63_30_daily,SOTL,Smallcap,Energy,2026-06-03,525.30,2026-06-04,527.00,589.40,11.84,15.88,3.12,3.36,532.65,1.07,15.88,-4.40,3.78,580.25,10.10,15.88,-4.40,3.94,601.75,14.18,23.22,-4.40,4.49,693.20,31.54,48.38,-4.40,4.80
63_30_daily,SOUTHBANK,Midcap,Bank,2026-06-03,44.30,2026-06-04,44.30,48.49,9.46,9.46,-1.15,3.36,46.10,4.06,9.46,-1.15,3.78,44.60,0.68,9.46,-1.35,3.94,46.70,5.42,9.46,-1.35,4.49,45.37,2.42,9.46,-1.35,4.80
63_30_daily,SPECTRUM,Midcap,Industrials,2026-06-03,1687.90,2026-06-04,1687.90,1770.70,4.91,4.91,-7.33,3.36,1853.20,9.79,13.74,-7.33,3.78,1959.30,16.08,21.96,-7.33,3.94,2363.00,40.00,44.84,-7.33,4.49,2116.90,25.42,52.14,-7.33,4.80
63_30_daily,STALLION,Smallcap,Chemicals,2026-06-03,195.02,2026-06-04,195.95,191.39,-2.33,-1.29,-11.96,3.36,195.78,-0.09,1.05,-11.96,3.78,214.76,9.60,9.60,-11.96,3.94,260.12,32.75,32.75,-11.96,4.49,213.55,8.98,37.89,-11.96,4.80
63_30_daily,ANANTRAJ,Largecap,Realty,2026-06-04,592.95,2026-06-05,595.20,520.20,-12.60,-4.23,-13.77,2.87,550.90,-7.44,-4.23,-13.77,4.16,600.80,0.94,0.94,-13.77,3.74,626.15,5.20,5.20,-13.77,5.80,603.90,1.46,6.49,-13.77,4.23
63_30_daily,BCG,Smallcap,I.T,2026-06-04,11.59,2026-06-05,12.10,10.29,-14.96,-0.08,-15.45,2.87,9.81,-18.93,-0.08,-18.93,4.16,9.57,-20.91,-0.08,-22.15,3.74,9.35,-22.73,-0.08,-23.31,5.80,9.04,-25.29,-0.08,-25.37,4.23
63_30_daily,SIYSIL,Smallcap,Textiles,2026-06-04,633.45,2026-06-09,633.45,621.60,-1.87,0.84,-5.15,3.78,611.55,-3.46,1.87,-5.15,3.31,627.85,-0.88,2.55,-5.15,4.38,628.00,-0.86,2.55,-5.15,7.04,550.35,-13.12,2.55,-13.12,4.73
63_30_daily,GREAVESCOT,Midcap,Industrials,2026-06-05,193.40,2026-06-08,193.40,212.55,9.90,9.90,-8.85,3.55,221.95,14.76,19.46,-8.85,4.02,248.11,28.29,36.30,-8.85,3.95,200.00,3.41,36.30,-8.85,5.45,197.80,2.28,36.30,-8.85,3.89
63_30_daily,JASH,Smallcap,Industrials,2026-06-05,450.00,2026-06-08,451.50,549.00,21.59,21.59,-4.03,3.55,487.30,7.93,23.99,-4.03,4.02,519.05,14.96,23.99,-4.03,3.95,495.00,9.63,23.99,-4.03,5.45,457.70,1.37,23.99,-4.03,3.89
63_30_daily,RAMCOSYS,Smallcap,I.T,2026-06-05,571.95,2026-06-08,571.95,558.65,-2.33,-0.17,-5.49,3.55,880.05,53.87,53.87,-5.49,4.02,796.40,39.24,54.93,-5.49,3.95,592.10,3.52,54.93,-5.49,5.45,590.95,3.32,54.93,-5.49,3.89
63_30_daily,RPEL,Midcap,Building Materials,2026-06-05,1120.00,2026-06-09,1120.00,1205.25,7.61,7.74,2.73,3.78,1289.10,15.10,16.62,2.73,3.31,1274.50,13.79,17.54,2.73,4.38,1248.60,11.48,17.54,2.73,7.04,1774.60,58.45,58.45,2.73,4.73
Bullish_Scanner,SAILIFE,Largecap,Healthcare,2026-06-05,1190.00,2026-06-08,1190.00,1201.90,1.00,3.34,-0.74,3.55,1208.60,1.56,5.66,-0.74,4.02,1288.70,8.29,8.99,-0.74,3.95,1366.40,14.82,14.82,-0.74,5.45,1518.10,27.57,27.57,-0.74,3.89
63_30_daily,OCCLLTD,Smallcap,Chemicals,2026-06-08,138.75,2026-06-09,138.75,129.24,-6.85,0.84,-11.45,3.78,118.82,-14.36,0.84,-14.36,3.31,136.88,-1.35,0.84,-14.36,4.38,171.36,23.50,30.00,-14.36,7.04,163.35,17.73,30.00,-14.36,4.73
63_30_daily,SFL,Midcap,Consumer Discretionary,2026-06-08,678.00,2026-06-09,678.00,736.30,8.60,9.40,0.35,3.78,740.40,9.20,13.06,0.35,3.31,745.65,9.98,19.31,0.35,4.38,771.65,13.81,19.31,0.35,7.04,646.85,-4.59,19.31,-6.15,4.73
Bullish_Scanner,OCCLLTD,Smallcap,Chemicals,2026-06-08,138.75,2026-06-09,138.75,129.24,-6.85,0.84,-11.45,3.78,118.82,-14.36,0.84,-14.36,3.31,136.88,-1.35,0.84,-14.36,4.38,171.36,23.50,30.00,-14.36,7.04,163.35,17.73,30.00,-14.36,4.73
Wkly_upswing,MAHABANK,Largecap,Bank,2026-06-12,87.62,2026-06-15,88.61,91.44,3.19,5.91,-0.81,1.75,79.47,-10.31,5.91,-10.31,2.65,80.20,-9.49,5.91,-11.43,2.28,78.95,-10.90,5.91,-11.78,4.78,84.79,-4.31,5.91,-11.78,2.24
Bullish_Scanner,FEDERALBNK,Largecap,Bank,2026-06-09,315.90,2026-06-10,315.90,325.20,2.94,2.94,-1.95,3.38,327.75,3.75,4.95,-1.95,3.18,354.40,12.19,12.71,-1.95,2.74,353.55,11.92,17.66,-1.95,6.08,344.60,9.09,17.66,-1.95,3.95
Bullish_Scanner,RBLBANK,Largecap,Bank,2026-06-09,362.00,2026-06-10,362.00,377.05,4.16,4.65,-1.40,3.38,362.80,0.22,4.65,-1.80,3.18,353.85,-2.25,5.15,-2.25,2.74,392.00,8.29,8.29,-2.51,6.08,408.10,12.73,12.73,-2.51,3.95
63_30_daily,AEGISLOG,Largecap,Services,2026-06-10,832.90,2026-06-11,832.90,1140.65,36.95,36.95,11.17,3.96,1246.10,49.61,69.19,11.17,5.01,1349.60,62.04,69.19,11.17,3.06,1371.00,64.61,69.19,11.17,6.65,1270.20,52.50,70.24,11.17,4.59
63_30_daily,ELECTHERM,Smallcap,Metals & Mining,2026-06-10,1179.90,2026-06-11,1179.90,1139.55,-3.42,0.86,-10.78,3.96,1119.50,-5.12,4.29,-10.78,5.01,1008.20,-14.55,4.29,-15.47,3.06,995.30,-15.65,4.29,-15.65,6.65,980.90,-16.87,4.29,-17.38,4.59
63_30_daily,BETA,Smallcap,Healthcare,2026-06-12,1771.20,2026-06-15,1920.00,2184.70,13.79,13.79,-4.40,1.75,2310.20,20.32,23.27,-4.40,2.65,2109.80,9.89,29.08,-4.40,2.28,2668.30,38.97,38.97,-4.40,4.78,2139.80,11.45,38.97,-4.40,2.24
63_30_daily,MANALIPETC,Smallcap,Energy,2026-06-12,68.60,2026-06-15,68.60,64.10,-6.56,-0.58,-7.42,1.75,63.15,-7.94,-0.58,-11.22,2.65,66.14,-3.59,-0.58,-11.22,2.28,65.53,-4.48,-0.58,-11.22,4.78,90.08,31.31,31.31,-11.22,2.24
63_30_daily,ORCHPHARMA,Midcap,Healthcare,2026-06-12,935.00,2026-06-15,936.70,972.80,3.85,11.90,1.51,1.75,1052.95,12.41,12.41,-1.29,2.65,985.35,5.19,17.58,-1.29,2.28,1078.55,15.14,17.58,-1.29,4.78,965.80,3.11,17.58,-1.29,2.24
63_30_daily,GAIL,Largecap,Energy,2026-06-15,177.21,2026-06-16,177.21,174.50,-1.53,0.05,-2.82,0.96,173.15,-2.29,0.05,-4.50,1.63,175.12,-1.18,0.05,-4.50,2.02,177.95,0.42,2.39,-4.50,3.41,174.90,-1.30,2.39,-4.50,0.29
63_30_daily,JAYBARMARU,Smallcap,Auto,2026-06-15,159.12,2026-06-16,164.69,171.48,4.12,4.92,-2.95,0.96,189.23,14.90,20.94,-2.95,1.63,153.00,-7.10,20.94,-7.10,2.02,130.80,-20.58,20.94,-22.79,3.41,117.28,-28.79,20.94,-29.26,0.29
63_30_daily,MAITHANALL,Smallcap,Metals & Mining,2026-06-15,1089.00,2026-06-17,1089.00,1015.40,-6.76,4.33,-7.85,1.16,1013.60,-6.92,4.33,-8.82,1.02,963.20,-11.55,4.33,-11.91,1.55,974.05,-10.56,4.33,-11.91,2.87,1055.60,-3.07,4.33,-11.91,-0.20
63_30_daily,MOTILALOFS,Largecap,Financials,2026-06-15,945.55,2026-06-16,948.95,955.95,0.74,0.74,-1.45,0.96,967.45,1.95,3.57,-4.15,1.63,855.25,-9.87,3.57,-9.87,2.02,901.00,-5.05,3.57,-11.80,3.41,1025.00,8.01,11.18,-11.80,0.29
63_30_daily,QUADFUTURE,Smallcap,Industrials,2026-06-15,386.85,2026-06-16,386.85,442.25,14.32,17.33,4.85,0.96,423.90,9.58,21.44,4.85,1.63,351.20,-9.22,21.44,-10.61,2.02,355.80,-8.03,21.44,-10.97,3.41,439.85,13.70,21.44,-12.68,0.29
63_30_daily,RATEGAIN,Midcap,I.T,2026-06-15,842.95,2026-06-16,842.95,902.95,7.12,7.12,-0.24,0.96,977.20,15.93,15.93,-0.24,1.63,923.15,9.51,15.93,-0.24,2.02,932.65,10.64,16.07,-0.24,3.41,841.40,-0.18,17.45,-0.24,0.29
63_30_daily,VAIBHAVGBL,Smallcap,Consumer Discretionary,2026-06-15,245.99,2026-06-17,245.99,236.50,-3.86,2.12,-6.80,1.16,251.63,2.29,6.25,-6.80,1.02,263.60,7.16,10.25,-6.80,1.55,233.40,-5.12,10.25,-6.80,2.87,215.96,-12.21,10.25,-12.90,-0.20
63_30_daily,YESBANK,Largecap,Bank,2026-06-15,24.00,2026-06-16,24.00,24.58,2.42,6.17,-0.46,0.96,23.60,-1.67,6.17,-2.42,1.63,22.84,-4.83,6.17,-4.96,2.02,22.98,-4.25,6.17,-6.08,3.41,22.42,-6.58,6.17,-7.92,0.29
Bullish_Scanner,SPAL,Smallcap,Readymade Garments/Apparels,2026-06-15,931.25,2026-06-18,931.25,1118.60,20.12,22.22,-1.11,0.83,992.20,6.54,26.56,-1.11,0.98,992.10,6.53,26.56,-1.11,1.52,937.30,0.65,26.56,-1.11,2.10,1023.00,9.85,26.56,-1.11,-1.05
Wkly_upswing,AEROENTER,Smallcap,Metals & Mining,2026-06-19,137.95,2026-06-22,139.02,121.52,-12.59,4.29,-12.59,0.97,119.50,-14.04,4.29,-15.92,0.90,132.67,-4.57,4.29,-16.21,2.36,130.89,-5.85,4.29,-16.21,1.42,113.35,-18.46,11.30,-18.46,-2.65
Wkly_upswing,AVL,Midcap,Consumer Discretionary,2026-06-19,636.90,2026-06-22,640.00,651.25,1.76,4.46,-2.44,0.97,641.65,0.26,4.46,-2.44,0.90,634.40,-0.88,4.46,-4.52,2.36,614.15,-4.04,4.46,-4.90,1.42,620.60,-3.03,4.46,-10.17,-2.65
Wkly_upswing,IRISDOREME,Smallcap,Readymade Garments/Apparels,2026-06-19,41.37,2026-06-25,41.37,44.33,7.15,8.82,-4.67,0.96,47.83,15.62,15.62,-4.67,-0.92,54.52,31.79,31.79,-4.67,2.53,57.00,37.78,43.27,-4.67,1.75,64.81,56.66,56.66,-4.67,-1.15
Wkly_upswing,KPIL,Largecap,Realty,2026-06-19,1409.90,2026-06-22,1410.00,1352.90,-4.05,2.11,-4.53,0.97,1341.70,-4.84,2.11,-7.95,0.90,1279.70,-9.24,2.11,-10.25,2.36,1403.50,-0.46,2.11,-10.25,1.42,1390.90,-1.35,2.11,-10.25,-2.65
Wkly_upswing,NUVAMA,Largecap,Financials,2026-06-19,1779.00,2026-06-25,1779.00,1977.60,11.16,11.16,-1.71,0.96,1980.10,11.30,11.30,-1.71,-0.92,1642.70,-7.66,11.30,-7.66,2.53,1743.60,-1.99,11.30,-8.06,1.75,1687.10,-5.17,11.30,-8.06,-1.15
Wkly_upswing,NYKAA,Largecap,I.T,2026-06-19,303.75,2026-06-22,303.75,315.20,3.77,3.77,-0.79,0.97,327.95,7.97,8.67,-0.79,0.90,342.50,12.76,13.55,-0.79,2.36,320.60,5.55,13.55,-0.79,1.42,325.60,7.19,15.08,-0.79,-2.65
Wkly_upswing,STARHEALTH,Largecap,Financials,2026-06-19,595.80,2026-06-23,595.80,584.20,-1.95,-1.02,-3.61,-1.52,579.95,-2.66,1.25,-3.61,-0.50,588.10,-1.29,2.45,-3.61,2.04,582.80,-2.18,2.45,-4.36,0.53,560.55,-5.92,2.45,-9.23,-2.61
Wkly_upswing,THELEELA,Midcap,Services,2026-06-19,502.00,2026-06-22,502.40,487.65,-2.94,-0.04,-5.36,0.97,487.65,-2.94,-0.04,-5.36,0.90,500.10,-0.46,-0.04,-6.83,2.36,519.15,3.33,3.33,-6.83,1.42,524.20,4.34,14.52,-6.83,-2.65
Wkly_upswing,WELSPUNLIV,Largecap,Textiles,2026-06-19,165.50,2026-06-24,165.50,166.53,0.62,3.28,-4.02,0.31,164.99,-0.31,5.22,-4.02,-0.12,159.25,-3.78,5.22,-6.57,3.12,188.69,14.01,14.01,-6.57,2.18,214.66,29.70,29.70,-6.57,-0.74
63_30_daily,RELIGARE,Midcap,Financials,2026-06-16,247.49,2026-06-17,247.49,262.65,6.13,12.47,-0.73,1.16,263.45,6.45,12.47,-0.73,1.02,252.40,1.98,12.47,-0.73,1.55,234.35,-5.31,12.47,-8.14,2.87,258.78,4.56,12.47,-8.30,-0.20
63_30_daily,VARROC,Midcap,Auto,2026-06-16,625.00,2026-06-18,626.00,667.55,6.64,6.64,-3.09,0.83,648.20,3.55,6.64,-3.09,0.98,679.20,8.50,8.50,-3.09,1.52,847.90,35.45,35.45,-3.09,2.10,872.00,39.30,41.28,-3.09,-1.05
Bullish_Scanner,AVL,Midcap,Consumer Discretionary,2026-06-16,593.70,2026-06-17,593.70,640.35,7.86,12.61,2.32,1.16,634.55,6.88,12.61,2.32,1.02,625.35,5.33,12.61,2.32,1.55,618.85,4.24,12.61,2.32,2.87,603.55,1.66,12.61,-3.17,-0.20
Bullish_Scanner,MMTC,Midcap,Services,2026-06-16,77.59,2026-06-17,77.59,67.75,-12.68,-2.01,-13.97,1.16,64.20,-17.26,-2.01,-18.25,1.02,60.09,-22.55,-2.01,-22.55,1.55,63.89,-17.66,-2.01,-22.55,2.87,62.23,-19.80,-2.01,-22.55,-0.20
63_30_daily,NBCC,Largecap,Miscellaneous,2026-06-17,113.20,2026-06-18,113.30,102.36,-9.66,-1.63,-9.66,0.83,97.25,-14.17,-1.63,-16.35,0.98,94.80,-16.33,-1.63,-17.78,1.52,89.15,-21.32,-1.63,-21.32,2.10,82.90,-26.83,-1.63,-26.83,-1.05
63_30_daily,RICOAUTO,Smallcap,Auto,2026-06-17,145.00,2026-06-18,145.00,137.15,-5.41,1.99,-8.28,0.83,127.47,-12.09,1.99,-13.19,0.98,141.77,-2.23,1.99,-13.19,1.52,132.00,-8.97,7.46,-13.19,2.10,134.17,-7.47,7.46,-13.31,-1.05
Bullish_Scanner,EVEREADY,Smallcap,Industrials,2026-06-17,369.00,2026-06-19,369.00,357.20,-3.20,1.03,-3.20,0.98,343.00,-7.05,1.03,-7.05,0.57,355.65,-3.62,1.03,-7.09,2.57,352.90,-4.36,1.03,-7.09,1.54,336.75,-8.74,1.03,-13.85,-3.14
63_30_daily,LANDMARK,Smallcap,Consumer Discretionary,2026-06-18,461.95,2026-06-22,461.95,433.50,-6.16,-1.75,-7.80,0.97,532.20,15.21,15.89,-8.45,0.90,543.50,17.65,17.65,-8.45,2.36,513.30,11.12,23.77,-8.45,1.42,476.60,3.17,23.77,-8.45,-2.65
63_30_daily,PANAMAPET,Smallcap,Energy,2026-06-18,418.95,2026-06-19,418.95,442.80,5.69,18.50,-4.39,0.98,453.30,8.20,18.50,-4.39,0.57,460.75,9.98,19.53,-4.39,2.57,487.10,16.27,30.21,-4.39,1.54,450.75,7.59,30.21,-4.39,-3.14
Bullish_Scanner,JSWINFRA,Largecap,Transportation,2026-06-18,309.90,2026-06-19,309.90,324.00,4.55,9.20,-0.92,0.98,348.45,12.44,13.33,-0.92,0.57,329.00,6.16,13.33,-0.92,2.57,335.40,8.23,13.33,-0.92,1.54,325.85,5.15,13.33,-0.92,-3.14
Bullish_Scanner,NYKAA,Largecap,I.T,2026-06-18,303.75,2026-06-22,303.75,315.20,3.77,3.77,-0.79,0.97,327.95,7.97,8.67,-0.79,0.90,342.50,12.76,13.55,-0.79,2.36,320.60,5.55,13.55,-0.79,1.42,325.60,7.19,15.08,-0.79,-2.65
Bullish_Scanner,OLECTRA,Midcap,Auto,2026-06-18,1454.00,2026-06-19,1454.00,1479.20,1.73,5.76,1.38,0.98,1345.70,-7.45,5.76,-7.45,0.57,1344.20,-7.55,5.76,-9.72,2.57,1320.10,-9.21,5.76,-9.72,1.54,1179.20,-18.90,5.76,-18.90,-3.14
63_30_daily,GREAVESCOT,Midcap,Industrials,2026-06-19,201.00,2026-06-22,201.00,221.95,10.42,14.94,2.27,0.97,248.11,23.44,31.14,2.27,0.90,200.00,-0.50,31.14,-0.50,2.36,198.59,-1.20,31.14,-3.60,1.42,185.64,-7.64,31.14,-7.64,-2.65
63_30_daily,PWL,Largecap,Services,2026-06-19,123.50,2026-06-22,123.50,148.78,20.47,20.47,0.15,0.97,133.84,8.37,22.57,0.15,0.90,126.13,2.13,22.57,-0.33,2.36,122.05,-1.17,22.57,-5.17,1.42,127.53,3.26,22.57,-6.93,-2.65
63_30_daily,SPECTRUM,Midcap,Industrials,2026-06-19,1853.00,2026-06-24,1853.00,1907.00,2.91,11.10,-5.37,0.31,2331.00,25.80,25.80,-5.37,-0.12,2568.00,38.59,38.59,-5.37,3.12,2212.50,19.40,38.59,-5.37,2.18,3039.60,64.04,71.27,-5.37,-0.74
Bullish_Scanner,ABCAPITAL,Largecap,Financials,2026-06-22,392.90,2026-06-23,394.40,385.75,-2.19,3.89,-2.70,-1.52,400.60,1.57,3.89,-2.70,-0.50,424.70,7.68,7.68,-2.70,2.04,396.00,0.41,7.68,-2.70,0.53,390.00,-1.12,7.68,-3.96,-2.61
Bullish_Scanner,ACE,Midcap,Industrials,2026-06-22,1017.00,2026-06-23,1020.00,968.70,-5.03,0.39,-5.03,-1.52,1007.60,-1.22,1.52,-5.45,-0.50,1137.80,11.55,11.55,-5.45,2.04,1181.20,15.80,16.16,-5.45,0.53,1205.60,18.20,18.20,-5.45,-2.61
Bullish_Scanner,GPTINFRA,Smallcap,Realty,2026-06-22,139.04,2026-06-23,139.04,122.90,-11.61,-3.42,-11.61,-1.52,117.52,-15.48,-3.42,-16.47,-0.50,117.25,-15.67,-3.42,-18.85,2.04,113.03,-18.71,-3.42,-18.85,0.53,113.56,-18.33,-3.42,-22.53,-2.61
Bullish_Scanner,HAPPYFORGE,Midcap,"Castings, Forgings & Fasteners",2026-06-22,1565.00,2026-06-23,1565.00,1520.80,-2.82,-0.77,-4.43,-1.52,1591.30,1.68,3.35,-4.43,-0.50,1817.00,16.10,16.10,-4.43,2.04,2307.90,47.47,47.47,-4.43,0.53,2143.20,36.95,54.66,-4.43,-2.61
Bullish_Scanner,MEDANTA,Largecap,Healthcare,2026-06-22,1293.20,2026-06-23,1295.00,1305.00,0.77,4.33,0.60,-1.52,1353.40,4.51,4.51,0.60,-0.50,1410.30,8.90,11.58,0.60,2.04,1417.20,9.44,13.99,0.60,0.53,1424.00,9.96,16.52,0.60,-2.61
Bullish_Scanner,MEGASTAR,Smallcap,FMCG,2026-06-22,349.80,2026-06-23,349.80,359.95,2.90,7.00,-2.44,-1.52,348.30,-0.43,9.59,-6.36,-0.50,330.35,-5.56,9.59,-6.46,2.04,308.45,-11.82,9.59,-13.02,0.53,278.75,-20.31,9.59,-20.67,-2.61
Wkly_upswing,ABCAPITAL,Largecap,Financials,2026-06-25,399.35,2026-07-03,399.35,401.55,0.55,2.60,-3.41,0.31,404.30,1.24,2.60,-3.41,0.84,401.00,0.41,6.35,-3.41,1.42,405.55,1.55,6.35,-3.41,1.13,382.70,-4.17,6.35,-5.15,-4.44
Wkly_upswing,SHIVAUM,Smallcap,Metals & Mining,2026-06-25,407.00,2026-06-29,445.50,419.80,-5.77,-1.03,-12.05,1.01,388.35,-12.83,-1.03,-12.83,0.17,428.20,-3.88,-0.74,-12.83,2.72,444.20,-0.29,0.91,-12.83,1.72,515.05,15.61,15.61,-12.83,-1.38
63_30_daily,PACEDIGITK,Smallcap,Telecom,2026-06-23,214.30,2026-06-24,214.30,212.36,-0.91,0.23,-6.66,0.31,197.19,-7.98,0.89,-7.98,-0.12,186.92,-12.78,0.89,-12.78,3.12,175.37,-18.17,0.89,-18.17,2.18,156.17,-27.13,0.89,-28.84,-0.74
Bullish_Scanner,JAGSNPHARM,Smallcap,Healthcare,2026-06-23,235.80,2026-06-24,235.80,231.89,-1.66,1.24,-5.22,0.31,217.82,-7.63,1.24,-7.63,-0.12,238.05,0.95,1.62,-7.63,3.12,232.99,-1.19,1.62,-7.63,2.18,228.42,-3.13,3.06,-7.63,-0.74
Bullish_Scanner,JSWINFRA,Largecap,Transportation,2026-06-23,318.40,2026-06-24,318.40,323.90,1.73,6.28,-1.30,0.31,324.50,1.92,10.30,-1.30,-0.12,327.50,2.86,10.30,-1.88,3.12,329.85,3.60,10.30,-1.88,2.18,348.25,9.38,10.30,-1.88,-0.74
63_30_daily,CHOLAFIN,Largecap,Financials,2026-06-24,1803.00,2026-06-25,1807.00,1807.80,0.04,2.57,-2.08,0.96,1724.40,-4.57,2.57,-4.96,-0.92,1866.20,3.28,7.36,-4.96,2.53,1862.90,3.09,7.36,-4.96,1.75,1764.00,-2.38,7.36,-4.96,-1.15
63_30_daily,HINDPETRO,Largecap,Energy,2026-06-24,414.00,2026-06-25,418.50,395.30,-5.54,-2.21,-7.56,0.96,381.10,-8.94,-2.21,-8.94,-0.92,393.05,-6.08,-2.21,-8.94,2.53,363.25,-13.20,-2.21,-13.21,1.75,357.60,-14.55,-2.21,-17.49,-1.15
63_30_daily,QUADFUTURE,Smallcap,Industrials,2026-06-24,460.65,2026-06-25,460.65,413.75,-10.18,1.99,-10.18,0.96,361.05,-21.62,1.99,-21.62,-0.92,361.50,-21.52,1.99,-25.24,2.53,405.35,-12.00,1.99,-26.67,1.75,536.00,16.36,16.36,-26.67,-1.15
63_30_daily,RAMCOSYS,Smallcap,I.T,2026-06-24,673.80,2026-06-25,694.55,805.60,15.99,26.71,2.20,0.96,710.95,2.36,27.59,2.20,-0.92,637.90,-8.16,27.59,-18.80,2.53,543.65,-21.73,27.59,-21.73,1.75,564.20,-18.77,27.59,-21.73,-1.15
Bullish_Scanner,AETHER,Largecap,Chemicals,2026-06-24,1370.60,2026-06-29,1370.60,1452.80,6.00,9.50,-3.19,1.01,1480.10,7.99,9.50,-3.19,0.17,1597.50,16.55,16.55,-3.19,2.72,1667.80,21.68,21.68,-3.19,1.72,1643.50,19.91,23.80,-3.19,-1.38
63_30_daily,RELAXO,Midcap,Consumer Discretionary,2026-06-25,423.00,2026-06-29,423.00,398.85,-5.71,-1.22,-9.03,1.01,401.40,-5.11,4.01,-13.32,0.17,424.45,0.34,4.01,-13.32,2.72,377.55,-10.74,4.01,-13.32,1.72,292.65,-30.82,4.01,-31.15,-1.38
Bullish_Scanner,AUROPHARMA,Largecap,Healthcare,2026-06-25,1565.00,2026-06-29,1565.00,1549.30,-1.00,3.55,-1.12,1.01,1549.40,-1.00,3.55,-2.66,0.17,1648.00,5.30,5.94,-2.66,2.72,1608.00,2.75,6.52,-2.66,1.72,1700.00,8.63,10.80,-2.66,-1.38
63_30_daily,CHOICEIN,Midcap,Financials,2026-06-29,755.00,2026-06-30,755.00,810.80,7.39,10.60,-0.24,0.87,796.55,5.50,10.60,-0.24,0.50,822.40,8.93,11.89,-0.24,2.96,788.75,4.47,11.89,-0.24,2.66,751.85,-0.42,11.89,-3.89,-0.28
63_30_daily,PPL,Smallcap,Plastic products,2026-06-29,314.90,2026-06-30,314.90,266.60,-15.34,2.76,-15.58,0.87,268.40,-14.77,2.76,-18.94,0.50,266.10,-15.50,2.76,-18.94,2.96,264.20,-16.10,2.76,-18.94,2.66,272.25,-13.54,2.76,-18.94,-0.28
Bullish_Scanner,ANANDRATHI,Largecap,Financials,2026-06-29,1999.00,2026-06-30,2008.90,2080.80,3.58,6.86,-2.19,0.87,2037.90,1.44,6.86,-2.19,0.50,2158.00,7.42,7.42,-2.19,2.96,2164.40,7.74,9.45,-2.19,2.66,2169.20,7.98,10.98,-2.19,-0.28
Bullish_Scanner,BANSALWIRE,Midcap,Metals & Mining,2026-06-29,345.00,2026-06-30,345.00,315.00,-8.70,6.03,-8.70,0.87,309.15,-10.39,6.03,-10.94,0.50,319.90,-7.28,6.03,-10.94,2.96,318.15,-7.78,6.03,-10.94,2.66,315.90,-8.43,6.03,-11.97,-0.28
Wkly_upswing,BHARATSE,Smallcap,Auto,2026-07-03,255.74,2026-07-09,255.74,215.44,-15.76,-0.44,-15.76,0.32,223.47,-12.62,-0.44,-18.44,3.59,230.26,-9.96,-0.44,-18.44,2.64,213.69,-16.44,-0.44,-18.44,1.51,202.86,-20.68,-0.44,-20.68,-4.09
Wkly_upswing,COMSYN,Smallcap,Industrials,2026-07-03,205.00,2026-07-06,205.00,209.35,2.12,2.12,-8.37,0.16,208.72,1.81,4.79,-14.89,2.15,281.69,37.41,40.65,-14.89,1.13,297.10,44.93,44.93,-14.89,0.64,261.95,27.78,49.54,-14.89,-5.15
Wkly_upswing,GHCLTEXTIL,Smallcap,Textiles,2026-07-03,107.20,2026-07-06,107.20,114.17,6.50,7.08,-1.74,0.16,114.36,6.68,11.50,-1.74,2.15,120.08,12.01,13.42,-1.74,1.13,134.77,25.72,25.72,-1.74,0.64,132.27,23.39,31.02,-1.74,-5.15
Wkly_upswing,OBEROIRLTY,Largecap,Realty,2026-07-03,1944.30,2026-07-06,1960.50,1882.70,-3.97,-0.36,-5.07,0.16,1861.10,-5.07,-0.36,-7.45,2.15,1931.00,-1.50,-0.36,-9.46,1.13,1868.00,-4.72,-0.36,-9.46,0.64,1762.90,-10.08,-0.36,-14.89,-5.15
63_30_daily,KILITCH,Smallcap,Healthcare,2026-06-30,199.99,2026-07-01,199.99,180.44,-9.78,2.77,-12.33,1.17,186.20,-6.90,2.77,-12.89,1.55,191.21,-4.39,2.77,-12.89,2.94,171.27,-14.36,2.77,-20.95,2.45,217.23,8.62,10.82,-20.95,-1.93
63_30_daily,SPECTRUM,Midcap,Industrials,2026-06-30,1904.80,2026-07-01,1904.80,2010.30,5.54,8.07,-2.71,1.17,2444.80,28.35,28.35,-2.71,1.55,2283.60,19.89,34.82,-2.71,2.94,2166.20,13.72,34.82,-2.71,2.45,3356.30,76.20,76.20,-2.71,-1.93
63_30_daily,VARROC,Midcap,Auto,2026-06-30,652.00,2026-07-01,652.00,660.55,1.31,2.38,-2.34,1.17,664.55,1.92,2.38,-2.34,1.55,836.15,28.24,29.16,-2.34,2.94,812.15,24.56,30.05,-2.34,2.45,833.40,27.82,35.64,-2.34,-1.93
Bullish_Scanner,ALIVUS,Midcap,Healthcare,2026-06-30,1176.90,2026-07-01,1176.90,1168.40,-0.72,-0.72,-3.98,1.17,1119.60,-4.87,-0.72,-6.43,1.55,1361.00,15.64,18.41,-6.90,2.94,1360.80,15.63,18.85,-6.90,2.45,1370.00,16.41,22.67,-6.90,-1.93
Bullish_Scanner,IPCALAB,Largecap,Healthcare,2026-06-30,1736.00,2026-07-01,1736.00,1878.00,8.18,8.18,-2.28,1.17,1774.50,2.22,9.48,-2.28,1.55,1766.60,1.76,9.48,-2.89,2.94,1952.40,12.47,12.47,-2.89,2.45,1997.10,15.04,15.76,-2.89,-1.93
63_30_daily,ETERNAL,Largecap,I.T,2026-07-01,280.60,2026-07-02,282.00,286.45,1.58,4.54,-0.82,0.52,310.65,10.16,10.57,-0.82,1.05,318.00,12.77,12.77,-0.82,2.36,328.50,16.49,17.38,-0.82,1.60,335.00,18.79,21.51,-0.82,-2.20
63_30_daily,IXIGO,Midcap,I.T,2026-07-01,215.64,2026-07-02,215.64,198.89,-7.77,3.06,-7.77,0.52,193.48,-10.28,3.06,-14.39,1.05,171.35,-20.54,3.06,-20.54,2.36,162.83,-24.49,3.06,-24.49,1.60,156.80,-27.29,3.06,-27.46,-2.20
63_30_daily,STYL,Midcap,I.T,2026-07-01,330.60,2026-07-02,331.95,400.10,20.53,20.62,-2.00,0.52,345.30,4.02,20.62,-2.00,1.05,417.25,25.70,25.70,-2.00,2.36,399.95,20.49,25.70,-2.00,1.60,381.85,15.03,25.70,-2.00,-2.20
63_30_daily,TRIVENI,Midcap,FMCG,2026-07-01,462.75,2026-07-02,462.75,471.40,1.87,3.11,-2.95,0.52,226.40,-51.08,3.11,-51.08,1.05,249.84,-46.01,3.11,-52.13,2.36,282.21,-39.01,3.11,-52.13,1.60,247.55,-46.50,3.11,-52.13,-2.20
Bullish_Scanner,DELHIVERY,Largecap,Transportation,2026-07-01,510.00,2026-07-02,510.25,496.65,-2.67,1.97,-2.67,0.52,468.30,-8.22,1.97,-9.35,1.05,467.00,-8.48,1.97,-9.35,2.36,466.00,-8.67,1.97,-12.84,1.60,422.70,-17.16,1.97,-17.59,-2.20
Bullish_Scanner,IRISDOREME,Smallcap,Readymade Garments/Apparels,2026-07-01,44.65,2026-07-02,44.65,46.82,4.86,4.86,-4.03,0.52,49.63,11.15,11.15,-4.03,1.05,57.51,28.80,28.80,-4.03,2.36,57.93,29.74,32.74,-4.03,1.60,66.15,48.15,48.40,-4.03,-2.20
Bullish_Scanner,TRIVENI,Midcap,FMCG,2026-07-01,462.75,2026-07-02,462.75,471.40,1.87,3.11,-2.95,0.52,226.40,-51.08,3.11,-51.08,1.05,249.84,-46.01,3.11,-52.13,2.36,282.21,-39.01,3.11,-52.13,1.60,247.55,-46.50,3.11,-52.13,-2.20
63_30_daily,INDIGOPNTS,Midcap,Building Materials,2026-07-02,1092.00,2026-07-03,1092.00,1065.10,-2.46,0.23,-4.97,0.31,1111.80,1.81,1.81,-4.97,0.84,1148.70,5.19,5.19,-4.97,1.42,1151.80,5.48,8.62,-4.97,1.13,1110.00,1.65,8.62,-4.97,-4.44
63_30_daily,PRESTIGE,Largecap,Realty,2026-07-02,1682.50,2026-07-03,1682.50,1693.00,0.62,3.01,-2.81,0.31,1616.20,-3.94,3.01,-5.33,0.84,1592.50,-5.35,3.01,-6.21,1.42,1588.00,-5.62,3.01,-6.21,1.13,1470.80,-12.58,3.01,-15.78,-4.44
Bullish_Scanner,NDRAUTO,Smallcap,Auto,2026-07-02,895.00,2026-07-03,906.50,830.15,-8.42,-2.06,-9.43,0.31,817.55,-9.81,-2.06,-11.41,0.84,817.00,-9.87,-2.06,-11.41,1.42,714.85,-21.14,-2.06,-21.14,1.13,721.60,-20.40,-2.06,-26.03,-4.44
63_30_daily,DLF,Largecap,Realty,2026-07-03,678.00,2026-07-06,678.00,668.60,-1.39,1.14,-6.49,0.16,668.55,-1.39,1.14,-6.49,2.15,671.00,-1.03,1.14,-6.49,1.13,691.05,1.92,1.92,-6.49,0.64,653.00,-3.69,1.92,-8.43,-5.15
63_30_daily,INDOFARM,Smallcap,Industrials,2026-07-03,167.00,2026-07-06,168.85,157.04,-6.99,-1.10,-9.29,0.16,161.60,-4.29,-1.10,-9.98,2.15,144.10,-14.66,-1.10,-14.66,1.13,136.65,-19.07,-1.10,-19.07,0.64,133.17,-21.13,-1.10,-22.03,-5.15
63_30_daily,LTF,Largecap,Financials,2026-07-03,329.00,2026-07-06,330.00,305.85,-7.32,1.70,-7.32,0.16,318.00,-3.64,1.70,-8.36,2.15,315.00,-4.55,1.70,-8.36,1.13,321.00,-2.73,1.70,-8.36,0.64,271.05,-17.86,1.70,-17.86,-5.15
Bullish_Scanner,AADHARHFC,Midcap,Financials,2026-07-03,558.80,2026-07-06,560.00,510.55,-8.83,-0.62,-8.83,0.16,504.15,-9.97,-0.62,-12.37,2.15,487.65,-12.92,-0.62,-12.92,1.13,468.10,-16.41,-0.62,-17.40,0.64,432.50,-22.77,-0.62,-22.77,-5.15
Bullish_Scanner,IPCALAB,Largecap,Healthcare,2026-07-03,1788.30,2026-07-06,1798.50,1838.60,2.23,5.68,-2.01,0.16,1725.60,-4.05,5.68,-4.05,2.15,1884.60,4.79,5.68,-6.27,1.13,1974.90,9.81,9.81,-6.27,0.64,1938.10,7.76,11.74,-6.27,-5.15
Bullish_Scanner,SPANDANA,Smallcap,Financials,2026-07-03,303.95,2026-07-06,303.95,285.70,-6.00,2.17,-6.00,0.16,262.40,-13.67,2.17,-14.53,2.15,247.50,-18.57,2.17,-19.39,1.13,240.95,-20.73,2.17,-21.27,0.64,226.67,-25.43,2.17,-25.80,-5.15
63_30_daily,AEGISVOPAK,Largecap,Transportation,2026-07-06,283.17,2026-07-07,283.17,288.45,1.86,7.11,-4.91,-0.35,296.15,4.58,7.18,-4.91,1.09,274.80,-2.96,7.18,-4.97,0.16,270.10,-4.62,7.18,-6.95,-0.40,296.80,4.81,12.41,-6.95,-5.81
63_30_daily,UNITDSPR,Largecap,FMCG,2026-07-06,1432.50,2026-07-07,1435.00,1390.80,-3.08,0.31,-4.29,-0.35,1525.00,6.27,6.75,-4.29,1.09,1520.90,5.99,7.92,-4.29,0.16,1470.00,2.44,8.43,-4.29,-0.40,1354.00,-5.64,8.43,-5.64,-5.81
63_30_daily,ARKADE,Smallcap,Realty,2026-07-07,134.59,2026-07-08,134.59,140.40,4.32,4.65,-6.49,-0.96,139.14,3.38,4.90,-6.49,1.57,127.65,-5.16,4.90,-6.49,0.07,117.93,-12.38,4.90,-12.38,-0.62,118.69,-11.81,4.90,-13.99,-6.47
63_30_daily,BHARTIARTL,Largecap,Telecom-Service,2026-07-07,1956.50,2026-07-09,1956.50,1931.00,-1.30,-0.38,-2.80,0.32,1948.00,-0.43,1.10,-2.98,3.59,1941.70,-0.76,1.82,-2.98,2.64,1869.00,-4.47,1.82,-7.39,1.51,1779.90,-9.03,1.82,-11.01,-4.09
63_30_daily,PWL,Largecap,Services,2026-07-07,152.67,2026-07-08,152.67,131.91,-13.60,-0.84,-13.60,-0.96,127.81,-16.28,-0.84,-19.38,1.57,121.92,-20.14,-0.84,-23.29,0.07,115.47,-24.37,-0.84,-24.71,-0.62,120.17,-21.29,-0.84,-24.71,-6.47
63_30_daily,RELTD,Smallcap,Industrials,2026-07-07,189.25,2026-07-08,189.25,174.55,-7.77,-4.97,-8.27,-0.96,171.67,-9.29,-4.97,-11.86,1.57,160.07,-15.42,-4.97,-16.06,0.07,152.13,-19.61,-4.97,-19.61,-0.62,146.98,-22.34,-4.97,-23.95,-6.47
63_30_daily,TAJGVK,Smallcap,Services,2026-07-07,365.00,2026-07-08,365.00,358.00,-1.92,1.84,-4.05,-0.96,364.70,-0.08,1.84,-4.05,1.57,344.05,-5.74,1.84,-7.53,0.07,343.45,-5.90,1.84,-9.88,-0.62,314.90,-13.73,1.84,-13.73,-6.47
63_30_daily,HIKAL,Smallcap,Healthcare,2026-07-08,244.68,2026-07-10,244.68,217.40,-11.15,0.41,-13.38,-0.73,227.14,-7.17,0.41,-13.38,2.73,215.61,-11.88,0.41,-13.38,1.95,222.30,-9.15,0.41,-18.86,0.75,226.43,-7.46,0.54,-18.86,-3.81
63_30_daily,UNICHEMLAB,Smallcap,Healthcare,2026-07-08,572.70,2026-07-09,610.15,531.05,-12.96,6.63,-13.37,0.32,497.40,-18.48,6.63,-18.48,3.59,516.55,-15.34,6.63,-19.73,2.64,547.95,-10.19,6.63,-19.73,1.51,531.45,-12.90,6.63,-19.73,-4.09
63_30_daily,ASKAUTOLTD,Midcap,Auto,2026-07-09,486.90,2026-07-10,490.25,509.30,3.89,3.89,-4.99,-0.73,634.95,29.52,38.46,-4.99,2.73,621.15,26.70,38.46,-4.99,1.95,618.85,26.23,38.46,-4.99,0.75,609.75,24.38,38.46,-4.99,-3.81
63_30_daily,CHOICEIN,Midcap,Financials,2026-07-09,837.00,2026-07-10,837.00,797.15,-4.76,-0.24,-4.76,-0.73,841.15,0.50,0.50,-4.83,2.73,808.60,-3.39,0.93,-4.83,1.95,760.95,-9.09,0.93,-9.09,0.75,727.15,-13.12,0.93,-14.05,-3.81
63_30_daily,IVALUE,Smallcap,I.T,2026-07-09,299.30,2026-07-10,299.30,287.70,-3.88,4.63,-6.52,-0.73,273.95,-8.47,4.63,-8.52,2.73,286.80,-4.18,4.63,-8.52,1.95,230.26,-23.07,4.63,-23.07,0.75,229.45,-23.34,4.63,-26.76,-3.81
63_30_daily,IONEXCHANG,Midcap,Realty,2026-07-10,479.40,2026-07-13,479.40,427.40,-10.85,-5.78,-13.43,-0.84,385.65,-19.56,-5.78,-22.49,1.69,370.10,-22.80,-5.78,-23.10,0.70,439.10,-8.41,-5.78,-24.10,-0.82,402.40,-16.06,-5.78,-24.10,-5.52
Bullish_Scanner,IONEXCHANG,Midcap,Realty,2026-07-10,479.40,2026-07-13,479.40,427.40,-10.85,-5.78,-13.43,-0.84,385.65,-19.56,-5.78,-22.49,1.69,370.10,-22.80,-5.78,-23.10,0.70,439.10,-8.41,-5.78,-24.10,-0.82,402.40,-16.06,-5.78,-24.10,-5.52
63_30_daily,DDEVPLSTIK,Smallcap,Chemicals,2026-07-13,299.95,2026-07-14,299.95,272.25,-9.23,-2.58,-9.23,-0.99,290.30,-3.22,3.55,-11.09,1.43,276.05,-7.97,3.55,-11.09,1.13,269.45,-10.17,3.55,-11.09,-1.03,244.15,-18.60,3.55,-18.94,-7.41
63_30_daily,GNA,Smallcap,Auto,2026-07-13,537.00,2026-07-14,537.00,510.95,-4.85,10.24,-6.75,-0.99,537.35,0.07,10.24,-6.75,1.43,548.80,2.20,10.24,-6.75,1.13,553.40,3.05,10.24,-6.75,-1.03,557.70,3.85,15.54,-6.75,-7.41
63_30_daily,TRIVENI,Midcap,FMCG,2026-07-13,485.60,2026-07-14,485.60,228.75,-52.89,-2.75,-52.89,-0.99,238.40,-50.91,-2.75,-54.39,1.43,292.88,-39.69,-2.75,-54.39,1.13,272.75,-43.83,-2.75,-54.39,-1.03,237.86,-51.02,-2.75,-54.39,-7.41
Bullish_Scanner,ARMANFIN,Smallcap,Financials,2026-07-13,1999.00,2026-07-14,1999.00,1928.20,-3.54,-0.18,-4.09,-0.99,2002.80,0.19,2.54,-5.14,1.43,1907.80,-4.56,2.54,-5.14,1.13,2037.50,1.93,3.52,-5.14,-1.03,1703.90,-14.76,3.52,-14.95,-7.41
Bullish_Scanner,SENCO,Midcap,Consumer Discretionary,2026-07-13,384.70,2026-07-14,384.70,418.65,8.83,8.83,-5.24,-0.99,401.25,4.30,8.83,-5.24,1.43,368.65,-4.17,8.83,-13.80,1.13,361.85,-5.94,8.83,-13.80,-1.03,337.10,-12.37,8.83,-17.61,-7.41
Bullish_Scanner,SHYAMMETL,Largecap,Metals & Mining,2026-07-13,1038.00,2026-07-14,1038.05,1027.00,-1.06,2.37,-1.50,-0.99,984.80,-5.13,2.37,-5.13,1.43,1006.20,-3.07,2.37,-5.72,1.13,1081.90,4.22,5.95,-5.72,-1.03,1066.80,2.77,6.53,-5.72,-7.41
Wkly_upswing,INDIAGLYCO,Smallcap,FMCG,2026-07-17,1189.90,2026-07-20,1189.90,1145.20,-3.76,-0.46,-5.17,2.00,1070.90,-10.00,-0.46,-11.81,0.98,1147.30,-3.58,1.13,-11.81,0.49,280.20,-76.45,1.13,-80.15,-3.68,,,,,
Wkly_upswing,SHYAMMETL,Largecap,Metals & Mining,2026-07-17,1059.00,2026-07-20,1059.00,1025.10,-3.20,0.34,-3.47,2.00,986.90,-6.81,0.34,-7.58,0.98,1093.50,3.26,3.85,-7.58,0.49,1050.50,-0.80,3.85,-7.58,-3.68,,,,,
63_30_daily,BLUESTONE,Midcap,Consumer Discretionary,2026-07-14,612.80,2026-07-15,612.80,770.25,25.69,33.93,-2.24,0.66,894.50,45.97,45.97,-2.24,2.04,797.95,30.21,45.97,-2.24,1.55,874.40,42.69,45.97,-2.24,-1.04,817.65,33.43,51.83,-2.24,-5.74
63_30_daily,LANDMARK,Smallcap,Consumer Discretionary,2026-07-14,507.45,2026-07-15,529.00,537.80,1.66,1.80,-5.54,0.66,548.05,3.60,8.08,-5.54,2.04,516.20,-2.42,8.08,-5.54,1.55,491.50,-7.09,8.08,-7.09,-1.04,464.70,-12.16,8.08,-12.43,-5.74
63_30_daily,BAJAJHCARE,Smallcap,Healthcare,2026-07-16,380.00,2026-07-20,380.00,340.40,-10.42,1.72,-16.39,2.00,323.05,-14.99,1.72,-16.39,0.98,333.70,-12.18,1.72,-16.39,0.49,320.90,-15.55,1.72,-16.39,-3.68,,,,,
63_30_daily,HUHTAMAKI,Smallcap,Industrials,2026-07-16,237.45,2026-07-17,237.45,298.14,25.56,34.21,-0.00,0.98,277.05,16.68,34.21,-0.00,1.56,262.90,10.72,34.21,-0.00,1.27,254.40,7.14,34.21,-0.00,-1.58,,,,,
63_30_daily,ICICIBANK,Largecap,Bank,2026-07-17,1455.10,2026-07-20,1455.10,1460.00,0.34,0.55,-1.67,2.00,1415.30,-2.74,0.55,-3.32,0.98,1454.00,-0.08,0.55,-3.65,0.49,1350.40,-7.20,0.55,-7.20,-3.68,,,,,
63_30_daily,RELAXO,Midcap,Consumer Discretionary,2026-07-17,439.95,2026-07-20,448.30,408.70,-8.83,-2.51,-12.57,2.00,391.20,-12.74,-2.51,-12.74,0.98,357.85,-20.18,-2.51,-20.57,0.49,317.15,-29.25,-2.51,-29.25,-3.68,,,,,
63_30_daily,BAJFINANCE,Largecap,Financials,2026-07-20,1067.70,2026-07-21,1067.70,1149.00,7.61,7.99,-5.14,1.51,1094.30,2.49,8.53,-5.14,0.58,1053.90,-1.29,8.53,-5.14,0.01,1006.20,-5.76,8.53,-5.76,-3.45,,,,,
Bullish_Scanner,LXCHEM,Smallcap,Chemicals,2026-07-20,179.66,2026-07-21,179.66,184.29,2.58,11.61,-2.86,1.51,174.19,-3.04,11.61,-3.79,0.58,164.90,-8.22,11.61,-8.22,0.01,171.73,-4.41,11.61,-8.22,-3.45,,,,,
Bullish_Scanner,VSSL,Smallcap,Metals & Mining,2026-07-20,310.95,2026-07-21,314.95,304.80,-3.22,-2.79,-5.94,1.51,359.20,14.05,14.80,-5.94,0.58,354.85,12.67,16.76,-5.94,0.01,405.85,28.86,28.86,-5.94,-3.45,,,,,
Wkly_upswing,JSFB,Midcap,Bank,2026-07-24,569.80,2026-07-29,569.80,546.35,-4.12,2.64,-7.58,2.41,547.10,-3.98,2.64,-7.58,1.92,533.95,-6.29,2.64,-8.14,-0.68,522.70,-8.27,2.64,-14.24,-2.43,,,,,
Wkly_upswing,STALLION,Smallcap,Chemicals,2026-07-24,260.80,2026-07-31,260.80,229.85,-11.87,3.60,-11.87,1.03,213.55,-18.12,3.60,-18.12,0.75,225.09,-13.69,3.60,-22.30,-2.09,221.54,-15.05,3.60,-22.30,-4.80,,,,,
63_30_daily,LOTUSDEV,Midcap,Realty,2026-07-22,162.97,2026-07-23,164.00,195.61,19.27,22.02,5.84,2.52,166.16,1.32,22.02,0.01,1.59,184.64,12.59,22.02,0.01,0.47,215.13,31.18,31.95,0.01,-1.32,,,,,
63_30_daily,UFLEX,Smallcap,Industrials,2026-07-22,514.65,2026-07-23,514.65,483.90,-5.97,-5.72,-8.55,2.52,611.05,18.73,20.65,-8.55,1.59,686.70,33.43,36.36,-8.55,0.47,659.45,28.14,36.36,-8.55,-1.32,,,,,
63_30_daily,UJJIVANSFB,Midcap,Bank,2026-07-23,72.24,2026-07-27,72.24,69.76,-3.43,-0.26,-3.67,3.62,70.29,-2.70,0.32,-3.67,2.61,65.09,-9.90,0.32,-12.80,1.06,64.74,-10.38,0.32,-12.80,-0.52,,,,,
Bullish_Scanner,ASKAUTOLTD,Midcap,Auto,2026-07-23,506.70,2026-07-24,506.70,634.95,25.31,33.96,0.26,3.18,621.15,22.59,33.96,0.26,2.38,618.85,22.13,33.96,0.26,1.18,655.10,29.29,33.96,0.26,-0.53,,,,,
Bullish_Scanner,KRISHANA,Smallcap,Chemicals,2026-07-23,157.40,2026-07-24,157.40,178.67,13.51,16.23,2.95,3.18,198.41,26.05,26.05,2.95,2.38,184.13,16.98,30.34,2.95,1.18,182.40,15.88,30.34,2.95,-0.53,,,,,
Bullish_Scanner,TFCILTD,Midcap,Financials,2026-07-24,88.20,2026-07-27,89.00,115.22,29.46,32.00,6.52,3.62,129.56,45.57,49.17,6.52,2.61,140.90,58.31,64.84,6.52,1.06,140.80,58.20,64.84,6.52,-0.52,,,,,
Bullish_Scanner,PVRINOX,Midcap,Media,2026-07-27,1136.90,2026-07-28,1136.90,1160.20,2.05,4.50,-1.65,2.28,1231.00,8.28,8.35,-1.65,1.98,1231.30,8.30,10.41,-1.65,-0.20,1317.50,15.89,18.68,-1.65,-0.94,,,,,
Wkly_upswing,NAZARA,Midcap,I.T,2026-07-31,343.80,2026-08-03,344.95,350.10,1.49,3.17,-1.57,0.44,372.70,8.04,8.60,-1.57,-0.04,357.40,3.61,8.61,-1.57,-4.19,388.40,12.60,12.60,-1.57,-5.80,,,,,
Wkly_upswing,PRICOLLTD,Midcap,Auto,2026-07-31,715.50,2026-08-03,715.50,806.55,12.73,12.73,2.42,0.44,803.25,12.26,12.73,2.42,-0.04,740.75,3.53,12.73,2.42,-4.19,749.35,4.73,12.73,2.42,-5.80,,,,,
Wkly_upswing,REDINGTON,Largecap,Services,2026-07-31,338.50,2026-08-03,338.50,332.80,-1.68,4.83,-1.68,0.44,357.75,5.69,8.12,-3.60,-0.04,378.95,11.95,16.31,-3.60,-4.19,405.45,19.78,21.23,-3.60,-5.80,,,,,
63_30_daily,MASTEK,Smallcap,I.T,2026-07-28,1881.00,2026-07-29,1886.90,1819.10,-3.59,2.29,-4.47,2.41,1644.50,-12.85,2.29,-12.85,1.92,1623.50,-13.96,2.29,-14.59,-0.68,1543.60,-18.19,2.29,-18.19,-2.43,,,,,
63_30_daily,FSL,Midcap,I.T,2026-07-29,298.50,2026-07-30,298.50,272.20,-8.81,13.72,-8.81,1.31,268.50,-10.05,13.72,-11.61,0.55,251.35,-15.80,13.72,-15.80,-1.71,259.45,-13.08,13.72,-17.05,-3.21,,,,,
63_30_daily,M&MFIN,Largecap,Financials,2026-07-29,396.00,2026-07-30,396.00,396.40,0.10,4.12,-2.59,1.31,383.35,-3.19,4.12,-4.37,0.55,359.25,-9.28,4.12,-9.28,-1.71,333.10,-15.88,4.12,-15.88,-3.21,,,,,
63_30_daily,PUNJABCHEM,Smallcap,Chemicals,2026-07-30,1244.70,2026-07-31,1244.70,1094.80,-12.04,-7.46,-12.32,1.03,1126.90,-9.46,-6.24,-12.38,0.75,1065.30,-14.41,-6.24,-14.41,-2.09,1054.60,-15.27,-6.24,-16.35,-4.80,,,,,
Bullish_Scanner,ATALREAL,Smallcap,Realty,2026-07-30,33.25,2026-07-31,33.40,36.13,8.17,8.17,-0.69,1.03,35.51,6.32,8.17,-0.69,0.75,13.75,-58.83,8.17,-58.83,-2.09,13.24,-60.36,8.17,-60.87,-4.80,,,,,
Bullish_Scanner,REDINGTON,Largecap,Services,2026-07-30,338.50,2026-08-03,338.50,332.80,-1.68,4.83,-1.68,0.44,357.75,5.69,8.12,-3.60,-0.04,378.95,11.95,16.31,-3.60,-4.19,405.45,19.78,21.23,-3.60,-5.80,,,,,
63_30_daily,BAJFINANCE,Largecap,Financials,2026-07-31,1151.50,2026-08-03,1176.30,1089.30,-7.40,-1.49,-8.36,0.44,1057.00,-10.14,-1.49,-10.14,-0.04,1009.20,-14.21,-1.49,-14.21,-4.19,973.80,-17.21,-1.49,-17.21,-5.80,,,,,
Bullish_Scanner,GAIL,Largecap,Energy,2026-07-31,182.21,2026-08-03,182.21,172.10,-5.55,-2.34,-5.55,0.44,177.50,-2.58,-2.34,-6.10,-0.04,170.88,-6.22,-2.34,-6.22,-4.19,170.04,-6.68,-2.34,-6.68,-5.80,,,,,
63_30_daily,DALMIASUG,Smallcap,FMCG,2026-08-03,421.05,2026-08-04,425.00,452.70,6.52,8.14,-7.46,-1.39,467.85,10.08,19.55,-7.46,-1.94,393.10,-7.51,19.55,-7.51,-5.34,408.80,-3.81,19.55,-9.62,-7.27,,,,,
63_30_daily,SHALPAINTS,Smallcap,Building Materials,2026-08-03,80.01,2026-08-04,83.00,86.88,4.67,10.18,-0.55,-1.39,79.38,-4.36,10.18,-5.27,-1.94,81.92,-1.30,10.18,-6.42,-5.34,80.62,-2.87,10.18,-10.36,-7.27,,,,,
Bullish_Scanner,ALIVUS,Midcap,Healthcare,2026-08-03,1225.00,2026-08-04,1225.00,1398.70,14.18,14.18,8.18,-1.39,1443.70,17.85,17.85,8.18,-1.94,1370.60,11.89,17.85,8.18,-5.34,1379.30,12.60,17.85,8.18,-7.27,,,,,
Bullish_Scanner,ANTHEM,Largecap,Healthcare,2026-08-03,832.95,2026-08-04,832.95,891.05,6.98,7.81,-1.64,-1.39,924.50,10.99,11.00,-1.64,-1.94,908.45,9.06,14.99,-1.64,-5.34,858.60,3.08,14.99,-1.64,-7.27,,,,,
Wkly_upswing,ANTHEM,Largecap,Healthcare,2026-08-07,847.00,2026-08-10,847.00,883.35,4.29,6.02,0.71,-0.84,933.50,10.21,12.24,0.71,-2.34,891.70,5.28,13.08,0.71,-3.87,887.05,4.73,13.08,0.48,-6.97,,,,,
Wkly_upswing,ARROWGREEN,Smallcap,Plastic products,2026-08-07,783.40,2026-08-10,783.40,690.75,-11.83,3.28,-11.83,-0.84,805.10,2.77,3.92,-12.04,-2.34,913.05,16.55,16.55,-12.04,-3.87,893.35,14.03,16.55,-12.04,-6.97,,,,,
Wkly_upswing,ATALREAL,Smallcap,Realty,2026-08-07,35.50,2026-08-10,35.50,33.66,-5.18,1.77,-6.54,-0.84,26.50,-25.35,1.77,-28.08,-2.34,13.07,-63.18,1.77,-63.18,-3.87,12.12,-65.86,1.77,-66.11,-6.97,,,,,
Wkly_upswing,DCI,Smallcap,I.T,2026-08-07,367.00,2026-08-13,367.00,413.85,12.77,12.77,-0.52,-0.80,274.60,-25.18,12.77,-26.21,-3.04,302.00,-17.71,12.77,-28.02,-4.52,,,,,,,,,,
Wkly_upswing,EXIDEIND,Largecap,Auto,2026-08-07,493.00,2026-08-10,493.00,453.30,-8.05,-0.48,-8.05,-0.84,425.75,-13.64,-0.48,-14.20,-2.34,429.70,-12.84,-0.48,-17.00,-3.87,402.95,-18.27,-0.48,-18.27,-6.97,,,,,
Wkly_upswing,MMP,Smallcap,Metals & Mining,2026-08-07,339.95,2026-08-10,339.95,394.10,15.93,19.53,-0.72,-0.84,444.95,30.89,30.89,-0.72,-2.34,461.30,35.70,40.76,-0.72,-3.87,498.80,46.73,46.73,-0.72,-6.97,,,,,
Bullish_Scanner,MOREPENLAB,Midcap,Healthcare,2026-08-04,69.18,2026-08-05,73.24,88.42,20.73,22.64,0.30,-1.28,111.97,52.88,52.88,0.30,-1.97,120.56,64.61,64.61,0.30,-4.37,133.72,82.58,82.58,0.30,-7.73,,,,,
Bullish_Scanner,RBA,Midcap,Consumer Discretionary,2026-08-04,84.91,2026-08-05,88.59,101.06,14.08,20.04,-0.96,-1.28,97.75,10.34,20.16,-0.96,-1.97,96.12,8.50,20.16,-0.96,-4.37,92.22,4.10,20.16,-0.96,-7.73,,,,,
Bullish_Scanner,TI,Midcap,FMCG,2026-08-04,493.90,2026-08-05,493.90,573.85,16.19,18.00,-1.10,-1.28,552.35,11.83,18.00,-1.10,-1.97,543.85,10.11,18.00,-1.10,-4.37,542.55,9.85,21.79,-1.10,-7.73,,,,,
Bullish_Scanner,360ONE,Largecap,Financials,2026-08-05,1194.70,2026-08-06,1194.70,1203.00,0.69,0.69,-2.82,-0.94,1155.00,-3.32,1.28,-3.32,-2.03,1073.10,-10.18,1.28,-12.48,-3.77,1050.00,-12.11,1.28,-13.85,-7.43,,,,,
Bullish_Scanner,BOSCH-HCIL,Midcap,Consumer Discretionary,2026-08-05,1543.00,2026-08-06,1543.00,1772.00,14.84,14.84,6.62,-0.94,1777.70,15.21,15.21,6.62,-2.03,1694.00,9.79,19.84,6.62,-3.77,1998.20,29.50,29.50,6.62,-7.43,,,,,
Bullish_Scanner,CASTROLIND,Midcap,Chemicals,2026-08-05,194.98,2026-08-06,194.98,188.57,-3.29,-0.42,-4.19,-0.94,186.42,-4.39,-0.42,-5.38,-2.03,197.14,1.11,1.11,-5.38,-3.77,199.51,2.32,3.43,-5.38,-7.43,,,,,
Bullish_Scanner,JSWSTEEL,Largecap,Metals & Mining,2026-08-05,1331.00,2026-08-06,1331.00,1299.70,-2.35,-1.74,-4.76,-0.94,1308.00,-1.73,0.75,-4.76,-2.03,1275.60,-4.16,0.75,-7.65,-3.77,1235.30,-7.19,0.75,-7.65,-7.43,,,,,
Bullish_Scanner,DDEVPLSTIK,Smallcap,Chemicals,2026-08-06,313.00,2026-08-07,314.85,277.85,-11.75,-7.62,-14.47,-0.84,273.00,-13.29,-7.62,-14.47,-2.00,259.90,-17.45,-7.62,-20.39,-3.66,249.79,-20.66,-7.62,-22.78,-6.43,,,,,
Bullish_Scanner,TATATECH,Largecap,I.T,2026-08-06,805.75,2026-08-07,805.75,820.75,1.86,9.11,0.84,-0.84,800.00,-0.71,9.11,-1.52,-2.00,724.90,-10.03,9.11,-10.34,-3.66,703.10,-12.74,9.11,-14.77,-6.43,,,,,
63_30_daily,AARTIPHARM,Midcap,Healthcare,2026-08-10,823.00,2026-08-11,848.90,834.95,-1.64,4.69,-3.78,-0.55,867.00,2.13,4.69,-4.17,-2.68,940.10,10.74,10.74,-7.00,-3.40,879.05,3.55,14.85,-7.00,-8.96,,,,,
63_30_daily,BECTORFOOD,Midcap,FMCG,2026-08-10,237.69,2026-08-11,237.69,250.89,5.55,10.78,1.08,-0.55,230.35,-3.09,10.78,-4.93,-2.68,219.30,-7.74,10.78,-8.36,-3.40,205.64,-13.48,10.78,-13.48,-8.96,,,,,
63_30_daily,BRIGADE,Midcap,Realty,2026-08-10,613.75,2026-08-11,613.75,660.90,7.68,7.68,-4.24,-0.55,687.00,11.93,16.06,-4.24,-2.68,616.45,0.44,16.06,-4.24,-3.40,547.20,-10.84,16.06,-10.84,-8.96,,,,,
Bullish_Scanner,AARTIPHARM,Midcap,Healthcare,2026-08-10,823.00,2026-08-11,848.90,834.95,-1.64,4.69,-3.78,-0.55,867.00,2.13,4.69,-4.17,-2.68,940.10,10.74,10.74,-7.00,-3.40,879.05,3.55,14.85,-7.00,-8.96,,,,,
Bullish_Scanner,ANTHEM,Largecap,Healthcare,2026-08-10,865.90,2026-08-11,865.90,874.70,1.02,3.71,0.64,-0.55,957.80,10.61,10.61,0.64,-2.68,881.90,1.85,10.61,0.64,-3.40,872.55,0.77,10.61,-1.71,-8.96,,,,,
Bullish_Scanner,INDGN,Midcap,Healthcare,2026-08-10,574.95,2026-08-11,574.95,563.55,-1.98,-0.90,-3.33,-0.55,589.20,2.48,6.38,-3.33,-2.68,598.40,4.08,6.38,-3.33,-3.40,586.15,1.95,6.67,-3.33,-8.96,,,,,
Bullish_Scanner,PIXTRANS,Smallcap,FMCG,2026-08-10,2060.60,2026-08-11,2068.00,1791.80,-13.36,-4.11,-13.46,-0.55,1722.00,-16.73,-4.11,-16.73,-2.68,1758.70,-14.96,-4.11,-16.73,-3.40,1755.10,-15.13,-4.11,-16.73,-8.96,,,,,
Bullish_Scanner,YATHARTH,Midcap,Healthcare,2026-08-10,918.00,2026-08-11,918.00,923.05,0.55,0.55,-8.19,-0.55,969.90,5.65,9.14,-8.19,-2.68,1162.20,26.60,26.60,-8.19,-3.40,1014.20,10.48,26.60,-8.19,-8.96,,,,,
Wkly_upswing,ANDHRSUGAR,Smallcap,Chemicals,2026-08-14,105.57,2026-08-17,105.57,99.64,-5.62,-2.68,-9.59,-0.61,94.66,-10.33,-2.68,-10.33,-4.74,94.40,-10.58,-2.68,-11.93,-6.33,,,,,,,,,,
Wkly_upswing,DOLPHIN,Smallcap,Energy,2026-08-14,538.80,2026-08-17,538.80,583.25,8.25,19.73,7.06,-0.61,651.05,20.83,33.70,7.06,-4.74,650.75,20.78,34.43,7.06,-6.33,,,,,,,,,,
Wkly_upswing,SUMICHEM,Largecap,Chemicals,2026-08-14,569.00,2026-08-17,569.00,517.45,-9.06,-1.04,-9.06,-0.61,451.95,-20.57,-1.04,-20.57,-4.74,431.15,-24.23,-1.04,-24.23,-6.33,,,,,,,,,,
Wkly_upswing,TDPOWERSYS,Midcap,Industrials,2026-08-14,765.00,2026-08-17,765.00,777.00,1.57,3.70,-4.86,-0.61,725.50,-5.16,5.22,-5.55,-4.74,777.35,1.61,5.22,-9.02,-6.33,,,,,,,,,,
Bullish_Scanner,AARTIIND,Midcap,Chemicals,2026-08-12,534.00,2026-08-13,536.00,538.90,0.54,1.33,-2.98,-0.80,504.05,-5.96,1.33,-8.45,-3.04,489.25,-8.72,1.33,-12.56,-4.52,,,,,,,,,,
Bullish_Scanner,BERGEPAINT,Largecap,Building Materials,2026-08-12,564.90,2026-08-13,564.90,501.00,-11.31,-2.75,-11.31,-0.80,463.80,-17.90,-2.75,-17.90,-3.04,458.35,-18.86,-2.75,-20.85,-4.52,,,,,,,,,,
Bullish_Scanner,HNDFDS,Midcap,FMCG,2026-08-12,599.00,2026-08-14,599.00,634.45,5.92,9.06,-1.27,-0.55,618.70,3.29,9.88,-1.27,-3.35,602.15,0.53,9.88,-1.27,-6.03,,,,,,,,,,
Bullish_Scanner,MARKSANS,Midcap,Healthcare,2026-08-12,320.00,2026-08-14,320.00,329.70,3.03,4.06,-0.47,-0.55,329.40,2.94,4.97,-0.47,-3.35,331.55,3.61,8.63,-2.23,-6.03,,,,,,,,,,
63_30_daily,TMCV,Largecap,Auto,2026-08-13,485.00,2026-08-14,485.00,466.30,-3.86,-0.26,-3.86,-0.55,434.55,-10.40,-0.26,-10.40,-3.35,432.95,-10.73,-0.26,-12.53,-6.03,,,,,,,,,,
63_30_daily,HAPPSTMNDS,Smallcap,I.T,2026-08-14,426.45,2026-08-17,426.45,406.95,-4.57,5.02,-4.57,-0.61,325.60,-23.65,5.02,-23.65,-4.74,308.70,-27.61,5.02,-27.98,-6.33,,,,,,,,,,
63_30_daily,LGEINDIA,Largecap,Consumer Discretionary,2026-08-14,1736.10,2026-08-17,1737.10,1697.80,-2.26,-2.11,-6.55,-0.61,1629.60,-6.19,-2.11,-6.55,-4.74,1739.20,0.12,0.12,-6.55,-6.33,,,,,,,,,,
Bullish_Scanner,LGEINDIA,Largecap,Consumer Discretionary,2026-08-14,1736.10,2026-08-17,1737.10,1697.80,-2.26,-2.11,-6.55,-0.61,1629.60,-6.19,-2.11,-6.55,-4.74,1739.20,0.12,0.12,-6.55,-6.33,,,,,,,,,,
Bullish_Scanner,SHANTIGOLD,Smallcap,Consumer Discretionary,2026-08-14,251.99,2026-08-17,251.99,246.67,-2.11,7.35,-4.06,-0.61,247.89,-1.63,7.43,-6.83,-4.74,306.85,21.77,29.24,-6.83,-6.33,,,,,,,,,,
63_30_daily,UFLEX,Smallcap,Industrials,2026-08-17,586.05,2026-08-18,615.00,645.05,4.89,5.76,-1.41,-0.95,645.45,4.95,14.11,-1.41,-4.38,657.85,6.97,14.11,-1.41,-6.33,,,,,,,,,,
Bullish_Scanner,HNDFDS,Midcap,FMCG,2026-08-17,613.80,2026-08-18,615.00,644.10,4.73,7.02,2.24,-0.95,606.45,-1.39,7.02,-2.74,-4.38,574.75,-6.54,7.02,-6.54,-6.33,,,,,,,,,,
Bullish_Scanner,MAWANASUG,Smallcap,FMCG,2026-08-17,125.88,2026-08-18,126.00,142.31,12.94,21.06,-0.21,-0.95,125.16,-0.67,21.06,-0.67,-4.38,145.01,15.09,21.06,-0.67,-6.33,,,,,,,,,,
Wkly_upswing,ASIANENE,Smallcap,Energy,2026-08-21,491.00,2026-08-27,491.00,533.95,8.75,12.74,-3.97,-2.58,487.75,-0.66,12.74,-3.97,-4.06,,,,,,,,,,,,,,,
Wkly_upswing,MANGLMCEM,Smallcap,Building Materials,2026-08-21,1036.65,2026-08-24,1040.00,1090.20,4.83,5.60,-0.53,-1.59,1006.30,-3.24,5.60,-4.92,-3.13,971.10,-6.63,5.60,-6.63,-6.25,,,,,,,,,,
Wkly_upswing,ROLLT,Smallcap,Industrials,2026-08-21,3.64,2026-08-24,3.82,4.58,19.90,19.90,0.00,-1.59,6.26,63.87,63.87,0.00,-3.13,5.47,43.19,67.80,0.00,-6.25,,,,,,,,,,
63_30_daily,JYOTICNC,Largecap,Industrials,2026-08-18,947.90,2026-08-19,947.90,955.65,0.82,9.65,0.20,-1.06,980.85,3.48,9.65,0.20,-3.48,1032.10,8.88,17.51,0.20,-6.88,,,,,,,,,,
63_30_daily,PRABHA,Smallcap,Energy,2026-08-18,196.05,2026-08-19,196.05,216.27,10.31,11.02,1.91,-1.06,220.77,12.61,29.33,1.91,-3.48,218.31,11.35,29.33,1.91,-6.88,,,,,,,,,,
Bullish_Scanner,NITINSPIN,Smallcap,Textiles,2026-08-18,610.00,2026-08-19,611.00,623.85,2.10,3.23,-5.05,-1.06,616.85,0.96,7.22,-5.05,-3.48,594.60,-2.68,7.22,-5.05,-6.88,,,,,,,,,,
Bullish_Scanner,REGAAL,Smallcap,Miscellaneous,2026-08-18,101.50,2026-08-19,101.50,90.78,-10.56,-3.79,-13.40,-1.06,80.08,-21.10,-3.79,-21.46,-3.48,85.99,-15.28,-3.79,-21.46,-6.88,,,,,,,,,,
Bullish_Scanner,SUBEXLTD,Smallcap,I.T,2026-08-18,16.93,2026-08-19,16.93,17.57,3.78,10.22,-5.97,-1.06,19.90,17.54,22.86,-5.97,-3.48,19.34,14.24,30.42,-5.97,-6.88,,,,,,,,,,
Bullish_Scanner,ELGIEQUIP,Midcap,Industrials,2026-08-19,641.00,2026-08-20,644.00,630.35,-2.12,-1.50,-6.95,-0.57,609.55,-5.35,-0.25,-8.00,-2.33,591.20,-8.20,-0.25,-9.22,-6.05,,,,,,,,,,
63_30_daily,BRIGADE,Midcap,Realty,2026-08-20,629.45,2026-08-21,629.45,696.10,10.59,13.16,1.56,-1.10,608.75,-3.29,13.16,-3.29,-2.78,569.10,-9.59,13.16,-10.55,-5.57,,,,,,,,,,
63_30_daily,HERITGFOOD,Smallcap,FMCG,2026-08-20,381.40,2026-08-21,381.80,382.35,0.14,2.11,-7.36,-1.10,421.50,10.40,10.40,-7.36,-2.78,406.10,6.36,11.07,-7.36,-5.57,,,,,,,,,,
Bullish_Scanner,EPL,Midcap,Industrials,2026-08-20,273.00,2026-08-21,273.00,247.10,-9.49,-2.71,-13.44,-1.10,239.65,-12.22,-2.71,-15.24,-2.78,237.23,-13.10,-2.71,-15.24,-5.57,,,,,,,,,,
Bullish_Scanner,WELSPUNLIV,Largecap,Textiles,2026-08-20,191.47,2026-08-24,191.47,211.95,10.70,10.70,-0.61,-1.59,221.51,15.69,15.69,-0.61,-3.13,235.86,23.18,24.91,-0.61,-6.25,,,,,,,,,,
63_30_daily,ALLCARGO,Smallcap,Transportation,2026-08-21,12.59,2026-08-24,12.59,12.67,0.64,5.88,-5.32,-1.59,10.93,-13.19,5.88,-13.19,-3.13,10.28,-18.35,5.88,-20.33,-6.25,,,,,,,,,,
Bullish_Scanner,HATSUN,Largecap,FMCG,2026-08-24,1067.40,2026-08-26,1067.40,1199.10,12.34,12.34,1.79,-2.76,1134.40,6.28,19.45,1.79,-4.49,1121.80,5.10,19.45,1.79,-7.39,,,,,,,,,,
Bullish_Scanner,KRBL,Midcap,FMCG,2026-08-24,444.00,2026-08-26,444.00,434.45,-2.15,0.77,-4.97,-2.76,398.20,-10.32,0.77,-12.18,-4.49,389.20,-12.34,0.77,-15.34,-7.39,,,,,,,,,,
Bullish_Scanner,PCJEWELLER,Midcap,Consumer Discretionary,2026-08-24,11.35,2026-08-25,11.35,13.52,19.12,22.73,-10.31,-1.73,14.47,27.49,27.49,-10.31,-2.45,13.90,22.47,27.49,-10.31,-8.06,,,,,,,,,,
Wkly_upswing,OAL,Smallcap,Chemicals,2026-08-28,492.70,2026-09-03,492.70,514.15,4.35,9.66,1.95,-1.65,515.10,4.55,13.32,1.95,-5.39,,,,,,,,,,,,,,,
Wkly_upswing,VINCOFE,Smallcap,Consumer Discretionary,2026-08-28,181.66,2026-08-31,181.66,166.54,-8.32,2.26,-8.32,-4.47,182.56,0.50,2.26,-8.32,-6.07,,,,,,,,,,,,,,,
63_30_daily,ALEMBICLTD,Smallcap,Realty,2026-08-25,97.00,2026-08-26,97.00,106.95,10.26,14.86,1.75,-2.76,107.18,10.49,14.86,1.75,-4.49,99.25,2.32,14.86,1.75,-7.39,,,,,,,,,,
63_30_daily,GODREJAGRO,Midcap,FMCG,2026-08-25,625.00,2026-08-26,625.00,674.65,7.94,7.94,-2.51,-2.76,676.05,8.17,8.17,-2.51,-4.49,628.45,0.55,8.17,-2.51,-7.39,,,,,,,,,,
Bullish_Scanner,DCBBANK,Midcap,Bank,2026-08-25,210.10,2026-08-26,210.10,228.10,8.57,9.26,1.37,-2.76,213.35,1.55,9.26,1.37,-4.49,203.79,-3.00,9.26,-6.44,-7.39,,,,,,,,,,
Bullish_Scanner,FMGOETZE,Smallcap,Auto,2026-08-25,560.00,2026-08-26,560.00,455.45,-18.67,11.58,-18.67,-2.76,468.45,-16.35,11.58,-21.59,-4.49,443.20,-20.86,11.58,-22.35,-7.39,,,,,,,,,,
Bullish_Scanner,GIPCL,Smallcap,Power & Utilities,2026-08-25,191.25,2026-08-26,192.50,201.04,4.44,8.07,3.27,-2.76,186.42,-3.16,8.07,-3.82,-4.49,166.58,-13.46,8.07,-14.32,-7.39,,,,,,,,,,
Bullish_Scanner,YATHARTH,Midcap,Healthcare,2026-08-25,938.80,2026-08-26,938.80,989.70,5.42,6.72,2.50,-2.76,1157.00,23.24,23.80,2.50,-4.49,1022.20,8.88,23.80,2.50,-7.39,,,,,,,,,,
63_30_daily,JSWSTEEL,Largecap,Metals & Mining,2026-08-26,1341.00,2026-08-27,1351.00,1304.00,-3.48,-1.00,-3.97,-2.58,1277.00,-5.48,-1.00,-9.02,-4.06,,,,,,,,,,,,,,,
63_30_daily,MAHASTEEL,Smallcap,Metals & Mining,2026-08-26,1239.00,2026-08-27,1239.00,1331.60,7.47,12.52,1.55,-2.58,1232.10,-0.56,12.52,-11.07,-4.06,,,,,,,,,,,,,,,
63_30_daily,SBFC,Midcap,Financials,2026-08-26,102.21,2026-08-27,102.21,98.48,-3.65,-2.08,-4.75,-2.58,88.86,-13.06,-2.08,-13.06,-4.06,,,,,,,,,,,,,,,
63_30_daily,WEL,Smallcap,Consumer Discretionary,2026-08-26,160.00,2026-08-27,160.00,74.20,-53.62,-22.04,-56.63,-2.58,74.62,-53.36,-22.04,-56.76,-4.06,,,,,,,,,,,,,,,
Bullish_Scanner,HATSUN,Largecap,FMCG,2026-08-26,1106.60,2026-08-27,1106.60,1194.50,7.94,8.36,2.37,-2.58,1165.30,5.30,15.22,2.18,-4.06,,,,,,,,,,,,,,,
Bullish_Scanner,JSWSTEEL,Largecap,Metals & Mining,2026-08-26,1341.00,2026-08-27,1351.00,1304.00,-3.48,-1.00,-3.97,-2.58,1277.00,-5.48,-1.00,-9.02,-4.06,,,,,,,,,,,,,,,
Bullish_Scanner,SOMANYCERA,Smallcap,Building Materials,2026-08-26,564.95,2026-08-27,565.00,559.70,-0.94,0.90,-2.04,-2.58,618.05,9.39,9.39,-2.51,-4.06,,,,,,,,,,,,,,,
Bullish_Scanner,IMAGICAA,Smallcap,Media,2026-08-27,60.21,2026-08-28,60.21,52.33,-13.09,-3.55,-13.09,-2.62,51.29,-14.81,-3.55,-16.24,-5.32,,,,,,,,,,,,,,,
63_30_daily,MANINFRA,Midcap,Realty,2026-08-28,123.45,2026-08-31,123.45,124.83,1.12,4.27,-0.67,-4.47,127.90,3.60,5.27,-0.67,-6.07,,,,,,,,,,,,,,,
63_30_daily,PRECWIRE,Midcap,Metals & Mining,2026-08-28,507.35,2026-08-31,515.00,440.05,-14.55,-1.83,-14.55,-4.47,500.15,-2.88,-1.83,-14.64,-6.07,,,,,,,,,,,,,,,
Wkly_upswing,GLOBAL,Smallcap,Services,2026-09-04,126.45,2026-09-08,126.45,134.45,6.33,6.33,-2.29,-0.95,141.41,11.83,14.50,-2.29,-6.65,,,,,,,,,,,,,,,
Wkly_upswing,NIACL,Largecap,Financials,2026-09-04,234.39,2026-09-07,234.39,187.41,-20.04,-1.36,-21.42,-1.98,159.29,-32.04,-1.36,-32.44,-5.14,,,,,,,,,,,,,,,
Wkly_upswing,SBC,Smallcap,Textiles,2026-09-04,46.89,2026-09-07,46.89,49.23,4.99,5.01,-0.26,-1.98,61.77,31.73,32.31,-0.26,-5.14,,,,,,,,,,,,,,,
Bullish_Scanner,ANTELOPUS,Smallcap,Energy,2026-09-02,951.15,2026-09-03,985.00,1104.85,12.17,18.88,-2.83,-1.65,1103.40,12.02,28.09,-2.83,-5.39,,,,,,,,,,,,,,,
63_30_daily,MUKKA,Smallcap,FMCG,2026-09-03,28.92,2026-09-04,29.99,28.25,-5.80,7.27,-10.20,-1.69,26.97,-10.07,7.27,-14.30,-4.52,,,,,,,,,,,,,,,
63_30_daily,SEAMECLTD,Smallcap,Miscellaneous,2026-09-03,1794.90,2026-09-04,1794.90,1698.80,-5.35,-0.07,-5.35,-1.69,1584.90,-11.70,-0.07,-12.09,-4.52,,,,,,,,,,,,,,,
Bullish_Scanner,EDELWEISS,Midcap,Financials,2026-09-03,135.24,2026-09-04,136.11,139.52,2.51,2.51,-6.88,-1.69,135.53,-0.43,4.86,-6.88,-4.52,,,,,,,,,,,,,,,
Bullish_Scanner,VISHNU,Smallcap,Chemicals,2026-09-03,697.20,2026-09-04,697.20,716.50,2.77,4.93,-2.07,-1.69,695.55,-0.24,4.93,-7.09,-4.52,,,,,,,,,,,,,,,
63_30_daily,PRABHA,Smallcap,Energy,2026-09-04,258.40,2026-09-08,258.40,234.80,-9.13,-1.88,-14.56,-0.95,212.31,-17.84,-1.88,-17.84,-6.65,,,,,,,,,,,,,,,
63_30_daily,SHANTIGEAR,Smallcap,Industrials,2026-09-04,637.45,2026-09-07,637.45,673.70,5.69,13.81,0.40,-1.98,586.05,-8.06,13.81,-10.01,-5.14,,,,,,,,,,,,,,,
Bullish_Scanner,SBC,Smallcap,Textiles,2026-09-04,46.89,2026-09-07,46.89,49.23,4.99,5.01,-0.26,-1.98,61.77,31.73,32.31,-0.26,-5.14,,,,,,,,,,,,,,,
63_30_daily,SOLARA,Smallcap,Healthcare,2026-09-07,711.00,2026-09-08,711.00,722.90,1.67,5.94,-2.88,-0.95,654.90,-7.89,5.94,-7.89,-6.65,,,,,,,,,,,,,,,
Bullish_Scanner,PAISALO,Midcap,Financials,2026-09-07,80.00,2026-09-09,80.00,89.45,11.81,16.79,-0.10,-2.40,80.90,1.12,16.79,-4.49,-5.36,,,,,,,,,,,,,,,
Wkly_upswing,SMSPHARMA,Smallcap,Healthcare,2026-09-11,469.00,2026-09-15,477.95,479.40,0.30,1.13,-15.69,-3.35,,,,,,,,,,,,,,,,,,,,
Wkly_upswing,UNIVPHOTO,Smallcap,Consumer Discretionary,2026-09-11,580.00,2026-09-16,580.00,512.75,-11.59,5.86,-11.59,-1.80,,,,,,,,,,,,,,,,,,,,
63_30_daily,GENESYS,Smallcap,I.T,2026-09-08,288.19,2026-09-09,291.01,283.18,-2.69,5.77,-5.74,-2.40,276.05,-5.14,5.77,-6.04,-5.36,,,,,,,,,,,,,,,
63_30_daily,VALIANTLAB,Smallcap,Healthcare,2026-09-09,119.83,2026-09-10,123.20,124.87,1.36,3.82,-5.11,-1.55,,,,,,,,,,,,,,,,,,,,
Bullish_Scanner,CONFIPET,Smallcap,Miscellaneous,2026-09-09,91.30,2026-09-15,91.30,87.19,-4.50,0.71,-6.19,-3.35,,,,,,,,,,,,,,,,,,,,
Bullish_Scanner,INDNIPPON,Smallcap,Auto,2026-09-09,1346.70,2026-09-10,1347.90,1318.20,-2.20,1.57,-8.23,-1.55,,,,,,,,,,,,,,,,,,,,
63_30_daily,HERITGFOOD,Smallcap,FMCG,2026-09-10,403.50,2026-09-11,403.50,402.05,-0.36,5.09,-2.39,-3.14,,,,,,,,,,,,,,,,,,,,
Bullish_Scanner,AHCL,Smallcap,Healthcare,2026-09-10,18.00,2026-09-11,18.00,34.66,92.56,92.56,8.72,-3.14,,,,,,,,,,,,,,,,,,,,
63_30_daily,EMUDHRA,Midcap,I.T,2026-09-15,592.85,2026-09-16,625.00,596.50,-4.56,5.92,-4.56,-1.80,,,,,,,,,,,,,,,,,,,,
Bullish_Scanner,EMUDHRA,Midcap,I.T,2026-09-15,592.85,2026-09-16,625.00,596.50,-4.56,5.92,-4.56,-1.80,,,,,,,,,,,,,,,,,,,,
63_30_daily,TEGA,Midcap,Industrials,2026-09-17,1944.00,2026-09-18,1944.00,2064.10,6.18,9.52,-0.05,-3.02,,,,,,,,,,,,,,,,,,,,
Bullish_Scanner,MOTISONS,Smallcap,Consumer Discretionary,2026-09-17,18.50,2026-09-18,18.50,17.74,-4.11,2.11,-4.76,-3.02,,,,,,,,,,,,,,,,,,,,
Bullish_Scanner,TEGA,Midcap,Industrials,2026-09-17,1944.00,2026-09-18,1944.00,2064.10,6.18,9.52,-0.05,-3.02,,,,,,,,,,,,,,,,,,,,
63_30_daily,SPLPETRO,Midcap,Energy,2026-09-18,872.00,2026-09-21,872.00,819.60,-6.01,1.17,-10.50,-2.79,,,,,,,,,,,,,,,,,,,,
63_30_daily,MAXESTATES,Midcap,Realty,2026-09-21,623.00,2026-09-24,623.00,529.55,-15.00,-1.00,-15.00,-4.66,,,,,,,,,,,,,,,,,,,,
Bullish_Scanner,AGI,Midcap,Industrials,2026-09-21,824.00,2026-09-22,825.90,787.50,-4.65,2.40,-5.35,-3.50,,,,,,,,,,,,,,,,,,,,
Bullish_Scanner,JASH,Smallcap,Industrials,2026-09-21,596.90,2026-09-22,596.90,586.15,-1.80,0.25,-3.45,-3.50,,,,,,,,,,,,,,,,,,,,
Wkly_upswing,AARNAV,Smallcap,Textiles,2026-09-25,36.48,2026-09-28,37.60,,,,,,,,,,,,,,,,,,,,,,,,,
Wkly_upswing,JASH,Smallcap,Industrials,2026-09-25,603.00,2026-09-30,603.00,,,,,,,,,,,,,,,,,,,,,,,,,
Wkly_upswing,SIKKO,Smallcap,Chemicals,2026-09-25,6.65,2026-09-28,6.65,,,,,,,,,,,,,,,,,,,,,,,,,
Wkly_upswing,VETO,Smallcap,Industrials,2026-09-25,152.00,2026-09-28,153.89,,,,,,,,,,,,,,,,,,,,,,,,,
63_30_daily,DOLPHIN,Smallcap,Energy,2026-09-22,745.00,2026-09-23,745.00,620.05,-16.77,-2.88,-16.77,-5.17,,,,,,,,,,,,,,,,,,,,
63_30_daily,KLBRENG-B,Smallcap,Industrials,2026-09-22,525.00,2026-09-23,525.00,500.15,-4.73,0.65,-4.73,-5.17,,,,,,,,,,,,,,,,,,,,
Bullish_Scanner,ARIHANTCAP,Smallcap,Financials,2026-09-22,93.00,2026-09-23,93.00,95.62,2.82,4.71,-4.74,-5.17,,,,,,,,,,,,,,,,,,,,
Bullish_Scanner,OPTIEMUS,Midcap,Telecom,2026-09-22,708.90,2026-09-23,800.00,816.85,2.11,11.24,-5.18,-5.17,,,,,,,,,,,,,,,,,,,,
Bullish_Scanner,SHARDAMOTR,Midcap,Auto,2026-09-22,988.90,2026-09-23,990.00,884.40,-10.67,-1.83,-10.67,-5.17,,,,,,,,,,,,,,,,,,,,
Bullish_Scanner,SUNDROP,Smallcap,FMCG,2026-09-22,773.00,2026-09-25,773.00,,,,,,,,,,,,,,,,,,,,,,,,,
63_30_daily,PENIND,Smallcap,Metals & Mining,2026-09-23,185.40,2026-09-25,185.40,,,,,,,,,,,,,,,,,,,,,,,,,
63_30_daily,TEXRAIL,Midcap,Industrials,2026-09-23,126.70,2026-09-24,126.70,110.99,-12.40,3.97,-15.49,-4.66,,,,,,,,,,,,,,,,,,,,
Bullish_Scanner,GNFC,Midcap,Chemicals,2026-09-23,628.10,2026-09-24,628.10,592.70,-5.64,0.35,-6.65,-4.66,,,,,,,,,,,,,,,,,,,,
Bullish_Scanner,MUKANDLTD,Smallcap,Metals & Mining,2026-09-23,158.80,2026-09-24,158.80,175.99,10.82,17.08,-2.23,-4.66,,,,,,,,,,,,,,,,,,,,
63_30_daily,REMSONSIND,Smallcap,Auto,2026-09-24,113.39,2026-09-25,116.40,,,,,,,,,,,,,,,,,,,,,,,,,
Bullish_Scanner,ABDL,Largecap,FMCG,2026-09-24,722.00,2026-09-25,725.00,,,,,,,,,,,,,,,,,,,,,,,,,
Bullish_Scanner,CASTROLIND,Midcap,Chemicals,2026-09-25,202.10,2026-09-28,202.10,,,,,,,,,,,,,,,,,,,,,,,,,
Wkly_upswing,KILITCH,Smallcap,Healthcare,2026-09-25,232.50,2026-10-05,232.50,,,,,,,,,,,,,,,,,,,,,,,,,
Bullish_Scanner,SHIVAUM,Smallcap,Metals & Mining,2026-09-28,550.00,2026-09-30,550.00,,,,,,,,,,,,,,,,,,,,,,,,,
Bullish_Scanner,ZYDUSLIFE,Largecap,Healthcare,2026-09-28,1228.60,2026-09-29,1228.60,,,,,,,,,,,,,,,,,,,,,,,,,
Bullish_Scanner,DPABHUSHAN,Smallcap,Consumer Discretionary,2026-09-29,1665.80,2026-09-30,1750.00,,,,,,,,,,,,,,,,,,,,,,,,,
Bullish_Scanner,ALICON,Smallcap,"Castings, Forgings & Fasteners",2026-09-30,869.80,2026-10-01,869.80,,,,,,,,,,,,,,,,,,,,,,,,,
Bullish_Scanner,LOKESHMACH,Smallcap,Industrials,2026-10-01,411.45,2026-10-05,411.45,,,,,,,,,,,,,,,,,,,,,,,,,
Bullish_Scanner,BHEL,Largecap,Industrials,2026-10-06,453.90,2026-10-07,453.90,,,,,,,,,,,,,,,,,,,,,,,,,
63_30_daily,KAVDEFENCE,Smallcap,Aerospace & Defence,2026-10-07,89.82,2026-10-08,90.43,,,,,,,,,,,,,,,,,,,,,,,,,
Bullish_Scanner,KOTAKBANK,,,2026-10-07,441.50,2026-10-09,441.50,,,,,,,,,,,,,,,,,,,,,,,,,
