scanner_name,hit_date,symbol,marketcap,sector,source,hit_id,data_status,signal_date,trigger,bar_low,bar_close,ret_1d,ret_5d,ret_20d,ret_60d,dist_sma20,dist_sma50,dist_sma200,rsi14,atr_pct,vol_ratio,dist_52w_high,log_turnover,up_days_10,bar_range_pct,close_pos_in_bar,trigger_gap_pct,bar_risk_pct,nifty_ret_20d,nifty_dist_sma50,prior_hits_same_scanner_180d,other_scanner_hits_10d
Wkly_upswing,2023-09-04,ANDHRAPAP,Smallcap,Building Materials,backtest,0,ok,2023-09-08,111.1900,89.8200,108.6300,-0.7038,19.7553,31.9126,25.9186,18.2445,24.7548,25.2584,81.6605,3.6724,1.0922,-2.3024,8.2963,6.0000,19.6723,0.8802,2.3566,19.2194,1.4166,1.5539,0.0000,0.0000
Wkly_upswing,2023-09-04,ASAL,Smallcap,Auto,backtest,1,ok,2023-09-08,481.8000,403.3000,447.6000,-1.2792,10.4231,14.1691,36.7135,10.1107,12.2446,28.1352,70.5495,3.9105,1.0363,-10.4621,7.7202,6.0000,17.5380,0.5643,7.6407,16.2931,1.4166,1.5539,0.0000,0.0000
Wkly_upswing,2023-09-04,AVADHSUGAR,Smallcap,FMCG,backtest,2,ok,2023-09-08,695.0000,578.3000,677.9000,0.6458,17.3040,21.4766,34.3174,19.1211,20.3450,33.4481,77.5743,4.0819,0.5804,-2.4604,8.0763,8.0000,17.2149,0.8535,2.5225,16.7914,1.4166,1.5539,0.0000,0.0000
Wkly_upswing,2023-09-04,COALINDIA,Largecap,Metals & Mining,backtest,3,ok,2023-09-08,284.4500,238.1500,282.1000,2.9562,19.0798,20.0937,23.2147,18.0224,20.2252,23.9207,86.5990,2.1573,3.6721,-0.8262,9.5210,9.0000,16.4126,0.9492,0.8330,16.2770,1.4166,1.5539,0.0000,0.0000
Wkly_upswing,2023-09-04,DALMIASUG,Smallcap,FMCG,backtest,4,ok,2023-09-08,437.3500,377.2000,418.8500,-1.7822,11.2779,17.9195,14.8478,12.0377,12.1335,16.0282,73.7475,3.3169,0.7507,-5.0011,7.8397,8.0000,14.3607,0.6924,4.4169,13.7533,1.4166,1.5539,0.0000,0.0000
Wkly_upswing,2023-09-04,FCL,Midcap,Chemicals,backtest,5,ok,2023-09-08,34.9900,31.7050,34.2050,0.4257,9.2288,18.6849,9.7722,12.9036,15.8290,26.4696,71.8595,3.7672,0.6640,-16.3692,8.3100,6.0000,9.6039,0.7610,2.2950,9.3884,1.4166,1.5539,0.0000,0.0000
Wkly_upswing,2023-09-04,HCLTECH,Largecap,I.T,backtest,6,ok,2023-09-08,1269.5500,1185.0000,1262.0500,0.6419,6.4303,11.2625,11.1106,6.1043,8.7226,13.4454,76.8894,1.6461,0.8573,-0.5908,9.5052,9.0000,6.6994,0.9113,0.5943,6.6598,1.4166,1.5539,0.0000,0.0000
Wkly_upswing,2023-09-04,KRBL,Midcap,FMCG,backtest,7,ok,2023-09-08,470.9000,401.0000,449.6500,-2.4832,12.0065,8.9005,27.5422,9.8268,16.6011,18.0561,71.4940,3.3280,1.0802,-4.5126,8.5156,6.0000,15.5454,0.6960,4.7259,14.8439,1.4166,1.5539,0.0000,0.0000
Wkly_upswing,2023-09-04,NAHARINDUS,Smallcap,Textiles,backtest,8,ok,2023-09-08,143.9000,118.8500,141.4000,10.9455,18.9735,19.0737,16.2351,20.3507,16.2399,29.2280,75.4031,4.1776,12.3794,-1.7373,7.2405,7.0000,17.7157,0.9002,1.7680,17.4079,1.4166,1.5539,0.0000,0.0000
Wkly_upswing,2023-09-04,SAPPHIRE,Midcap,Consumer Discretionary,backtest,9,ok,2023-09-08,307.5200,282.2800,303.2300,2.3907,7.6505,11.2607,8.9619,9.0146,9.2005,15.2249,74.7025,2.8797,0.9709,-3.6753,8.1494,7.0000,8.3237,0.8300,1.4148,8.2076,1.4166,1.5539,0.0000,0.0000
Wkly_upswing,2023-09-04,SARLAPOLY,Smallcap,Textiles,backtest,10,ok,2023-09-08,59.9000,47.3500,56.9000,-0.4374,19.6635,19.5378,42.4280,16.6043,17.0854,33.8241,70.1859,4.9397,0.6193,-5.1667,7.4449,6.0000,22.0562,0.7610,5.2724,20.9516,1.4166,1.5539,0.0000,0.0000
Wkly_upswing,2023-09-04,SASKEN,Smallcap,I.T,backtest,11,ok,2023-09-08,1169.8000,982.0500,1102.1000,-1.5103,11.8883,14.6767,27.1165,13.0724,13.8470,22.3583,73.5647,3.5115,0.7116,-5.7873,7.7758,6.0000,17.0357,0.6394,6.1428,16.0498,1.4166,1.5539,0.0000,0.0000
Wkly_upswing,2023-09-11,BCLIND,Smallcap,FMCG,backtest,12,ok,2023-09-15,56.8000,47.3050,55.1900,-0.4150,11.4274,20.6866,6.5650,13.1122,15.6444,26.0092,70.7827,3.9895,2.3131,-2.8345,8.0410,6.0000,17.2042,0.8304,2.9172,16.7165,4.5686,3.0860,0.0000,0.0000
Wkly_upswing,2023-09-11,DHAMPURSUG,Smallcap,FMCG,backtest,13,ok,2023-09-15,319.6500,266.5500,312.7500,0.9034,10.9239,22.7433,15.4698,15.4187,14.9681,26.8631,70.3648,4.2446,1.7242,-2.1586,8.4054,6.0000,16.9784,0.8701,2.2062,16.6119,4.5686,3.0860,0.0000,0.0000
Wkly_upswing,2023-09-11,DHANUKA,Smallcap,Chemicals,backtest,14,ok,2023-09-15,904.9500,824.3500,845.7000,-1.7199,0.5888,9.7955,4.8865,4.5126,7.5411,17.9461,60.3281,4.2019,0.5471,-6.5473,7.8282,6.0000,9.5306,0.2649,7.0060,8.9066,4.5686,3.0860,0.0000,0.0000
Wkly_upswing,2023-09-11,PNCINFRA,Smallcap,Realty,backtest,15,ok,2023-09-15,373.8000,345.0000,370.9500,2.7562,2.6283,15.0768,12.5968,8.7918,7.7760,18.0929,68.7400,3.0520,1.3023,-0.7624,8.2086,8.0000,7.7638,0.9010,0.7683,7.7047,4.5686,3.0860,0.0000,0.0000
Wkly_upswing,2023-09-11,TECHM,Largecap,I.T,backtest,16,ok,2023-09-15,1303.7000,1251.5500,1300.0500,1.5783,2.9376,7.3712,16.0863,5.2706,7.8908,17.9970,71.5862,1.9260,2.3526,-0.2800,9.3875,5.0000,4.0114,0.9300,0.2808,4.0001,4.5686,3.0860,0.0000,0.0000
Wkly_upswing,2023-09-11,THEMISMED,Smallcap,Healthcare,backtest,17,ok,2023-09-15,175.0000,156.0000,167.8500,-1.2386,4.8669,1.5549,20.4262,3.8041,6.6090,20.7476,60.4669,3.2382,1.9680,-4.0857,6.7659,6.0000,11.3196,0.6237,4.2598,10.8571,4.5686,3.0860,0.0000,0.0000
Wkly_upswing,2023-09-18,BLUESTARCO,Largecap,Consumer Discretionary,backtest,18,ok,2023-09-22,946.8000,790.2500,894.3000,0.4155,13.6268,22.5992,14.7347,14.0125,15.7920,24.8174,74.5173,3.8382,1.2170,-5.5450,8.8438,7.0000,17.5053,0.6646,5.8705,16.5346,1.4832,0.2425,0.0000,0.0000
Wkly_upswing,2023-09-18,KAPSTON,Smallcap,Miscellaneous,backtest,19,ok,2023-09-22,92.8500,83.5500,90.6750,4.5848,17.7597,12.9907,28.2532,12.4337,15.6613,27.1011,71.7856,3.8757,2.6478,-6.4724,6.1508,5.0000,10.2564,0.7661,2.3987,10.0162,1.4832,0.2425,0.0000,0.0000
Wkly_upswing,2023-09-18,PNBGILTS,Smallcap,Financials,backtest,20,ok,2023-09-22,81.6000,65.5500,81.6000,20.0000,23.9180,29.7297,32.8990,23.9368,25.0594,30.9844,81.0129,3.7553,51.6107,0.0000,8.2684,7.0000,19.6691,1.0000,0.0000,19.6691,1.4832,0.2425,0.0000,0.0000
Wkly_upswing,2023-09-25,MSPL,Smallcap,Metals & Mining,backtest,21,ok,2023-09-29,17.1000,13.6000,17.1000,4.9080,26.6667,43.6975,95.4286,29.4719,39.2168,75.6819,88.6486,2.4645,0.2749,0.0000,7.4846,10.0000,20.4678,1.0000,0.0000,20.4678,1.9970,0.0649,0.0000,0.0000
Wkly_upswing,2023-09-25,VIPCLOTHNG,Smallcap,Textiles,backtest,22,ok,2023-09-29,55.7500,46.0000,53.3000,1.8147,15.8696,13.4043,15.3680,11.5296,16.7579,17.1345,77.7596,4.4492,1.2505,-7.5455,7.5827,7.0000,18.2927,0.7487,4.5966,17.4888,1.9970,0.0649,0.0000,0.0000
Wkly_upswing,2023-10-03,SPLPETRO,Midcap,Energy,backtest,23,ok,2023-10-06,535.4000,478.5000,524.4000,0.3925,12.0154,9.1931,22.7097,8.3527,12.1222,28.6617,68.7095,4.1966,1.6325,-2.0545,7.8159,7.0000,10.8505,0.8067,2.0976,10.6276,0.2165,0.2356,0.0000,0.0000
Wkly_upswing,2023-10-09,ASALCBR,Smallcap,FMCG,backtest,24,ok,2023-10-13,507.9000,458.5000,494.1000,-1.8279,5.5544,12.8984,9.1451,8.4379,10.0002,21.8187,66.9339,3.8989,2.2839,-2.7171,7.7556,4.0000,9.9980,0.7206,2.7930,9.7263,-1.5892,0.7344,0.0000,0.0000
Wkly_upswing,2023-10-09,CDSL,Largecap,Financials,backtest,25,ok,2023-10-13,710.0000,652.5000,694.5750,-0.1079,3.0641,5.3025,15.2678,4.2041,10.9766,26.7642,63.8262,2.7671,1.8797,-2.8566,9.1986,6.0000,8.2784,0.7317,2.2208,8.0986,-1.5892,0.7344,0.0000,0.0000
Wkly_upswing,2023-10-09,DBSTOCKBRO,Smallcap,Financials,backtest,26,ok,2023-10-13,38.4000,29.6000,33.8000,0.4458,12.8548,20.9302,41.4226,13.6421,16.0156,31.7649,65.1320,7.7451,0.5167,-13.8854,6.4404,7.0000,26.0355,0.4773,13.6095,22.9167,-1.5892,0.7344,0.0000,0.0000
Wkly_upswing,2023-10-09,DECCANCE,Smallcap,Building Materials,backtest,27,ok,2023-10-13,578.0000,532.1500,561.4500,-0.7776,2.6511,4.6603,14.0347,3.4898,5.8589,16.1333,60.6063,2.6602,1.0549,-2.8633,6.8440,7.0000,8.1664,0.6390,2.9477,7.9325,-1.5892,0.7344,0.0000,0.0000
Wkly_upswing,2023-10-09,KRSNAA,Smallcap,Healthcare,backtest,28,ok,2023-10-13,727.0000,661.0000,685.7000,-0.4862,0.1680,7.8399,25.6782,2.7370,11.3885,32.9152,62.8070,3.5688,0.5551,-5.6809,7.8932,5.0000,9.6252,0.3742,6.0230,9.0784,-1.5892,0.7344,0.0000,0.0000
Wkly_upswing,2023-10-09,PREMIERPOL,Smallcap,Plastic products,backtest,29,ok,2023-10-13,32.0000,24.3800,29.9400,-0.8609,27.5128,41.2264,40.6955,30.2674,33.6035,54.6528,77.8488,6.2458,1.3740,-6.4375,7.0942,8.0000,25.4509,0.7297,6.8804,23.8125,-1.5892,0.7344,0.0000,0.0000
Wkly_upswing,2023-10-09,SKYGOLD,Midcap,Consumer Discretionary,backtest,30,ok,2023-10-13,55.4400,37.4000,53.5400,14.1456,53.5637,92.0029,98.0396,56.7250,76.2808,75.7726,89.1346,5.5379,6.3516,-3.4271,8.0600,6.0000,33.6944,0.8947,3.5487,32.5397,-1.5892,0.7344,0.0000,0.0000
Wkly_upswing,2023-10-09,SPCENET,Smallcap,Services,backtest,31,ok,2023-10-13,28.1500,22.7000,27.4000,-1.0830,14.8847,26.5589,51.3812,16.7199,22.4198,34.1690,73.4338,4.2753,1.2950,-13.1537,7.6144,6.0000,19.8905,0.8624,2.7372,19.3606,-1.5892,0.7344,0.0000,0.0000
Wkly_upswing,2023-10-16,DVL,Smallcap,Services,backtest,32,ok,2023-10-20,309.9000,261.6000,305.6000,4.9090,16.9761,11.5532,11.7367,12.9728,15.4968,22.5305,75.1282,3.5072,7.5365,-1.3875,7.5233,7.0000,15.8050,0.9110,1.4071,15.5857,-1.0115,-0.4085,0.0000,0.0000
Wkly_upswing,2023-10-16,EMAMIREAL,Smallcap,Realty,backtest,33,ok,2023-10-20,91.9000,74.9500,91.9000,19.9739,17.3691,13.5269,42.5912,15.3110,16.7029,26.7372,68.5667,5.0171,29.7221,-0.5949,7.0714,5.0000,18.4440,1.0000,0.0000,18.4440,-1.0115,-0.4085,0.0000,0.0000
Wkly_upswing,2023-10-16,IITL,Smallcap,Financials,backtest,34,ok,2023-10-20,167.8500,115.1000,146.8000,1.0671,27.6522,39.8095,37.8404,24.7239,33.1954,47.3104,74.5108,6.4763,0.9131,-12.5410,6.7875,7.0000,35.9332,0.6009,14.3392,31.4269,-1.0115,-0.4085,0.0000,0.0000
Wkly_upswing,2023-10-16,JPOLYINVST,Smallcap,Financials,backtest,35,ok,2023-10-20,788.4500,545.0000,720.5500,-4.7521,30.3219,27.3844,33.0410,23.5209,38.0094,39.2749,68.5618,7.5265,0.4494,-8.6118,7.7560,5.0000,33.7867,0.7211,9.4234,30.8770,-1.0115,-0.4085,0.0000,0.0000
Wkly_upswing,2023-10-16,KEYFINSERV,Smallcap,Financials,backtest,36,ok,2023-10-20,173.9000,122.3500,135.2000,-4.9895,12.4324,22.1871,42.9175,12.0063,16.5015,33.8001,58.0499,7.4915,0.0813,-22.2542,7.0401,6.0000,38.1287,0.2493,28.6243,29.6435,-1.0115,-0.4085,0.0000,0.0000
Wkly_upswing,2023-10-16,LINC,Smallcap,Miscellaneous,backtest,37,ok,2023-10-20,221.2500,199.7500,206.7750,-1.5123,3.6986,19.2216,21.5519,5.5085,16.1726,31.8976,65.2383,3.9246,0.5440,-6.5424,7.5254,4.0000,10.3978,0.3267,7.0004,9.7175,-1.0115,-0.4085,0.0000,0.0000
Wkly_upswing,2023-10-16,MACPOWER,Smallcap,Industrials,backtest,38,ok,2023-10-20,375.3500,322.2000,367.7500,2.0536,10.2203,25.1063,26.6575,17.6264,25.0642,21.1676,74.5801,4.8723,2.3752,-12.3152,7.3224,8.0000,14.4528,0.8570,2.0666,14.1601,-1.0115,-0.4085,0.0000,0.0000
Wkly_upswing,2023-10-16,MARINE,Midcap,Industrials,backtest,39,ok,2023-10-20,80.1000,69.0000,75.8000,-2.1935,11.5526,26.1231,16.0796,18.6693,16.9843,50.5492,70.8981,4.4148,1.5583,-5.3683,7.3848,7.0000,14.6438,0.6126,5.6728,13.8577,-1.0115,-0.4085,0.0000,0.0000
Wkly_upswing,2023-10-16,RCF,Midcap,Chemicals,backtest,40,ok,2023-10-20,145.8500,129.1500,137.6500,-3.8757,5.6408,8.5568,22.6827,6.7841,10.7045,21.4064,62.0305,4.1669,1.1035,-5.6222,9.0174,7.0000,12.1322,0.5090,5.9571,11.4501,-1.0115,-0.4085,0.0000,0.0000
Wkly_upswing,2023-10-16,SUPREMEINF,Smallcap,Realty,backtest,41,ok,2023-10-20,30.3500,24.6000,30.3000,1.6779,23.1707,9.9819,29.4872,16.2144,19.3995,27.9439,72.6835,4.1372,0.4812,-0.1647,5.7323,7.0000,18.9769,0.9913,0.1650,18.9456,-1.0115,-0.4085,0.0000,0.0000
Wkly_upswing,2023-10-16,SURYAROSNI,Smallcap,Industrials,backtest,42,ok,2023-10-20,300.3000,257.9750,282.2500,-3.2396,7.3092,15.5105,42.8391,10.0406,17.0816,43.3280,65.3459,4.6644,1.8148,-6.0107,8.3463,6.0000,14.9956,0.5735,6.3950,14.0942,-1.0115,-0.4085,0.0000,0.0000
Wkly_upswing,2023-10-16,TEXMOPIPES,Smallcap,Plastic products,backtest,43,ok,2023-10-20,83.0000,70.3500,79.7500,-0.0627,11.2273,17.0213,39.6673,11.3982,10.1413,33.2414,69.3177,4.1693,3.1121,-10.7443,6.7809,6.0000,15.8621,0.7431,4.0752,15.2410,-1.0115,-0.4085,0.0000,0.0000
Wkly_upswing,2023-10-16,TNPL,Smallcap,Building Materials,backtest,44,ok,2023-10-20,302.9500,276.4000,284.9000,-1.7078,1.9503,9.2827,38.2674,5.3011,8.4466,21.2171,58.9507,4.1556,1.4215,-5.9581,8.2270,5.0000,9.3191,0.3202,6.3356,8.7638,-1.0115,-0.4085,0.0000,0.0000
Wkly_upswing,2023-10-16,VHLTD,Smallcap,Services,backtest,45,ok,2023-10-20,360.0000,315.0000,360.0000,0.0000,20.0000,26.3158,56.5217,24.2450,32.0616,46.9238,84.7493,2.7778,0.0000,0.0000,4.8308,8.0000,12.5000,1.0000,0.0000,12.5000,-1.0115,-0.4085,0.0000,0.0000
Wkly_upswing,2023-10-30,AMDIND,Smallcap,Industrials,backtest,46,ok,2023-11-03,82.9000,63.0000,79.9500,2.4343,22.6227,45.4959,14.4596,23.3225,35.2014,35.5929,73.7507,6.8838,1.8965,-3.5585,6.9999,6.0000,24.8906,0.8518,3.6898,24.0048,-1.6124,-1.6894,0.0000,0.0000
Wkly_upswing,2023-10-30,IDEA,Largecap,Telecom-Service,backtest,47,ok,2023-11-03,14.3500,10.7000,13.7500,0.0000,26.1468,22.7679,64.6707,16.9964,25.0341,69.2933,72.2405,5.2987,2.1041,-4.1812,9.5858,5.0000,26.5455,0.8356,4.3636,25.4355,-1.6124,-1.6894,0.0000,0.0000
Wkly_upswing,2023-10-30,IVP,Smallcap,Chemicals,backtest,48,ok,2023-11-03,203.3000,164.6500,198.0500,7.1409,18.9132,20.2489,19.8125,16.1924,19.5737,29.6485,73.6438,5.2945,9.2354,-2.5824,7.0031,7.0000,19.5153,0.8642,2.6508,19.0113,-1.6124,-1.6894,0.0000,0.0000
Wkly_upswing,2023-10-30,SILINV,Smallcap,Financials,backtest,49,ok,2023-11-03,386.9500,319.5500,367.9000,0.0544,13.6546,15.1487,16.3320,10.7540,11.1584,16.6122,73.3289,4.1859,1.9753,-10.9955,6.2889,8.0000,18.3202,0.7174,5.1780,17.4183,-1.6124,-1.6894,0.0000,0.0000
Wkly_upswing,2023-11-06,ADOR,Smallcap,Industrials,backtest,50,ok,2023-11-10,1527.0000,1215.3500,1502.7500,3.8564,23.8819,32.1622,34.7093,20.8542,28.4867,39.5601,84.0510,4.5673,1.9603,-1.5881,8.1278,9.0000,20.7386,0.9222,1.6137,20.4093,-1.8624,-0.7281,0.0000,0.0000
Wkly_upswing,2023-11-06,ALPA,Smallcap,Healthcare,backtest,51,ok,2023-11-10,89.4000,71.5000,87.2500,0.9838,19.3570,17.2715,15.9468,14.9501,15.5338,30.2307,74.5596,4.6173,1.4967,-2.4049,7.3008,8.0000,20.5158,0.8799,2.4642,20.0224,-1.8624,-0.7281,0.0000,0.0000
Wkly_upswing,2023-11-06,AMJLAND,Smallcap,Realty,backtest,52,ok,2023-11-10,38.7000,32.3500,36.5500,-4.4444,15.8479,5.6358,24.1087,13.4301,13.6010,32.0281,63.9720,5.5892,2.2129,-5.5556,6.8871,4.0000,17.3735,0.6614,5.8824,16.4083,-1.8624,-0.7281,0.0000,0.0000
Wkly_upswing,2023-11-06,BLISSGVS,Midcap,Healthcare,backtest,53,ok,2023-11-10,118.8500,98.3000,118.0500,5.7796,17.6969,31.2396,28.0369,26.4122,27.0872,41.2694,78.0184,5.4245,1.0633,-0.6731,8.2748,5.0000,17.4079,0.9611,0.6777,17.2907,-1.8624,-0.7281,0.0000,0.0000
Wkly_upswing,2023-11-06,BROOKS,Smallcap,Healthcare,backtest,54,ok,2023-11-10,122.6000,113.3000,122.6000,1.9967,6.0554,12.2197,17.0406,8.2059,16.8064,42.9653,70.5790,2.0974,1.3171,-3.9005,6.5144,9.0000,7.5856,1.0000,0.0000,7.5856,-1.8624,-0.7281,0.0000,0.0000
Wkly_upswing,2023-11-06,CARYSIL,Smallcap,Consumer Discretionary,backtest,55,ok,2023-11-10,837.1000,675.0500,824.5500,8.2371,18.3933,23.9179,28.1850,22.6571,25.5743,35.3694,77.5271,5.2721,6.7644,-1.4992,8.2421,6.0000,19.6531,0.9226,1.5220,19.3585,-1.8624,-0.7281,0.0000,0.0000
Wkly_upswing,2023-11-06,CLEDUCATE,Smallcap,Services,backtest,56,ok,2023-11-10,87.0000,76.0500,83.6500,-1.4143,3.7198,17.4860,9.4179,6.6216,10.6818,26.8414,63.3807,4.6751,1.1845,-3.8506,7.3128,8.0000,13.0903,0.6941,4.0048,12.5862,-1.8624,-0.7281,0.0000,0.0000
Wkly_upswing,2023-11-06,DPSCLTD,Smallcap,Power & Utilities,backtest,57,ok,2023-11-10,24.0000,16.7500,22.5500,10.0000,35.4354,40.4984,58.8028,36.3362,38.1655,74.4208,78.0554,6.6360,13.3660,-6.0417,7.5748,6.0000,32.1508,0.8000,6.4302,30.2083,-1.8624,-0.7281,0.0000,0.0000
Wkly_upswing,2023-11-06,GLOBAL,Smallcap,Services,backtest,58,ok,2023-11-10,110.9000,76.0200,100.7600,-4.0564,32.3004,31.6780,48.6136,23.5576,28.2841,32.4932,74.8079,6.4113,1.0088,-10.2920,7.4961,8.0000,34.6169,0.7093,10.0635,31.4518,-1.8624,-0.7281,0.0000,0.0000
Wkly_upswing,2023-11-06,GRANULES,Largecap,Healthcare,backtest,59,ok,2023-11-10,374.8000,346.5500,366.5500,-0.9592,4.1779,2.9635,25.5953,6.0803,8.6522,20.0681,65.9026,2.9025,0.9997,-2.2273,8.5927,6.0000,7.7070,0.7080,2.2507,7.5374,-1.8624,-0.7281,0.0000,0.0000
Wkly_upswing,2023-11-06,GREENPOWER,Smallcap,Power & Utilities,backtest,60,ok,2023-11-10,18.3500,15.4000,17.3500,-0.8571,14.5215,27.5735,24.3751,20.9059,23.8048,62.5544,77.0016,4.6315,5.6863,-5.4496,8.2926,8.0000,17.0029,0.6610,5.7637,16.0763,-1.8624,-0.7281,0.0000,0.0000
Wkly_upswing,2023-11-06,KESORAMIND,Smallcap,Miscellaneous,backtest,61,ok,2023-11-10,106.9500,93.9500,101.4000,-1.5056,11.9823,14.7059,16.2844,17.3068,13.2341,42.5915,68.6092,4.3005,1.4958,-6.1111,8.2154,8.0000,12.8205,0.5731,5.4734,12.1552,-1.8624,-0.7281,0.0000,0.0000
Wkly_upswing,2023-11-06,MODISONLTD,Smallcap,Industrials,backtest,62,ok,2023-11-10,121.4000,96.1000,117.4000,8.6534,33.1821,49.4589,59.6193,35.1834,43.2371,62.9102,87.8806,5.1016,5.4282,-3.2949,7.2770,9.0000,21.5503,0.8419,3.4072,20.8402,-1.8624,-0.7281,0.0000,0.0000
Wkly_upswing,2023-11-06,SHARDAMOTR,Midcap,Auto,backtest,63,ok,2023-11-10,1158.7500,960.0000,1100.7500,13.0366,13.0888,12.9901,29.4087,14.1638,11.8309,37.9255,73.1990,4.1803,15.3842,-5.0054,7.8193,7.0000,18.0559,0.7082,5.2691,17.1521,-1.8624,-0.7281,0.0000,0.0000
Wkly_upswing,2023-11-06,SYNCOMF,Smallcap,Healthcare,backtest,64,ok,2023-11-10,10.7000,9.0500,10.1000,-1.9417,14.1243,13.4832,14.1243,14.3504,15.0211,33.8635,69.3449,6.3296,2.3713,-12.9310,7.6146,5.0000,16.3366,0.6364,5.9406,15.4206,-1.8624,-0.7281,0.0000,0.0000
Wkly_upswing,2023-11-06,TEXINFRA,Smallcap,Realty,backtest,65,ok,2023-11-10,111.5000,85.2000,100.6000,0.6000,16.9088,44.7482,24.0444,17.5062,27.5080,54.2957,68.2292,7.1464,0.4139,-9.7758,8.2370,6.0000,26.1431,0.5856,10.8350,23.5874,-1.8624,-0.7281,0.0000,0.0000
Wkly_upswing,2023-11-06,VBL,Largecap,FMCG,backtest,66,ok,2023-11-10,409.6000,375.0400,403.6200,0.6483,6.0094,9.1219,16.2299,7.6432,8.6072,27.0327,69.1990,3.0347,0.5244,-1.4600,9.3320,6.0000,8.5625,0.8270,1.4816,8.4375,-1.8624,-0.7281,0.0000,0.0000
Wkly_upswing,2023-11-06,WINDLAS,Smallcap,Healthcare,backtest,67,ok,2023-11-10,419.0500,361.0500,411.1500,8.4113,12.7365,8.3257,7.0703,16.0957,13.8116,36.2018,72.9229,4.5760,7.9769,-2.3165,7.5315,6.0000,14.1068,0.8638,1.9214,13.8408,-1.8624,-0.7281,0.0000,0.0000
Wkly_upswing,2023-11-13,A2ZINFRA,Smallcap,Realty,backtest,68,ok,2023-11-17,12.0000,10.5500,11.2000,-4.2735,6.6667,24.4444,28.7356,12.2807,13.7171,39.3251,64.1617,5.2934,2.0900,-10.0402,6.5167,8.0000,12.9464,0.4483,7.1429,12.0833,0.3086,0.7298,0.0000,0.0000
Wkly_upswing,2023-11-13,ASHIMASYN,Smallcap,Miscellaneous,backtest,69,ok,2023-11-17,18.0000,14.7000,17.3500,7.7640,17.2297,9.4637,27.1062,13.6401,16.6622,22.4223,65.5076,5.5373,6.4554,-5.1913,6.8270,5.0000,19.0202,0.8030,3.7464,18.3333,0.3086,0.7298,0.0000,0.0000
Wkly_upswing,2023-11-13,BALPHARMA,Smallcap,Healthcare,backtest,70,ok,2023-11-17,118.3500,93.0500,108.7000,-3.3348,16.2567,18.0880,19.9779,17.2347,15.7972,25.3470,72.0577,4.6984,2.1282,-8.1538,7.0956,7.0000,23.2751,0.6186,8.8776,21.3773,0.3086,0.7298,0.0000,0.0000
Wkly_upswing,2023-11-13,BCLIND,Smallcap,FMCG,backtest,71,ok,2023-11-17,59.4000,50.1000,58.5000,7.0448,13.0435,12.4892,30.8871,14.1814,12.5379,24.9574,72.7416,4.4261,4.0575,-1.5152,7.8874,9.0000,15.8974,0.9032,1.5385,15.6566,0.3086,0.7298,1.0000,0.0000
Wkly_upswing,2023-11-13,CAMS,Midcap,Financials,backtest,72,ok,2023-11-17,578.0000,494.7400,566.5900,-0.2377,19.2169,9.1212,13.2387,15.4069,13.9274,23.4351,72.8559,3.4574,1.8197,-1.9740,8.9293,7.0000,14.6949,0.8630,2.0138,14.4048,0.3086,0.7298,0.0000,0.0000
Wkly_upswing,2023-11-13,CCAVENUE,Midcap,I.T,backtest,73,ok,2023-11-17,22.6000,19.9500,21.9500,1.3857,9.4763,9.4763,56.2278,9.6267,15.4170,37.4323,66.0536,4.2792,1.5203,-4.5652,8.8550,4.0000,12.0729,0.7547,2.9613,11.7257,0.3086,0.7298,0.0000,0.0000
Wkly_upswing,2023-11-13,COFORGE,Largecap,I.T,backtest,74,ok,2023-11-17,1149.9700,1006.3000,1134.9900,-0.4587,10.6638,11.4462,13.5785,10.8801,8.6435,22.5920,75.7137,2.1319,1.1964,-1.5227,9.3158,7.0000,12.6583,0.8957,1.3198,12.4934,0.3086,0.7298,0.0000,0.0000
Wkly_upswing,2023-11-13,DCI,Smallcap,I.T,backtest,75,ok,2023-11-17,212.3500,183.5000,212.3500,4.9938,30.0766,33.8903,39.2916,26.6778,29.4557,44.3841,85.9691,2.3462,10.0040,0.0000,5.3335,7.0000,13.5861,1.0000,0.0000,13.5861,0.3086,0.7298,0.0000,0.0000
Wkly_upswing,2023-11-13,GVPIL,Smallcap,Realty,backtest,76,ok,2023-11-17,211.8500,169.7500,211.8500,19.9943,21.4388,18.0881,29.9295,19.6403,21.1464,42.9241,74.4410,3.9920,27.1779,0.0000,8.1867,5.0000,19.8726,1.0000,0.0000,19.8726,0.3086,0.7298,0.0000,0.0000
Wkly_upswing,2023-11-13,RADICO,Largecap,FMCG,backtest,77,ok,2023-11-17,1459.3500,1377.1500,1440.3000,0.4533,4.1846,14.5915,14.3186,10.1654,14.7037,17.9740,74.7629,3.4137,0.5766,-2.5507,8.6481,8.0000,5.7071,0.7682,1.3226,5.6326,0.3086,0.7298,0.0000,0.0000
Wkly_upswing,2023-11-20,63MOONS,Smallcap,I.T,backtest,78,ok,2023-11-24,444.4000,354.7500,425.3000,0.4843,22.1074,60.4906,22.7771,35.5527,46.4501,83.8741,88.3644,4.3196,3.2322,-4.2979,8.0214,10.0000,21.0792,0.7869,4.4909,20.1733,4.9713,1.0348,0.0000,0.0000
Wkly_upswing,2023-11-20,GILLANDERS,Smallcap,FMCG,backtest,79,ok,2023-11-24,113.5000,99.5500,107.1000,-1.3812,1.3245,23.2451,52.6728,9.5680,14.2632,43.2929,61.0697,5.2554,2.4034,-5.6388,6.7418,5.0000,13.0252,0.5412,5.9757,12.2907,4.9713,1.0348,0.0000,0.0000
Wkly_upswing,2023-11-20,HUBTOWN,Smallcap,Realty,backtest,80,ok,2023-11-24,78.8000,68.1500,73.1000,-4.0682,8.5375,38.3160,69.2130,12.2026,17.6281,55.3914,65.6559,4.9785,0.8381,-7.2335,7.5341,6.0000,14.5691,0.4648,7.7975,13.5152,4.9713,1.0348,0.0000,0.0000
Wkly_upswing,2023-11-20,KOPRAN,Smallcap,Healthcare,backtest,81,ok,2023-11-24,285.6000,249.7000,258.4000,-2.2508,3.9212,29.4589,16.1348,7.8149,13.2648,46.9714,62.8919,5.0683,0.6178,-9.5238,8.3591,6.0000,13.8932,0.2423,10.5263,12.5700,4.9713,1.0348,0.0000,0.0000
Wkly_upswing,2023-11-20,MOREPENLAB,Midcap,Healthcare,backtest,82,ok,2023-11-24,47.3000,38.6500,44.3500,1.0250,13.1377,35.8346,14.4516,17.7642,21.2709,42.8261,81.4426,4.2358,4.4086,-8.4623,8.5141,9.0000,19.5039,0.6590,6.6516,18.2875,4.9713,1.0348,0.0000,0.0000
Wkly_upswing,2023-11-20,NAVKARCORP,Smallcap,Transportation,backtest,83,ok,2023-11-24,73.6000,61.9500,71.0500,1.3552,13.0469,24.1048,21.8696,15.4815,17.1978,23.4075,73.9239,3.8152,5.4891,-3.4647,7.9796,6.0000,16.3969,0.7811,3.5890,15.8288,4.9713,1.0348,0.0000,0.0000
Wkly_upswing,2023-11-20,NITINSPIN,Smallcap,Textiles,backtest,84,ok,2023-11-24,359.2000,310.7000,353.0500,0.3553,13.1389,30.3248,24.3353,16.6972,20.3889,35.6183,78.3097,3.8461,1.0933,-1.7121,8.1347,8.0000,13.7374,0.8732,1.7420,13.5022,4.9713,1.0348,0.0000,0.0000
Wkly_upswing,2023-11-20,PRIMESECU,Smallcap,Financials,backtest,85,ok,2023-11-24,175.0000,159.0000,167.5500,1.7922,2.7914,19.4652,12.4119,9.0909,10.9566,30.6970,74.5081,3.8901,4.7920,-4.2571,7.0864,9.0000,9.5494,0.5344,4.4464,9.1429,4.9713,1.0348,0.0000,0.0000
Wkly_upswing,2023-11-20,PRITIKAUTO,Smallcap,Auto,backtest,86,ok,2023-11-24,31.7500,24.3500,28.3500,-2.4096,23.5294,44.6429,30.9469,20.8955,30.8925,53.6356,71.1881,6.6515,0.8936,-10.7087,7.4322,6.0000,26.1023,0.5405,11.9929,23.3071,4.9713,1.0348,0.0000,0.0000
Wkly_upswing,2023-11-20,RPSGVENT,Smallcap,I.T,backtest,87,ok,2023-11-24,733.0000,615.4000,694.9000,-3.0890,13.6014,33.2630,9.2009,18.7589,18.0664,40.5119,71.5911,5.2639,1.2292,-5.1978,8.1167,8.0000,16.9233,0.6760,5.4828,16.0437,4.9713,1.0348,0.0000,0.0000
Wkly_upswing,2023-11-20,RTNINDIA,Smallcap,Financials,backtest,88,ok,2023-11-24,81.6000,62.6000,78.0000,1.6287,25.1002,53.3923,34.9481,25.6696,32.6034,68.6304,78.6756,5.0504,2.2807,-4.4118,8.9384,8.0000,24.3590,0.8105,4.6154,23.2843,4.9713,1.0348,0.0000,0.0000
Wkly_upswing,2023-11-20,VTL,Midcap,Textiles,backtest,89,ok,2023-11-24,433.6500,378.9500,421.6500,-0.6128,11.1214,20.4714,11.7990,12.5248,12.0257,21.5247,71.5095,3.4219,0.7734,-2.7672,8.3615,6.0000,12.9728,0.7806,2.8460,12.6139,4.9713,1.0348,0.0000,0.0000
Wkly_upswing,2023-11-28,ADANIPOWER,Largecap,Power & Utilities,backtest,90,ok,2023-12-01,94.1600,81.4000,88.0800,2.0626,15.3786,20.5915,33.3535,10.2723,17.9919,60.0822,69.5359,4.2105,0.7577,-6.4571,9.8803,5.0000,14.4868,0.5235,6.9028,13.5514,6.7341,3.4470,0.0000,0.0000
Wkly_upswing,2023-11-28,APOLLOTYRE,Largecap,Auto,backtest,91,ok,2023-12-01,445.8000,414.6000,442.4500,3.5213,5.1075,16.2201,14.9968,6.3115,12.8043,17.4188,71.5739,1.8501,1.8157,-0.7515,9.0784,6.0000,7.0516,0.8926,0.7571,6.9987,6.7341,3.4470,0.0000,0.0000
Wkly_upswing,2023-11-28,BIRLACORPN,Midcap,Building Materials,backtest,92,ok,2023-12-01,1435.3500,1304.0500,1424.8500,5.2598,9.5533,13.1417,21.6677,8.7665,12.7202,27.8580,73.5854,2.5426,2.5716,-0.7315,8.1828,6.0000,9.2150,0.9200,0.7369,9.1476,6.7341,3.4470,0.0000,0.0000
Wkly_upswing,2023-11-28,CONFIPET,Smallcap,Miscellaneous,backtest,93,ok,2023-12-01,104.9000,93.0500,96.9500,-0.1545,5.4377,20.7347,2.5383,10.0673,13.2832,31.0848,64.7164,4.6047,0.9467,-7.5787,8.4673,5.0000,12.2228,0.3291,8.2001,11.2965,6.7341,3.4470,0.0000,0.0000
Wkly_upswing,2023-11-28,JYOTISTRUC,Smallcap,Industrials,backtest,94,ok,2023-12-01,17.6000,16.7000,17.6000,1.7341,9.3168,56.4444,71.7073,17.9625,21.4631,77.7419,78.7089,1.6843,0.2895,-1.1236,6.9921,10.0000,5.1136,1.0000,0.0000,5.1136,6.7341,3.4470,0.0000,0.0000
Wkly_upswing,2023-11-28,PRECOT,Smallcap,Textiles,backtest,95,ok,2023-12-01,268.9500,210.0000,264.1500,13.9314,18.3733,23.6947,42.0543,18.7485,19.0712,40.6082,75.4815,5.0174,33.0047,-1.7847,6.5811,6.0000,22.3169,0.9186,1.8172,21.9186,6.7341,3.4470,0.0000,0.0000
Wkly_upswing,2023-11-28,SHALPAINTS,Smallcap,Building Materials,backtest,96,ok,2023-12-01,202.3000,166.5000,198.7000,17.8529,16.9512,10.1747,23.9164,13.6907,14.9951,26.7719,70.9533,3.7278,28.4329,-1.7795,7.8762,5.0000,18.0171,0.8994,1.8118,17.6965,6.7341,3.4470,0.0000,0.0000
Wkly_upswing,2023-11-28,SUDARCOLOR,Smallcap,Chemicals,backtest,97,ok,2023-12-01,565.6500,506.6000,546.9000,-0.5636,5.8550,24.1544,18.5434,9.1279,15.7926,42.4488,73.2546,3.7686,1.5671,-3.3148,7.6441,6.0000,10.7972,0.6825,3.4284,10.4393,6.7341,3.4470,0.0000,0.0000
Wkly_upswing,2023-12-04,AARTIPHARM,Midcap,Healthcare,backtest,98,ok,2023-12-08,497.0000,433.2000,466.7500,-1.2796,9.6945,19.5109,3.6761,11.4467,12.3786,25.6971,71.3294,3.9988,0.6366,-6.0865,8.1635,7.0000,13.6690,0.5259,6.4810,12.8370,7.8479,6.4597,0.0000,0.0000
Wkly_upswing,2023-12-04,ADANIPORTS,Largecap,Transportation,backtest,99,ok,2023-12-08,1082.5000,858.5000,1022.9500,-1.6063,23.5745,24.9481,23.9939,19.3404,24.0685,37.0147,81.6066,3.9274,1.3097,-5.5012,9.9589,7.0000,21.8975,0.7342,5.8214,20.6928,7.8479,6.4597,0.0000,0.0000
Wkly_upswing,2023-12-04,BALMLAWRIE,Smallcap,Miscellaneous,backtest,100,ok,2023-12-08,175.8500,160.0500,171.8500,4.4999,6.5406,15.2582,1.8370,8.9140,14.2908,25.3746,70.7370,3.1277,7.2095,-3.8332,8.2667,7.0000,9.1941,0.7468,2.3276,8.9849,7.8479,6.4597,0.0000,0.0000
Wkly_upswing,2023-12-04,BANKINDIA,Largecap,Bank,backtest,101,ok,2023-12-08,118.2500,108.6000,114.3000,0.5277,6.3256,10.0096,22.9032,6.7900,9.3142,31.8986,65.4010,2.8746,1.3928,-3.3404,9.1683,7.0000,8.4427,0.5907,3.4558,8.1607,7.8479,6.4597,0.0000,0.0000
Wkly_upswing,2023-12-04,BDL,Largecap,Aerospace & Defence,backtest,102,ok,2023-12-08,694.9750,605.4500,661.7000,1.7726,8.0856,25.2330,11.0421,13.9364,23.9882,24.3677,82.0304,3.7212,3.3231,-4.7879,9.1227,9.0000,13.5295,0.6283,5.0287,12.8818,7.8479,6.4597,0.0000,0.0000
Wkly_upswing,2023-12-04,CCHHL,Smallcap,Services,backtest,103,ok,2023-12-08,16.3000,10.1500,14.8000,-2.3102,51.7949,53.3679,60.8696,37.1640,52.1225,83.8167,83.4238,5.7191,1.2093,-9.2024,7.0682,6.0000,41.5541,0.7561,10.1351,37.7301,7.8479,6.4597,0.0000,0.0000
Wkly_upswing,2023-12-04,COROMANDEL,Largecap,Chemicals,backtest,104,ok,2023-12-08,1252.9500,1161.2500,1224.7500,-1.2736,4.7153,10.4075,8.9441,6.6280,8.1568,20.9495,72.9578,2.0497,0.6453,-2.2507,8.5654,8.0000,7.4872,0.6925,2.3025,7.3187,7.8479,6.4597,0.0000,0.0000
Wkly_upswing,2023-12-04,ELGIRUBCO,Smallcap,FMCG,backtest,105,ok,2023-12-08,65.2000,54.4000,65.2000,4.9919,18.3303,27.4682,29.7512,14.9810,21.8213,48.0161,74.1412,4.3657,2.9058,0.0000,6.6039,5.0000,16.5644,1.0000,0.0000,16.5644,7.8479,6.4597,0.0000,0.0000
Wkly_upswing,2023-12-04,INDIACEM,Midcap,Building Materials,backtest,106,ok,2023-12-08,272.9000,245.4000,271.1000,2.9820,7.0907,26.4754,9.0288,16.7754,20.4520,27.1354,83.5601,3.6202,2.5835,-0.6596,9.1051,9.0000,10.1439,0.9345,0.6640,10.0770,7.8479,6.4597,0.0000,0.0000
Wkly_upswing,2023-12-04,INDOWIND,Smallcap,Power & Utilities,backtest,107,ok,2023-12-08,22.3500,18.5500,22.3500,4.9296,26.2712,38.8199,59.0747,25.4913,35.7672,71.6162,84.2097,2.7325,2.8246,0.0000,6.7251,9.0000,17.0022,1.0000,0.0000,17.0022,7.8479,6.4597,0.0000,0.0000
Wkly_upswing,2023-12-04,JUBLPHARMA,Midcap,Healthcare,backtest,108,ok,2023-12-08,492.4000,450.8000,472.6000,-0.4214,4.3152,17.9289,4.1084,8.8031,13.6585,25.4862,66.6607,3.7702,1.7287,-4.0211,8.2631,5.0000,8.8024,0.5240,4.1896,8.4484,7.8479,6.4597,0.0000,0.0000
Wkly_upswing,2023-12-04,RCF,Midcap,Chemicals,backtest,109,ok,2023-12-08,157.7000,131.9000,151.4000,-1.1104,15.5284,16.1488,19.8733,15.8134,17.3152,32.0492,77.2500,3.4653,1.9837,-3.9949,9.0680,7.0000,17.0410,0.7558,4.1612,16.3602,7.8479,6.4597,1.0000,0.0000
Wkly_upswing,2023-12-04,RELINFRA,Smallcap,Realty,backtest,110,ok,2023-12-08,232.0000,190.1500,214.7500,-2.6077,10.6674,19.9051,15.1475,14.1543,20.3310,34.0920,72.2045,4.3855,1.6828,-7.4353,8.7295,7.0000,19.4878,0.5878,8.0326,18.0388,7.8479,6.4597,0.0000,0.0000
Wkly_upswing,2023-12-04,RHL,Smallcap,Services,backtest,111,ok,2023-12-08,163.9500,115.6500,152.8000,-2.9841,34.4479,41.2853,32.6965,35.8313,39.5752,,80.0878,5.0580,0.7917,-6.8009,6.9837,7.0000,31.6099,0.7692,7.2971,29.4602,7.8479,6.4597,0.0000,0.0000
Wkly_upswing,2023-12-04,TATAPOWER,Largecap,Power & Utilities,backtest,112,ok,2023-12-08,335.9500,276.5000,323.5500,-0.6906,17.2283,26.9072,20.3459,18.9544,24.8765,41.0268,82.8429,3.3578,3.2919,-3.6910,9.8839,6.0000,18.3743,0.7914,3.8325,17.6961,7.8479,6.4597,0.0000,0.0000
Wkly_upswing,2023-12-04,VISACHROME,Smallcap,Metals & Mining,backtest,113,ok,2023-12-08,22.2000,18.0000,22.2000,4.9645,27.2206,53.6332,63.2353,31.5946,38.6460,64.6884,93.6158,2.4936,1.6741,0.0000,5.5364,7.0000,18.9189,1.0000,0.0000,18.9189,7.8479,6.4597,0.0000,0.0000
Wkly_upswing,2023-12-11,BANKBARODA,Largecap,Bank,backtest,114,ok,2023-12-15,226.4000,212.9000,224.7000,2.0900,5.9906,13.2846,6.5939,9.2115,10.6510,17.7613,76.7042,2.4986,1.3244,-0.7509,9.5787,8.0000,6.0080,0.8741,0.7566,5.9629,8.5577,8.1213,0.0000,0.0000
Wkly_upswing,2023-12-11,COFFEEDAY,Smallcap,Consumer Discretionary,backtest,115,ok,2023-12-15,58.8500,45.4500,57.9000,8.0224,27.5330,24.6502,11.0259,20.7004,19.7791,42.1086,79.2898,4.2499,5.3225,-1.6143,8.5753,6.0000,23.1433,0.9291,1.6408,22.7698,8.5577,8.1213,0.0000,0.0000
Wkly_upswing,2023-12-11,GICHSGFIN,Smallcap,Financials,backtest,116,ok,2023-12-15,234.5000,208.4000,228.2500,0.2636,9.7092,20.3216,10.1859,11.2072,12.8308,24.1307,74.1206,3.7631,0.7881,-7.9637,8.3069,8.0000,11.4348,0.7605,2.7382,11.1301,8.5577,8.1213,0.0000,0.0000
Wkly_upswing,2023-12-11,JMFINANCIL,Midcap,Financials,backtest,117,ok,2023-12-15,102.0000,86.9000,101.1500,13.5241,14.9432,18.7904,17.6163,16.8554,18.1797,34.6925,82.3023,2.8317,22.9652,-0.8333,8.7838,6.0000,14.9283,0.9437,0.8403,14.8039,8.5577,8.1213,0.0000,0.0000
Wkly_upswing,2023-12-11,KITEX,Smallcap,Readymade Garments/Apparels,backtest,118,ok,2023-12-15,79.5000,69.6667,78.0167,-0.0641,10.2969,11.8518,18.0282,9.4715,12.3938,28.8967,73.5298,2.8459,1.1979,-1.8658,7.9068,4.0000,12.6041,0.8492,1.9013,12.3690,8.5577,8.1213,0.0000,0.0000
Wkly_upswing,2023-12-11,NATIONALUM,Largecap,Metals & Mining,backtest,119,ok,2023-12-15,113.7000,96.4000,110.7000,6.1870,13.5967,18.3324,13.7134,15.3095,16.5472,24.8643,78.2332,3.1004,7.7014,-2.6385,9.2945,6.0000,15.6278,0.8266,2.7100,15.2155,8.5577,8.1213,0.0000,0.0000
Wkly_upswing,2023-12-11,NAUKRI,Largecap,I.T,backtest,120,ok,2023-12-15,1047.0000,941.0000,1044.1700,1.3236,10.0134,9.6817,16.4173,9.9089,17.2699,24.5493,75.8280,3.0839,1.8702,-0.2703,9.1696,8.0000,10.1516,0.9733,0.2710,10.1242,8.5577,8.1213,0.0000,0.0000
Wkly_upswing,2023-12-11,NILAINFRA,Smallcap,Realty,backtest,121,ok,2023-12-15,8.0000,6.9500,7.8500,1.2903,12.9496,11.3475,10.5634,11.1111,16.4861,34.7293,68.5906,4.5951,0.9268,-10.7955,6.8704,7.0000,13.3758,0.8571,1.9108,13.1250,8.5577,8.1213,0.0000,0.0000
Wkly_upswing,2023-12-11,SATIA,Smallcap,Building Materials,backtest,122,ok,2023-12-15,150.8000,129.8500,146.2500,-0.4425,13.1966,24.0458,9.8798,17.1453,16.8476,22.1557,78.2257,3.9390,0.9783,-3.0172,8.3459,6.0000,14.3248,0.7828,3.1111,13.8926,8.5577,8.1213,0.0000,0.0000
Wkly_upswing,2023-12-11,SURANAT&P,Smallcap,Industrials,backtest,123,ok,2023-12-15,15.4000,10.9500,14.4000,6.6667,29.7297,25.2174,20.0000,22.2930,26.3712,41.2630,72.0936,6.5228,4.7670,-6.4935,6.9344,6.0000,30.9028,0.7753,6.9444,28.8961,8.5577,8.1213,0.0000,0.0000
Wkly_upswing,2023-12-11,SWSOLAR,Smallcap,Realty,backtest,124,ok,2023-12-15,445.3000,404.0000,411.8500,-2.8885,2.1834,35.9914,14.1808,12.7538,28.3222,27.2967,71.1771,5.2663,3.9271,-7.5118,8.8924,6.0000,10.0279,0.1901,8.1219,9.2746,8.5577,8.1213,0.0000,0.0000
Wkly_upswing,2023-12-11,TATASTEEL,Largecap,Metals & Mining,backtest,125,ok,2023-12-15,136.7500,128.7500,136.4500,3.3712,5.6115,9.4226,3.4104,5.7465,9.1356,17.1818,76.8420,1.7615,2.6338,-0.2194,9.6151,8.0000,5.8630,0.9625,0.2199,5.8501,8.5577,8.1213,0.0000,0.0000
Wkly_upswing,2023-12-11,XPROINDIA,Smallcap,Industrials,backtest,126,ok,2023-12-15,1174.0000,940.0500,1129.8000,8.7235,20.3387,24.6951,13.6334,20.9766,16.6273,33.4897,77.0765,4.1673,6.2686,-3.7649,7.7935,7.0000,20.7072,0.8111,3.9122,19.9276,8.5577,8.1213,0.0000,0.0000
Wkly_upswing,2023-12-18,AERONEU,Smallcap,Industrials,backtest,127,ok,2023-12-22,130.7500,116.7000,130.4000,4.1950,11.0260,14.6878,36.6876,11.3483,22.7456,37.2408,76.6927,3.5468,0.4773,-0.2677,7.3282,7.0000,10.7745,0.9751,0.2684,10.7457,7.8144,6.6364,0.0000,0.0000
Wkly_upswing,2023-12-18,ARCHIDPLY,Smallcap,Building Materials,backtest,128,ok,2023-12-22,96.1000,81.5500,92.9500,-1.5881,11.1177,10.9851,38.5246,11.2507,10.7616,28.6265,68.4136,4.8259,0.8410,-6.8637,6.5744,6.0000,15.6536,0.7835,3.3889,15.1405,7.8144,6.6364,0.0000,0.0000
Wkly_upswing,2023-12-18,BEML,Midcap,Aerospace & Defence,backtest,129,ok,2023-12-22,1410.0000,1243.2000,1402.0750,3.1791,8.4589,16.9541,21.6920,11.2308,20.3818,51.8323,69.1022,4.1962,2.4109,-0.5621,9.0638,7.0000,11.8967,0.9525,0.5652,11.8298,7.8144,6.6364,0.0000,0.0000
Wkly_upswing,2023-12-18,BROOKS,Smallcap,Healthcare,backtest,130,ok,2023-12-22,137.1000,117.0000,135.4500,5.0000,14.3038,3.2787,42.9551,8.7100,12.7810,51.1409,63.6146,4.3822,3.4999,-1.2035,6.8913,6.0000,14.8394,0.9179,1.2182,14.6608,7.8144,6.6364,1.0000,0.0000
Wkly_upswing,2023-12-18,GATECH,Smallcap,I.T,backtest,131,ok,2023-12-22,1.5000,1.3000,1.5000,3.4483,20.0000,42.8571,36.3636,29.0323,36.8613,33.8091,97.5948,2.1429,0.0909,0.0000,4.4458,9.0000,13.3333,1.0000,0.0000,13.3333,7.8144,6.6364,0.0000,0.0000
Wkly_upswing,2023-12-18,HARRMALAYA,Smallcap,FMCG,backtest,132,ok,2023-12-22,193.8000,154.1500,191.2500,11.4510,22.0485,30.5461,23.8666,22.3471,26.3494,40.2841,74.0553,5.0868,18.4631,-1.3158,7.5423,7.0000,20.7320,0.9357,1.3333,20.4592,7.8144,6.6364,0.0000,0.0000
Wkly_upswing,2023-12-18,HATHWAY,Smallcap,Telecom-Service,backtest,133,ok,2023-12-22,23.7000,20.2000,22.0500,1.8476,8.3538,9.4293,5.5024,7.1949,11.5383,33.5332,61.4437,5.2478,0.7637,-6.9620,8.6428,5.0000,15.8730,0.5286,7.4830,14.7679,7.8144,6.6364,0.0000,0.0000
Wkly_upswing,2023-12-18,HCL-INSYS,Smallcap,I.T,backtest,134,ok,2023-12-22,22.0000,18.4000,21.8500,9.2500,13.2124,26.6667,28.1525,19.3826,28.5748,41.2776,76.0292,5.5410,2.6519,-0.6818,7.6652,6.0000,16.4760,0.9583,0.6865,16.3636,7.8144,6.6364,0.0000,0.0000
Wkly_upswing,2023-12-18,HFCL,Largecap,Telecom,backtest,135,ok,2023-12-22,83.5000,72.6500,82.0000,6.0802,10.6613,22.4795,14.3654,16.1185,18.7889,21.0734,68.7926,5.1699,4.2163,-1.7964,9.3207,7.0000,13.2317,0.8618,1.8293,12.9940,7.8144,6.6364,0.0000,0.0000
Wkly_upswing,2023-12-18,RHIM,Midcap,Building Materials,backtest,136,ok,2023-12-22,815.0000,750.0500,809.3000,3.4778,6.3679,9.4166,10.8402,7.3780,11.9138,18.5394,72.7367,3.0414,1.7973,-9.3628,8.3174,8.0000,8.0255,0.9122,0.7043,7.9693,7.8144,6.6364,0.0000,0.0000
Wkly_upswing,2023-12-18,SALASAR,Smallcap,Metals & Mining,backtest,137,ok,2023-12-22,13.8000,10.7600,13.6000,5.5081,31.4010,35.0546,32.9423,26.8657,35.2992,41.1660,81.0512,4.4643,3.9109,-1.4493,8.4363,7.0000,22.3529,0.9342,1.4706,22.0290,7.8144,6.6364,0.0000,0.0000
Wkly_upswing,2023-12-18,SANSERA,Largecap,Auto,backtest,138,ok,2023-12-22,1048.3500,937.0500,991.7500,0.7415,3.9516,16.7245,5.8375,8.4968,11.6797,15.8711,69.6969,3.3257,2.9996,-5.3990,8.3829,6.0000,11.2226,0.4915,5.7071,10.6167,7.8144,6.6364,0.0000,0.0000
Wkly_upswing,2023-12-18,SHIVAMAUTO,Smallcap,Auto,backtest,139,ok,2023-12-22,43.9000,35.6000,39.6000,-0.6274,10.0000,33.1092,8.9409,19.9818,23.1880,37.4439,67.1283,6.9625,1.1656,-9.7950,7.1573,8.0000,20.9596,0.4819,10.8586,18.9066,7.8144,6.6364,0.0000,0.0000
Wkly_upswing,2023-12-18,SUDARSCHEM,Midcap,Chemicals,backtest,140,ok,2023-12-22,552.2000,492.1000,536.9000,3.2401,5.1302,16.3759,12.5931,9.8253,11.9150,15.7556,70.9718,3.6253,3.8261,-5.3003,7.9822,8.0000,11.1939,0.7454,2.8497,10.8837,7.8144,6.6364,0.0000,0.0000
Wkly_upswing,2023-12-18,SYRMA,Largecap,Consumer Discretionary,backtest,141,ok,2023-12-22,705.2000,646.0000,670.8000,-0.4600,0.1269,21.8086,23.5245,8.3902,12.9145,46.3813,74.6572,3.7498,0.5691,-4.8781,8.7676,8.0000,8.8253,0.4189,5.1282,8.3948,7.8144,6.6364,0.0000,0.0000
Wkly_upswing,2023-12-18,TEAMGTY,Smallcap,Financials,backtest,142,ok,2023-12-22,149.7500,98.3000,149.7500,4.9772,82.7334,102.9133,139.4085,72.9365,91.9995,140.0715,91.9106,5.7405,0.1833,0.0000,7.0060,7.0000,34.3573,1.0000,0.0000,34.3573,7.8144,6.6364,0.0000,0.0000
Wkly_upswing,2023-12-18,TNPETRO,Smallcap,Energy,backtest,143,ok,2023-12-22,108.4000,93.4000,102.2000,-0.3899,7.2966,15.5455,12.8035,8.7436,11.2708,21.5737,71.7504,4.1271,1.0076,-5.7196,8.0717,6.0000,14.6771,0.5867,6.0665,13.8376,7.8144,6.6364,0.0000,0.0000
Wkly_upswing,2023-12-26,GOKUL,Smallcap,FMCG,backtest,144,ok,2023-12-29,55.0000,41.9500,53.9500,12.5130,27.3908,29.2216,50.0695,22.6485,28.7774,58.7547,74.0882,5.4151,10.5988,-1.9091,7.5729,5.0000,24.1891,0.9195,1.9462,23.7273,7.9384,7.7353,0.0000,0.0000
Wkly_upswing,2023-12-26,GREENPANEL,Smallcap,Building Materials,backtest,145,ok,2023-12-29,443.5000,368.1500,428.2000,2.4034,16.4853,23.9005,12.6990,17.2701,21.4590,26.8639,82.7695,4.0652,1.6061,-3.4498,8.4051,9.0000,17.5969,0.7969,3.5731,16.9899,7.9384,7.7353,0.0000,0.0000
Wkly_upswing,2023-12-26,RUSTOMJEE,Smallcap,Realty,backtest,146,ok,2023-12-29,657.0000,605.0000,640.2000,2.9757,11.8351,16.5696,13.9045,6.8929,12.6716,17.8846,71.1861,3.3494,1.5956,-2.8454,7.9327,6.0000,8.1225,0.6769,2.6242,7.9148,7.9384,7.7353,0.0000,0.0000
Wkly_upswing,2023-12-26,SONACOMS,Largecap,Auto,backtest,147,ok,2023-12-29,651.6500,576.0000,644.5000,2.0101,12.7931,15.5018,10.4731,12.1030,14.1510,20.3702,73.4223,3.0633,1.8507,-1.0972,9.1262,7.0000,11.7378,0.9055,1.1094,11.6090,7.9384,7.7353,0.0000,0.0000
Wkly_upswing,2023-12-26,TATACHEM,Midcap,Chemicals,backtest,148,ok,2023-12-29,1123.0000,1020.7000,1104.1000,1.6105,9.3547,13.7720,7.0694,7.7975,11.3429,10.5782,70.9709,2.8643,1.5993,-1.6830,9.2391,6.0000,9.2655,0.8152,1.7118,9.1095,7.9384,7.7353,0.0000,0.0000
Wkly_upswing,2024-01-01,A2ZINFRA,Smallcap,Realty,backtest,149,ok,2024-01-05,14.8000,12.2500,14.2500,1.0638,21.7949,43.2161,50.0000,26.4138,32.1770,66.0839,85.5742,2.9574,11.5778,-3.7162,6.5781,10.0000,17.8947,0.7843,3.8597,17.2297,3.8737,6.5385,1.0000,0.0000
Wkly_upswing,2024-01-01,AAREYDRUGS,Smallcap,Healthcare,backtest,150,ok,2024-01-05,68.0000,52.5500,64.0000,1.5873,26.6073,49.3582,43.6588,27.4266,34.7056,63.9376,70.5493,6.5346,0.9104,-5.8824,7.1523,7.0000,24.1406,0.7411,6.2500,22.7206,3.8737,6.5385,0.0000,0.0000
Wkly_upswing,2024-01-01,AKSHOPTFBR,Smallcap,Industrials,backtest,151,ok,2024-01-05,15.8500,11.2500,14.4000,-2.0408,19.0083,44.0000,30.9091,28.8591,35.6060,43.9712,80.6706,6.0020,3.9013,-9.1483,7.3944,8.0000,31.9444,0.6848,10.0695,29.0221,3.8737,6.5385,0.0000,0.0000
Wkly_upswing,2024-01-01,EIHOTEL,Midcap,Services,backtest,152,ok,2024-01-05,288.0000,248.5000,279.2000,-0.4635,11.9038,11.9487,22.1080,12.1522,16.7302,29.3979,75.6677,3.4269,1.0371,-3.0556,8.5902,9.0000,14.1476,0.7772,3.1519,13.7153,3.8737,6.5385,0.0000,0.0000
Wkly_upswing,2024-01-01,GTL,Smallcap,Telecom-Service,backtest,153,ok,2024-01-05,16.9000,9.6000,16.9000,9.7403,89.8876,122.3684,116.6667,74.4516,94.8801,135.5729,91.5795,5.3043,7.5600,0.0000,7.7221,9.0000,43.1953,1.0000,0.0000,43.1953,3.8737,6.5385,0.0000,0.0000
Wkly_upswing,2024-01-01,GUJALKALI,Smallcap,Chemicals,backtest,154,ok,2024-01-05,837.3000,778.0000,805.0000,-0.7153,3.6369,6.0047,13.8292,4.8720,8.4545,16.3539,63.7427,3.3988,0.5338,-3.8576,8.3066,5.0000,7.3665,0.4553,4.0124,7.0823,3.8737,6.5385,0.0000,0.0000
Wkly_upswing,2024-01-01,JBMA,Midcap,Auto,backtest,155,ok,2024-01-05,872.4000,745.0750,849.4500,1.0378,16.0292,32.0611,34.7905,15.6340,28.1704,45.6145,77.0107,4.5704,1.6105,-2.6307,8.5135,7.0000,14.9891,0.8198,2.7017,14.5948,3.8737,6.5385,0.0000,0.0000
Wkly_upswing,2024-01-01,JMA,Smallcap,Auto,backtest,156,ok,2024-01-05,89.5000,82.3000,87.7500,-0.0570,6.5574,7.2083,16.0714,5.9847,8.1704,19.8414,66.0814,3.4310,2.4818,-1.9553,6.6633,6.0000,8.2051,0.7569,1.9943,8.0447,3.8737,6.5385,0.0000,0.0000
Wkly_upswing,2024-01-01,KOTHARIPRO,Smallcap,Services,backtest,157,ok,2024-01-05,93.3500,62.1750,86.7000,8.3750,38.1673,37.3465,40.6326,33.7138,38.0540,47.1246,89.8822,4.3520,39.6262,-7.1237,7.1649,6.0000,35.9573,0.7867,7.6701,33.3958,3.8737,6.5385,0.0000,0.0000
Wkly_upswing,2024-01-01,NETWORK18,Smallcap,Media,backtest,158,ok,2024-01-05,97.6500,87.0500,93.0500,3.1025,6.5255,2.6475,31.1487,6.2852,12.9261,37.4634,64.6494,4.1798,2.6164,-7.3207,8.7652,8.0000,11.3917,0.5660,4.9436,10.8551,3.8737,6.5385,0.0000,0.0000
Wkly_upswing,2024-01-01,OSWALGREEN,Smallcap,Realty,backtest,159,ok,2024-01-05,34.8500,26.2000,32.6500,-2.6826,25.0958,25.5769,20.2578,20.6913,25.0096,36.6166,77.3417,5.1083,2.7380,-6.3128,7.4911,7.0000,26.4931,0.7457,6.7381,24.8207,3.8737,6.5385,0.0000,0.0000
Wkly_upswing,2024-01-01,PANACEABIO,Smallcap,Healthcare,backtest,160,ok,2024-01-05,202.5000,167.9500,192.1000,-3.5158,14.4133,9.3030,13.4672,12.3704,18.0360,37.8301,65.0422,5.9251,0.8150,-5.1358,8.0217,4.0000,17.9854,0.6990,5.4138,17.0617,3.8737,6.5385,0.0000,0.0000
Wkly_upswing,2024-01-01,PARADEEP,Midcap,Chemicals,backtest,161,ok,2024-01-05,83.4500,67.8000,78.4500,-2.9685,15.6227,15.1137,18.3258,9.9124,17.4050,25.5898,68.6080,4.2338,1.4700,-5.9916,8.8442,6.0000,19.9490,0.6805,6.3735,18.7537,3.8737,6.5385,0.0000,0.0000
Wkly_upswing,2024-01-01,RAJSREESUG,Smallcap,FMCG,backtest,162,ok,2024-01-05,79.9000,59.4500,75.8000,1.5405,34.8754,29.3515,54.5362,26.8619,33.8726,58.6953,76.9351,6.1016,0.8933,-5.1314,7.4693,7.0000,26.9789,0.7995,5.4090,25.5945,3.8737,6.5385,0.0000,0.0000
Wkly_upswing,2024-01-01,SAKUMA,Smallcap,Services,backtest,163,ok,2024-01-05,4.6925,3.6287,4.4638,-1.1013,26.4789,46.7320,38.5802,27.5387,35.2328,47.8360,82.8324,5.4407,2.2418,-4.8729,7.5102,7.0000,23.8307,0.7850,5.1225,22.6695,3.8737,6.5385,0.0000,0.0000
Wkly_upswing,2024-01-01,SUVEN,Smallcap,Healthcare,backtest,164,ok,2024-01-05,96.3000,80.7000,93.3000,0.2687,15.5418,12.4096,32.0594,12.2035,14.3859,39.1172,75.0586,4.0805,2.6512,-3.1153,7.9599,8.0000,16.7203,0.8077,3.2154,16.1994,3.8737,6.5385,0.0000,0.0000
Wkly_upswing,2024-01-01,VASWANI,Smallcap,Metals & Mining,backtest,165,ok,2024-01-05,33.5000,29.5000,31.4500,-0.7886,9.5819,32.1429,19.3548,15.3071,23.6388,33.4437,71.6656,5.5417,2.5231,-8.5756,6.6000,7.0000,12.7186,0.4875,6.5183,11.9403,3.8737,6.5385,0.0000,0.0000
Wkly_upswing,2024-01-01,WIPL,Smallcap,Building Materials,backtest,166,ok,2024-01-05,185.0000,161.0000,180.0000,1.0952,11.8012,12.5000,71.9198,10.1642,18.1304,48.1942,75.6908,4.8929,0.2889,-2.7027,5.7603,8.0000,13.3333,0.7917,2.7778,12.9730,3.8737,6.5385,0.0000,0.0000
Wkly_upswing,2024-01-08,ACCELYA,Smallcap,I.T,backtest,167,ok,2024-01-12,1795.0000,1477.4500,1749.4500,12.0724,19.7433,31.8399,2.3190,20.6078,24.1631,23.8513,86.1616,3.0267,13.2377,-2.5376,8.0795,8.0000,18.1514,0.8566,2.6037,17.6908,3.3605,6.0896,0.0000,0.0000
Wkly_upswing,2024-01-08,ARVINDFASN,Midcap,Services,backtest,168,ok,2024-01-12,494.0000,429.0000,482.3000,0.9629,10.7972,19.5587,34.1586,13.3563,17.8040,42.6175,79.2635,3.5670,1.3572,-2.3684,8.3176,9.0000,13.4771,0.8200,2.4259,13.1579,3.3605,6.0896,0.0000,0.0000
Wkly_upswing,2024-01-08,AVANTIFEED,Midcap,FMCG,backtest,169,ok,2024-01-12,581.4000,428.5000,545.3000,11.3198,21.0836,37.5631,27.0059,26.8501,32.9916,36.1148,84.0752,4.3993,17.7379,-6.2092,8.9216,6.0000,28.0396,0.7639,6.6202,26.2986,3.3605,6.0896,0.0000,0.0000
Wkly_upswing,2024-01-08,BIGBLOC,Smallcap,Building Materials,backtest,170,ok,2024-01-12,101.8500,80.5000,96.9250,-0.3342,18.5627,23.9846,17.7704,15.9026,21.2707,25.0274,79.6407,3.7732,2.6907,-4.8355,7.8002,6.0000,22.0273,0.7693,5.0812,20.9622,3.3605,6.0896,0.0000,0.0000
Wkly_upswing,2024-01-08,BYKE,Smallcap,Services,backtest,171,ok,2024-01-12,72.8000,64.0000,72.7500,1.9622,15.5679,16.5865,55.2828,15.9039,22.9446,64.0342,71.9052,3.7015,3.1985,-0.0687,6.9245,7.0000,12.0962,0.9943,0.0687,12.0879,3.3605,6.0896,0.0000,0.0000
Wkly_upswing,2024-01-08,CGCL,Largecap,Financials,backtest,172,ok,2024-01-12,235.0000,193.0125,211.5375,-0.1121,8.9908,-72.2428,-72.0466,-56.6170,-67.4095,-70.3615,12.4843,24.9892,0.3925,-75.8519,8.5198,4.0000,19.8487,0.4412,11.0914,17.8670,3.3605,6.0896,0.0000,0.0000
Wkly_upswing,2024-01-08,HAVELLS,Largecap,Consumer Discretionary,backtest,173,ok,2024-01-12,1472.0000,1365.4000,1432.0500,0.1364,1.8890,7.3782,1.2586,4.1849,8.0375,9.2731,70.4427,2.0819,0.6983,-2.7140,9.0698,8.0000,7.4439,0.6252,2.7897,7.2418,3.3605,6.0896,0.0000,0.0000
Wkly_upswing,2024-01-08,INDOSTAR,Smallcap,Financials,backtest,174,ok,2024-01-12,203.1000,172.0000,203.1000,4.9884,17.0943,19.3302,15.2995,17.0926,18.4353,27.3145,79.0503,3.4712,3.5099,0.0000,7.4783,6.0000,15.3127,1.0000,0.0000,15.3127,3.3605,6.0896,0.0000,0.0000
Wkly_upswing,2024-01-08,MANAKALUCO,Smallcap,Metals & Mining,backtest,175,ok,2024-01-12,33.4000,25.6000,30.0500,-6.6770,16.4729,22.9039,11.9181,16.5406,19.9984,24.5325,68.4746,5.5146,3.3235,-10.0299,7.0828,5.0000,25.9567,0.5705,11.1481,23.3533,3.3605,6.0896,0.0000,0.0000
Wkly_upswing,2024-01-08,MITCON,Smallcap,Miscellaneous,backtest,176,ok,2024-01-12,93.4886,76.8894,91.0374,16.0636,13.9397,11.7150,35.5314,13.7958,14.1942,33.3871,72.6210,4.1906,18.9834,-2.6219,6.6159,3.0000,18.2333,0.8523,2.6925,17.7553,3.3605,6.0896,0.0000,0.0000
Wkly_upswing,2024-01-08,PAVNAIND,Smallcap,Auto,backtest,177,ok,2024-01-12,64.0850,40.6400,55.6600,-2.4621,37.5680,41.3049,28.6490,25.9255,34.2862,56.7895,72.8014,6.1534,0.5639,-13.1466,6.7577,5.0000,42.1218,0.6406,15.1365,36.5842,3.3605,6.0896,0.0000,0.0000
Wkly_upswing,2024-01-08,PNCINFRA,Smallcap,Realty,backtest,178,ok,2024-01-12,386.8000,344.8000,378.0000,0.3851,7.7230,9.0437,3.4058,7.5406,11.4886,13.7900,71.1228,2.4745,1.2508,-2.5019,8.3650,5.0000,11.1111,0.7905,2.3280,10.8583,3.3605,6.0896,1.0000,0.0000
Wkly_upswing,2024-01-08,RAMCOSYS,Smallcap,I.T,backtest,179,ok,2024-01-12,346.7000,308.0500,328.7000,-1.5868,6.0494,14.9703,10.2465,8.5257,15.0504,24.0152,69.9040,4.3559,2.7038,-5.1918,7.7812,5.0000,11.7584,0.5343,5.4761,11.1480,3.3605,6.0896,0.0000,0.0000
Wkly_upswing,2024-01-08,SAMBHAAV,Smallcap,Media,backtest,180,ok,2024-01-12,4.6500,3.9000,4.4500,0.0000,9.8765,11.2500,45.9016,9.8765,15.9458,37.8456,65.9856,4.0931,0.6260,-10.1010,5.6962,5.0000,16.8539,0.7333,4.4944,16.1290,3.3605,6.0896,0.0000,0.0000
Wkly_upswing,2024-01-08,SEJALLTD,Smallcap,Building Materials,backtest,181,ok,2024-01-12,332.8000,303.6000,319.6000,0.0000,10.5309,22.9467,23.4454,17.5616,19.4338,30.6157,79.7238,3.3993,0.0000,-3.9663,6.9578,8.0000,9.1364,0.5479,4.1302,8.7740,3.3605,6.0896,0.0000,0.0000
Wkly_upswing,2024-01-15,AUSOMENT,Smallcap,Consumer Discretionary,backtest,182,ok,2024-01-19,89.0000,78.7500,88.1500,3.2201,12.6518,31.5672,19.8504,18.2230,24.0641,28.0431,84.6668,4.5985,11.3214,-12.7228,5.9676,9.0000,11.6279,0.9171,0.9643,11.5169,1.7283,3.5055,0.0000,0.0000
Wkly_upswing,2024-01-15,DCI,Smallcap,I.T,backtest,183,ok,2024-01-19,228.8000,197.5000,228.8000,4.9782,9.7889,22.9447,45.7325,19.8533,15.8810,38.8187,77.1844,4.9232,0.4943,-2.2431,6.7012,6.0000,13.6801,1.0000,0.0000,13.6801,1.7283,3.5055,1.0000,0.0000
Wkly_upswing,2024-01-15,GANESHHOU,Midcap,Realty,backtest,184,ok,2024-01-19,612.7500,445.6000,602.4000,17.3926,34.9916,54.1059,55.6992,36.7979,46.9437,51.7394,87.5465,5.0068,8.6198,-1.6891,8.3929,7.0000,27.7473,0.9381,1.7181,27.2787,1.7283,3.5055,0.0000,0.0000
Wkly_upswing,2024-01-15,IDBI,Largecap,Bank,backtest,185,ok,2024-01-19,72.2500,66.6500,69.6500,0.5050,1.3091,5.6904,10.5556,2.7513,5.9493,14.2079,59.0291,2.8818,0.9348,-6.8227,8.8399,6.0000,8.0402,0.5357,3.7329,7.7509,1.7283,3.5055,0.0000,0.0000
Wkly_upswing,2024-01-15,LAL,Smallcap,Textiles,backtest,186,ok,2024-01-19,20.5926,17.2441,19.2112,0.8663,11.4071,22.7367,12.7611,15.9607,15.6932,35.8034,66.2666,5.8305,1.3354,-6.7086,6.5367,6.0000,17.4301,0.5874,7.1910,16.2608,1.7283,3.5055,0.0000,0.0000
Wkly_upswing,2024-01-15,MASFIN,Midcap,Financials,backtest,187,ok,2024-01-19,331.6667,310.0000,326.4833,0.9222,12.0780,9.9456,9.1127,8.6678,10.5965,19.0146,69.5058,3.3984,0.9607,-1.5628,8.1983,5.0000,6.6364,0.7608,1.5876,6.5327,1.7283,3.5055,0.0000,0.0000
Wkly_upswing,2024-01-15,PDMJEPAPER,Smallcap,Building Materials,backtest,188,ok,2024-01-19,62.0000,51.4500,60.4000,7.1872,17.2816,19.8413,32.0219,14.8562,20.8774,31.1127,74.9844,4.5116,5.7523,-2.5806,7.7049,7.0000,17.4669,0.8483,2.6490,17.0161,1.7283,3.5055,0.0000,0.0000
Wkly_upswing,2024-01-15,PNBHOUSING,Largecap,Financials,backtest,189,ok,2024-01-19,905.5000,787.0500,876.9000,2.4177,9.6879,13.7207,22.6348,9.6176,10.7397,35.7835,70.5529,3.8561,1.1858,-3.1585,8.7951,4.0000,13.5078,0.7585,3.2615,13.0812,1.7283,3.5055,0.0000,0.0000
Wkly_upswing,2024-01-15,RBA,Midcap,Consumer Discretionary,backtest,190,ok,2024-01-19,133.7000,118.1000,121.8500,-0.0820,-2.9470,9.7253,6.3728,4.1854,5.6286,7.7634,59.1288,3.9217,0.2996,-11.5105,8.7141,5.0000,12.8026,0.2404,9.7251,11.6679,1.7283,3.5055,0.0000,0.0000
Wkly_upswing,2024-01-15,RITES,Midcap,Miscellaneous,backtest,191,ok,2024-01-19,282.0000,252.8500,276.7250,6.3713,6.3305,14.2076,18.4104,7.3758,12.3359,24.1257,66.1368,3.8776,5.2100,-5.2312,8.9953,6.0000,10.5339,0.8190,1.9062,10.3369,1.7283,3.5055,0.0000,0.0000
Wkly_upswing,2024-01-15,SIS,Midcap,Miscellaneous,backtest,192,ok,2024-01-19,481.2500,451.1000,475.9500,2.1462,3.4786,0.1684,9.2004,3.0965,3.7281,10.8816,59.7229,2.7239,0.9674,-5.1892,7.5724,6.0000,6.3347,0.8242,1.1136,6.2649,1.7283,3.5055,0.0000,0.0000
Wkly_upswing,2024-01-15,TECHM,Largecap,I.T,backtest,193,ok,2024-01-19,1401.5000,1305.2500,1389.9000,2.5643,6.2574,11.1831,20.2388,8.1468,11.7952,18.5827,72.9062,2.7050,1.9008,-0.8277,9.4961,8.0000,6.9250,0.8795,0.8346,6.8676,1.7283,3.5055,1.0000,0.0000
Wkly_upswing,2024-01-23,ADVANIHOTR,Smallcap,Services,backtest,194,ok,2024-01-25,72.0000,62.5000,71.3250,3.6700,25.5722,40.9585,45.7844,24.5145,29.6500,50.1765,83.2310,5.0148,2.2255,-0.9375,7.6346,7.0000,13.3193,0.9289,0.9464,13.1944,-1.3953,1.6514,0.0000,0.0000
Wkly_upswing,2024-01-23,IFBIND,Smallcap,Consumer Discretionary,backtest,195,ok,2024-01-25,1274.7500,1001.0000,1241.1500,10.2412,24.1150,32.8783,41.8133,23.8648,25.7180,39.4941,83.7861,4.2691,7.1855,-2.6358,8.3139,7.0000,22.0562,0.8773,2.7072,21.4748,-1.3953,1.6514,0.0000,0.0000
Wkly_upswing,2024-01-23,PETRONET,Largecap,Energy,backtest,196,ok,2024-01-25,266.3000,253.7500,256.6000,-1.4214,10.2470,18.6315,16.5040,9.2136,18.0796,14.4813,74.1946,3.1887,1.0300,-3.6425,9.2097,6.0000,4.8909,0.2271,3.7802,4.7127,-1.3953,1.6514,0.0000,0.0000
Wkly_upswing,2024-01-29,ALPHAGEO,Smallcap,Miscellaneous,backtest,197,ok,2024-02-02,388.7000,291.9500,355.5000,0.7939,27.6023,23.7598,21.1656,18.6443,23.6599,27.6200,74.3347,5.2833,1.0122,-8.5413,7.4583,6.0000,27.2152,0.6568,9.3390,24.8907,1.5636,3.0342,0.0000,0.0000
Wkly_upswing,2024-01-29,BANKBARODA,Largecap,Bank,backtest,198,ok,2024-02-02,261.0000,227.6500,255.2500,-0.2735,12.4202,9.6199,25.2453,9.6988,14.8636,26.6875,71.7246,3.4980,1.2882,-2.2031,9.7459,7.0000,13.0656,0.8276,2.2527,12.7778,1.5636,3.0342,1.0000,0.0000
Wkly_upswing,2024-01-29,MMP,Smallcap,Metals & Mining,backtest,199,ok,2024-02-02,298.0500,217.8500,273.1000,-0.4193,38.2085,34.2675,25.4191,26.9421,29.5910,33.3416,77.8431,6.4027,0.8937,-8.3711,7.6614,6.0000,29.3665,0.6889,9.1358,26.9082,1.5636,3.0342,0.0000,0.0000
Wkly_upswing,2024-01-29,SPENCERS,Smallcap,Consumer Discretionary,backtest,200,ok,2024-02-02,139.3000,120.4000,122.5000,-9.9927,2.0833,16.7779,77.9230,9.9271,17.7409,65.8240,58.3346,7.8513,2.0748,-12.0603,8.1683,7.0000,15.4286,0.1111,13.7143,13.5678,1.5636,3.0342,0.0000,0.0000
Wkly_upswing,2024-02-05,BAJAJHIND,Smallcap,FMCG,backtest,201,ok,2024-02-09,39.3000,31.3000,37.8500,4.7026,21.3141,34.6975,16.8210,25.4142,28.7678,63.0604,74.9420,6.9070,3.5935,-3.6896,9.0107,8.0000,21.1361,0.8187,3.8309,20.3562,0.7577,1.7339,0.0000,0.0000
Wkly_upswing,2024-02-05,KCPSUGIND,Smallcap,FMCG,backtest,202,ok,2024-02-09,54.0500,41.0000,50.4500,3.2753,24.4143,38.9807,33.9973,27.1421,32.5156,55.3228,77.0551,6.8668,4.1345,-6.6605,7.6856,7.0000,25.8672,0.7241,7.1358,24.1443,0.7577,1.7339,0.0000,0.0000
Wkly_upswing,2024-02-05,MCLEODRUSS,Smallcap,FMCG,backtest,203,ok,2024-02-09,32.8000,27.1500,31.5500,-1.4063,11.2875,18.1648,57.7500,16.3670,18.3687,44.8909,68.8102,5.5468,4.0388,-3.8110,7.4452,7.0000,17.9081,0.7788,3.9620,17.2256,0.7577,1.7339,0.0000,0.0000
Wkly_upswing,2024-02-05,PARAGMILK,Smallcap,FMCG,backtest,204,ok,2024-02-09,269.8000,206.8000,261.6500,3.8088,23.7701,16.7559,15.9539,22.2878,15.3314,47.2220,73.4812,5.1173,4.7524,-3.0208,8.7221,6.0000,24.0780,0.8706,3.1148,23.3506,0.7577,1.7339,0.0000,0.0000
Wkly_upswing,2024-02-05,SAKHTISUG,Smallcap,FMCG,backtest,205,ok,2024-02-09,46.7500,30.1500,42.3500,-4.5096,41.1667,46.7938,36.3929,35.8896,42.0140,51.7527,80.2580,5.8020,1.1520,-9.4118,8.0301,7.0000,39.1972,0.7349,10.3896,35.5080,0.7577,1.7339,0.0000,0.0000
Wkly_upswing,2024-02-05,SBIN,Largecap,Bank,backtest,206,ok,2024-02-09,728.3500,637.7000,725.2500,3.6738,11.6370,16.6466,25.1510,13.0575,14.8474,22.3020,79.0090,2.9817,1.8082,-0.4256,10.2201,9.0000,12.4991,0.9658,0.4274,12.4459,0.7577,1.7339,0.0000,0.0000
Wkly_upswing,2024-02-05,UNIVASTU,Smallcap,Realty,backtest,207,ok,2024-02-09,44.6333,39.5000,44.6333,4.9784,8.5529,30.5704,23.9241,14.5472,22.8271,30.7205,79.5773,4.4996,4.8678,-8.9116,6.8664,9.0000,11.5011,1.0000,0.0000,11.5011,0.7577,1.7339,0.0000,0.0000
Wkly_upswing,2024-02-12,COFFEEDAY,Smallcap,Consumer Discretionary,backtest,208,ok,2024-02-16,74.2500,54.6000,68.3500,3.4822,15.5537,11.2286,49.7262,12.5195,13.7744,45.9441,67.0665,5.8209,7.1092,-7.9461,8.7301,7.0000,28.7491,0.6997,8.6320,26.4646,2.1730,2.2605,1.0000,0.0000
Wkly_upswing,2024-02-12,DBSTOCKBRO,Smallcap,Financials,backtest,209,ok,2024-02-16,53.1000,39.1000,53.1000,9.9379,23.6321,31.4356,32.4190,25.9637,38.9361,70.1419,74.5556,7.8154,6.2161,0.0000,6.6578,5.0000,26.3653,1.0000,0.0000,26.3653,2.1730,2.2605,1.0000,0.0000
Wkly_upswing,2024-02-12,FCL,Midcap,Chemicals,backtest,210,ok,2024-02-16,44.9950,38.0100,43.8250,7.5724,17.1791,32.2221,36.6755,24.9626,23.6852,38.9584,81.5881,4.6883,3.9926,-2.6003,8.6357,6.0000,15.9384,0.8325,2.6697,15.5239,2.1730,2.2605,1.0000,0.0000
Wkly_upswing,2024-02-12,NATCOPHARM,Midcap,Healthcare,backtest,211,ok,2024-02-16,1051.0000,828.0000,1026.5000,15.7141,22.2315,25.4430,31.4509,18.2951,23.5605,32.1193,82.3922,3.4142,23.2901,-2.3311,9.1068,5.0000,21.7243,0.8901,2.3868,21.2179,2.1730,2.2605,0.0000,0.0000
Wkly_upswing,2024-02-19,ACI,Midcap,Chemicals,backtest,212,ok,2024-02-23,799.8500,665.0000,789.9500,5.8559,19.8437,27.0833,42.8998,19.3107,22.9366,34.6291,79.4535,4.4840,2.6341,-1.2377,8.7920,7.0000,17.0707,0.9266,1.2532,16.8594,4.0281,2.4792,0.0000,0.0000
Wkly_upswing,2024-02-19,JAGRAN,Smallcap,Media,backtest,213,ok,2024-02-23,128.3500,107.0000,124.6000,2.8902,14.3119,25.3521,26.5617,18.4748,22.9512,30.7262,74.2377,5.8502,4.5083,-2.9217,8.1500,7.0000,17.1348,0.8244,3.0096,16.6342,4.0281,2.4792,0.0000,0.0000
Wkly_upswing,2024-02-19,QUESS,Midcap,Miscellaneous,backtest,214,ok,2024-02-23,582.0000,523.7000,529.2000,-1.5533,5.5445,9.3727,7.1472,4.9027,4.7769,17.6450,59.2228,4.3813,0.6720,-9.0722,8.6479,6.0000,11.0166,0.0943,9.9773,10.0172,4.0281,2.4792,0.0000,0.0000
Wkly_upswing,2024-02-19,SBILIFE,Largecap,Financials,backtest,215,ok,2024-02-23,1536.2500,1470.2000,1529.1500,1.2917,1.3723,10.7358,8.2622,4.7334,6.2073,14.3008,63.5622,2.5495,0.8216,-0.4622,9.2623,5.0000,4.3194,0.8925,0.4643,4.2994,4.0281,2.4792,0.0000,0.0000
Wkly_upswing,2024-02-19,TIRUMALCHM,Smallcap,Chemicals,backtest,216,ok,2024-02-23,268.6500,226.8500,259.8500,-2.3120,10.2929,8.2483,29.9900,10.7276,12.7909,24.2058,65.0409,5.3245,2.2918,-3.2756,8.3972,5.0000,16.0862,0.7895,3.3866,15.5593,4.0281,2.4792,0.0000,0.0000
Wkly_upswing,2024-02-19,VIPULLTD,Smallcap,Realty,backtest,217,ok,2024-02-23,23.5500,19.4500,23.5500,4.8998,26.9542,42.7273,26.6129,34.8218,33.7081,44.7093,83.8419,3.8520,0.3032,0.0000,6.4013,9.0000,17.4098,1.0000,0.0000,17.4098,4.0281,2.4792,0.0000,0.0000
Wkly_upswing,2024-02-26,HAVELLS,Largecap,Consumer Discretionary,backtest,218,ok,2024-03-01,1550.0000,1413.3000,1515.6000,-1.0285,6.0231,12.9948,15.0317,7.6988,9.6008,13.2008,72.3729,2.1427,0.6654,-2.2194,9.2355,5.0000,9.0195,0.7484,2.2697,8.8194,2.2191,2.6670,1.0000,0.0000
Wkly_upswing,2024-02-26,HITECHGEAR,Smallcap,Auto,backtest,219,ok,2024-03-01,558.8000,472.8500,546.5500,14.3649,11.8032,13.2629,11.3250,17.7897,15.9746,33.5788,69.4819,6.3182,13.2807,-2.1922,7.7079,5.0000,15.7259,0.8575,2.2413,15.3812,2.2191,2.6670,0.0000,0.0000
Wkly_upswing,2024-02-26,INDOSTAR,Smallcap,Financials,backtest,220,ok,2024-03-01,231.6000,207.0000,223.5500,-1.1278,11.7191,19.2585,28.5879,15.1118,18.1154,30.3533,70.6872,4.5356,2.1183,-3.4758,7.5691,8.0000,11.0043,0.6728,3.6010,10.6218,2.2191,2.6670,1.0000,0.0000
Wkly_upswing,2024-02-26,SEJALLTD,Smallcap,Building Materials,backtest,221,ok,2024-03-01,351.8500,316.0000,351.8500,4.9985,10.2460,17.5184,40.4591,11.0638,17.4258,37.3028,90.9612,1.2353,2.3417,0.0000,6.1935,3.0000,10.1890,1.0000,0.0000,10.1890,2.2191,2.6670,1.0000,0.0000
Wkly_upswing,2024-03-04,GLENMARK,Largecap,Healthcare,backtest,222,ok,2024-03-07,964.3000,903.1500,955.2500,3.1142,3.2591,11.2632,16.6219,7.3996,8.0318,22.1118,65.9823,2.9110,0.9364,-0.9385,9.2223,5.0000,6.4015,0.8520,0.9474,6.3414,3.5712,2.9495,0.0000,0.0000
Wkly_upswing,2024-03-04,PIDILITIND,Largecap,Chemicals,backtest,223,ok,2024-03-07,1481.3500,1345.0000,1432.9250,1.2114,4.7460,9.2793,12.5827,5.3319,6.5830,11.0741,67.2428,2.0701,4.9214,-3.2690,9.1174,6.0000,9.5155,0.6448,3.3794,9.2044,3.5712,2.9495,0.0000,0.0000
Wkly_upswing,2024-03-04,RALLIS,Smallcap,Chemicals,backtest,224,ok,2024-03-07,294.4000,247.6000,287.8000,13.1512,16.0718,11.7670,11.2916,15.1419,12.9066,26.7808,71.7601,3.5094,76.1311,-2.2418,8.8004,6.0000,16.2613,0.8590,2.2933,15.8967,3.5712,2.9495,0.0000,0.0000
Wkly_upswing,2024-03-18,CGPOWER,Largecap,Industrials,backtest,225,ok,2024-03-22,549.9500,462.0500,535.9500,-1.0067,14.1047,26.2247,15.1838,14.6331,17.6518,26.1293,74.7550,4.0322,1.5838,-2.5457,9.4588,8.0000,16.4008,0.8407,2.6122,15.9833,-0.5433,0.7516,0.0000,0.0000
Wkly_upswing,2024-03-18,RELINFRA,Smallcap,Realty,backtest,226,ok,2024-03-22,286.6500,236.2000,277.3500,2.2677,16.7789,20.8760,40.9657,20.5267,22.5077,47.6979,65.4009,7.1828,2.2112,-3.2444,9.1926,7.0000,18.1900,0.8157,3.3532,17.5999,-0.5433,0.7516,1.0000,0.0000
Wkly_upswing,2024-03-26,JTEKTINDIA,Smallcap,Auto,backtest,227,ok,2024-03-28,188.0000,154.0000,175.1500,7.2566,15.8783,15.4581,10.3307,12.2648,12.0996,19.3201,64.4949,5.9582,6.0934,-6.8351,8.0296,7.0000,19.4119,0.6221,7.3366,18.0851,0.5791,1.6809,0.0000,0.0000
Wkly_upswing,2024-04-01,EPIGRAL,Smallcap,Chemicals,backtest,228,ok,2024-04-05,1398.8000,1101.7000,1350.4000,-2.1024,22.9929,11.3089,26.3178,19.6492,22.9221,34.4263,71.1610,5.2545,0.8149,-3.4601,8.3570,8.0000,22.0009,0.8371,3.5841,21.2396,0.7040,2.1973,0.0000,0.0000
Wkly_upswing,2024-04-01,GVPIL,Smallcap,Realty,backtest,229,ok,2024-04-05,369.0000,266.2000,338.5500,-1.9974,27.4901,14.0475,26.4898,22.5764,21.5964,60.4462,69.1038,5.6027,0.8363,-8.2520,8.2621,8.0000,30.3648,0.7038,8.9942,27.8591,0.7040,2.1973,1.0000,0.0000
Wkly_upswing,2024-04-01,HGINFRA,Smallcap,Realty,backtest,230,ok,2024-04-05,1098.8500,920.0000,1063.8500,-0.9819,17.0481,14.3310,24.8797,13.0676,14.5281,17.1738,72.2541,3.4947,0.4765,-3.1851,8.4556,6.0000,16.8116,0.8043,3.2899,16.2761,0.7040,2.1973,0.0000,0.0000
Wkly_upswing,2024-04-01,INDOSTAR,Smallcap,Financials,backtest,231,ok,2024-04-05,259.5000,199.8500,247.7500,7.1351,30.1550,15.9064,42.8366,22.4757,24.3188,39.2887,72.8194,4.8450,8.9470,-4.5279,7.5941,7.0000,24.0767,0.8030,4.7427,22.9865,0.7040,2.1973,2.0000,0.0000
Wkly_upswing,2024-04-01,INDSWFTLAB,Smallcap,Healthcare,backtest,232,ok,2024-04-05,130.5000,99.8000,128.2500,14.4578,28.0579,17.4989,18.6401,22.0499,20.0742,33.0601,73.8349,5.7171,3.5150,-1.7241,8.2556,7.0000,23.9376,0.9267,1.7544,23.5249,0.7040,2.1973,0.0000,0.0000
Wkly_upswing,2024-04-01,KEYFINSERV,Smallcap,Financials,backtest,233,ok,2024-04-05,199.3500,144.9500,199.3500,19.9820,38.3894,18.0284,60.1205,28.4017,24.8325,60.4004,70.5479,6.0411,20.6005,-6.4084,6.6240,4.0000,27.2887,1.0000,0.0000,27.2887,0.7040,2.1973,1.0000,0.0000
Wkly_upswing,2024-04-01,LATENTVIEW,Smallcap,I.T,backtest,234,ok,2024-04-05,560.8000,509.0000,549.7500,1.4486,8.2718,8.6785,22.0311,13.7969,11.2471,25.5881,69.8801,3.8154,1.6462,-1.9704,8.8220,9.0000,9.4225,0.7867,2.0100,9.2368,0.7040,2.1973,0.0000,0.0000
Wkly_upswing,2024-04-01,LOKESHMACH,Smallcap,Industrials,backtest,235,ok,2024-04-05,469.9500,365.5500,452.3000,0.9035,22.0289,42.0094,25.8661,32.7795,29.9660,68.1195,79.4528,5.9205,1.9857,-3.7557,7.9165,10.0000,23.0820,0.8309,3.9023,22.2151,0.7040,2.1973,0.0000,0.0000
Wkly_upswing,2024-04-01,MAHLIFE,Midcap,Realty,backtest,236,ok,2024-04-05,669.5000,589.8000,641.7000,2.7049,9.3372,10.2199,11.4740,12.2668,10.9250,19.7595,69.5698,3.7879,5.6093,-4.1524,8.5658,9.0000,12.4201,0.6512,4.3322,11.9044,0.7040,2.1973,0.0000,0.0000
Wkly_upswing,2024-04-01,MMP,Smallcap,Metals & Mining,backtest,237,ok,2024-04-05,309.9000,256.0000,297.4500,-0.7010,16.8303,12.5852,51.7989,14.7392,14.2983,33.2545,67.5609,5.1954,2.4587,-4.0174,6.9781,5.0000,18.1207,0.7690,4.1856,17.3927,0.7040,2.1973,1.0000,0.0000
Wkly_upswing,2024-04-01,MUTHOOTFIN,Largecap,Financials,backtest,238,ok,2024-04-05,1674.4500,1505.0000,1654.7500,-0.7081,11.7735,21.4585,10.3535,14.0731,18.7461,23.3728,77.0140,3.2020,0.4896,-1.1765,9.1787,6.0000,10.2402,0.8837,1.1905,10.1197,0.7040,2.1973,0.0000,0.0000
Wkly_upswing,2024-04-01,RPOWER,Midcap,Power & Utilities,backtest,239,ok,2024-04-05,34.4500,28.4000,32.6000,-2.2489,15.3982,41.4317,3.8217,26.8236,23.8037,52.4807,74.7938,4.4150,3.4945,-5.3701,8.7354,9.0000,18.5583,0.6942,5.6749,17.5617,0.7040,2.1973,0.0000,0.0000
Wkly_upswing,2024-04-01,SURANASOL,Smallcap,Industrials,backtest,240,ok,2024-04-05,46.7500,32.4000,46.7500,4.9383,46.3224,39.5522,38.9302,32.6994,32.9523,63.8569,73.7703,6.7914,0.6540,0.0000,7.2436,7.0000,30.6952,1.0000,0.0000,30.6952,0.7040,2.1973,0.0000,0.0000
Wkly_upswing,2024-04-01,VISACHROME,Smallcap,Metals & Mining,backtest,241,ok,2024-04-05,24.4500,19.2000,24.4500,4.9356,27.3437,33.2425,28.3465,27.2443,26.9602,47.1119,87.6585,2.1765,2.8251,0.0000,5.4290,6.0000,21.4724,1.0000,0.0000,21.4724,0.7040,2.1973,1.0000,0.0000
Wkly_upswing,2024-04-01,ZENSARTECH,Midcap,I.T,backtest,242,ok,2024-04-05,637.0000,598.3500,633.0000,0.9167,4.3263,16.5746,8.4183,7.7529,11.8495,21.1727,67.9383,3.3390,0.6703,-1.7081,8.9600,7.0000,6.1058,0.8965,0.6319,6.0675,0.7040,2.1973,0.0000,0.0000
Wkly_upswing,2024-04-08,AEGISLOG,Largecap,Services,backtest,243,ok,2024-04-12,485.0000,431.4000,480.2500,3.6473,9.3714,20.0925,31.3774,15.7229,15.8365,32.1055,69.5010,4.1057,1.7695,-0.9794,8.7974,7.0000,11.1609,0.9114,0.9891,11.0515,0.8225,1.7797,0.0000,0.0000
Wkly_upswing,2024-04-08,BHAGYANGR,Smallcap,Power & Utilities,backtest,244,ok,2024-04-12,125.9500,111.2000,122.1000,3.2995,10.5978,41.9767,21.1911,27.5595,24.6160,54.9438,73.1622,6.8972,1.6590,-3.0568,7.4810,7.0000,12.0803,0.7390,3.1532,11.7110,0.8225,1.7797,0.0000,0.0000
Wkly_upswing,2024-04-08,DOLATALGO,Smallcap,Financials,backtest,245,ok,2024-04-12,97.3500,77.1500,90.0000,3.2702,15.8301,26.7606,29.5896,21.2489,16.6861,48.6473,67.0452,5.3333,1.6674,-7.5501,7.9266,7.0000,22.4444,0.6361,8.1667,20.7499,0.8225,1.7797,0.0000,0.0000
Wkly_upswing,2024-04-08,ELDEHSG,Smallcap,Realty,backtest,246,ok,2024-04-12,1044.9000,805.6500,960.1000,-2.8239,23.1213,25.5607,25.1760,18.9391,18.1762,27.4084,73.3865,6.2267,1.1035,-8.1156,6.9362,5.0000,24.9193,0.6456,8.8324,22.8969,0.8225,1.7797,0.0000,0.0000
Wkly_upswing,2024-04-08,EXIDEIND,Largecap,Auto,backtest,247,ok,2024-04-12,403.0000,321.0000,398.1500,3.6984,24.6361,24.6361,17.5004,23.1423,21.3173,38.9023,83.2750,3.0956,2.3854,-1.2035,9.5839,7.0000,20.5953,0.9409,1.2181,20.3474,0.8225,1.7797,0.0000,0.0000
Wkly_upswing,2024-04-08,GLOBALVECT,Smallcap,Transportation,backtest,248,ok,2024-04-12,158.7500,129.3000,158.7500,4.9934,19.5857,35.8579,16.3856,24.3002,26.7667,58.4648,82.3192,4.6052,0.9624,0.0000,6.7298,8.0000,18.5512,1.0000,0.0000,18.5512,0.8225,1.7797,0.0000,0.0000
Wkly_upswing,2024-04-08,KSB,Midcap,Industrials,backtest,249,ok,2024-04-12,890.2200,780.0000,871.3400,-0.9818,10.5537,20.9640,26.8068,13.0090,13.5906,39.0556,73.4367,2.8242,0.5980,-2.1208,8.4054,8.0000,12.6495,0.8287,2.1668,12.3812,0.8225,1.7797,0.0000,0.0000
Wkly_upswing,2024-04-08,MINDTECK,Smallcap,I.T,backtest,250,ok,2024-04-12,237.4400,172.7600,231.0400,8.2459,35.9059,55.3106,23.7891,38.8445,32.3465,52.4129,73.2520,6.9339,4.2820,-2.6954,8.1341,6.0000,27.9952,0.9011,2.7701,27.2406,0.8225,1.7797,0.0000,0.0000
Wkly_upswing,2024-04-08,MODIRUBBER,Smallcap,Miscellaneous,backtest,251,ok,2024-04-12,118.2000,93.0000,118.2000,4.9734,31.8461,34.9315,26.2821,30.8753,26.3752,42.8995,77.1737,5.2997,2.1805,0.0000,6.3851,9.0000,21.3198,1.0000,0.0000,21.3198,0.8225,1.7797,0.0000,0.0000
Wkly_upswing,2024-04-08,PURVA,Smallcap,Realty,backtest,252,ok,2024-04-12,324.0500,240.1000,324.0500,9.9966,40.3725,55.0108,41.1368,43.3691,37.9523,97.4801,79.2017,5.6825,2.2772,0.0000,8.3730,8.0000,25.9065,1.0000,0.0000,25.9065,0.8225,1.7797,0.0000,0.0000
Wkly_upswing,2024-04-08,REDTAPE,Midcap,Consumer Discretionary,backtest,253,ok,2024-04-12,736.5500,688.1000,695.6500,-2.8354,-0.9398,19.7848,30.3326,6.9478,9.8139,30.6679,62.7598,3.8792,0.9311,-5.5529,7.9122,4.0000,6.9647,0.1558,5.8794,6.5780,0.8225,1.7797,0.0000,0.0000
Wkly_upswing,2024-04-08,VGUARD,Midcap,Industrials,backtest,254,ok,2024-04-12,353.8000,340.0000,346.8000,-0.5591,2.2707,4.7576,17.3406,5.0090,7.3874,14.7559,64.9544,2.3779,0.8931,-1.9785,8.0556,8.0000,3.9792,0.4928,2.0185,3.9005,0.8225,1.7797,0.0000,0.0000
Wkly_upswing,2024-04-15,AAATECH,Smallcap,I.T,backtest,255,ok,2024-04-19,147.0000,91.8500,135.0000,0.6711,40.1869,51.5152,38.3197,42.6873,41.9036,79.7011,81.3542,5.5185,7.9536,-8.1633,7.4511,7.0000,40.8519,0.7824,8.8889,37.5170,0.4140,-0.0628,0.0000,0.0000
Wkly_upswing,2024-04-15,ANTELOPUS,Smallcap,Energy,backtest,256,ok,2024-04-19,683.7000,520.1000,640.0000,2.1467,21.0745,53.5140,23.0414,26.5379,28.7283,45.0045,81.3274,5.6373,2.6882,-6.3917,8.2108,8.0000,25.5625,0.7329,6.8281,23.9286,0.4140,-0.0628,0.0000,0.0000
Wkly_upswing,2024-04-15,ELECON,Midcap,Industrials,backtest,257,ok,2024-04-19,598.9750,484.0000,583.1250,9.9199,16.7476,37.4565,14.4729,19.7078,19.4485,32.5550,74.3008,3.8533,14.2437,-2.6462,8.5132,7.0000,19.7170,0.8621,2.7181,19.1953,0.4140,-0.0628,0.0000,0.0000
Wkly_upswing,2024-04-15,JUSTDIAL,Midcap,I.T,backtest,258,ok,2024-04-19,1079.0000,864.3000,1065.9000,5.6026,22.5313,36.1303,22.7995,22.6085,22.7949,34.8270,78.0140,4.0673,11.8600,-1.2141,9.0726,6.0000,20.1426,0.9390,1.2290,19.8981,0.4140,-0.0628,0.0000,0.0000
Wkly_upswing,2024-04-15,KSCL,Smallcap,FMCG,backtest,259,ok,2024-04-19,763.0000,674.8500,756.8000,10.4737,11.3023,14.9279,13.1664,14.8276,13.7523,22.6719,77.0758,3.1741,30.9009,-1.0654,8.1381,6.0000,11.6477,0.9297,0.8192,11.5531,0.4140,-0.0628,0.0000,0.0000
Wkly_upswing,2024-04-15,REPCOHOME,Smallcap,Financials,backtest,260,ok,2024-04-19,515.0000,433.0000,500.7500,6.7470,14.3526,27.9709,23.8867,15.2189,14.2310,26.2498,68.4339,4.9076,3.8558,-2.7670,8.0693,5.0000,16.3754,0.8262,2.8457,15.9223,0.4140,-0.0628,0.0000,0.0000
Wkly_upswing,2024-04-15,SURYODAY,Smallcap,Bank,backtest,261,ok,2024-04-19,215.5000,183.2500,209.2500,1.7506,11.5405,25.9404,23.7799,17.6008,18.6992,23.5125,73.7945,4.8609,1.8432,-2.9002,8.4452,8.0000,15.4122,0.8062,2.9869,14.9652,0.4140,-0.0628,0.0000,0.0000
Wkly_upswing,2024-04-15,THOMASCOOK,Smallcap,Miscellaneous,backtest,262,ok,2024-04-19,204.8000,166.0500,196.4500,-0.4813,12.2251,33.2316,20.4107,15.0091,18.8424,44.5945,74.3281,4.3050,2.7232,-4.0772,8.3153,5.0000,19.7251,0.7845,4.2504,18.9209,0.4140,-0.0628,0.0000,0.0000
Wkly_upswing,2024-04-15,VSTIND,Smallcap,FMCG,backtest,263,ok,2024-04-19,366.3136,328.7273,356.8045,0.7224,8.9948,8.4962,9.2041,7.4523,7.6065,11.6703,71.2035,2.7070,5.3809,-9.2457,7.9093,6.0000,10.5342,0.7470,2.6651,10.2607,0.4140,-0.0628,0.0000,0.0000
Wkly_upswing,2024-04-22,BIGBLOC,Smallcap,Building Materials,backtest,264,ok,2024-04-26,131.4500,109.0000,124.9250,5.7790,15.7517,25.1753,43.2216,11.4618,14.8503,41.8905,67.2082,4.6699,5.7419,-6.4232,7.7763,6.0000,17.9708,0.7094,5.2231,17.0787,1.8871,0.8989,1.0000,0.0000
Wkly_upswing,2024-04-22,GANDHITUBE,Smallcap,Metals & Mining,backtest,265,ok,2024-04-26,878.0000,736.5500,861.7000,6.8179,17.5981,16.5089,7.3034,13.0792,11.6815,20.5373,75.6376,2.9029,29.2295,-7.8396,7.0826,6.0000,16.4152,0.8848,1.8916,16.1105,1.8871,0.8989,0.0000,0.0000
Wkly_upswing,2024-04-22,GEOJITFSL,Smallcap,Financials,backtest,266,ok,2024-04-26,96.7000,79.9000,92.8500,-0.2685,17.2349,44.5136,5.2721,15.2629,23.0437,41.7817,72.4245,4.8196,0.9825,-3.9814,8.1827,5.0000,18.0937,0.7708,4.1465,17.3733,1.8871,0.8989,0.0000,0.0000
Wkly_upswing,2024-04-22,GRSE,Largecap,Aerospace & Defence,backtest,267,ok,2024-04-26,1077.8500,861.1500,998.8500,-2.4322,14.7510,26.3408,9.7758,12.6709,20.3516,25.9516,69.1609,4.9854,0.7325,-7.3294,9.3115,6.0000,21.6949,0.6354,7.9091,20.1048,1.8871,0.8989,0.0000,0.0000
Wkly_upswing,2024-04-22,HAVELLS,Largecap,Consumer Discretionary,backtest,268,ok,2024-04-26,1652.7000,1507.0000,1640.0500,5.0910,9.2129,10.2518,27.1012,7.1835,9.9965,19.2549,71.5140,2.5914,3.4080,-0.7654,9.3322,6.0000,8.8839,0.9132,0.7713,8.8159,1.8871,0.8989,2.0000,0.0000
Wkly_upswing,2024-04-22,MAZDOCK,Largecap,Aerospace & Defence,backtest,269,ok,2024-04-26,1262.4000,1078.1500,1204.2750,-1.9260,10.0247,28.0156,2.7758,10.4964,15.0834,17.9448,66.8473,4.4483,1.1895,-4.6043,9.7422,6.0000,15.2997,0.6845,4.8266,14.5952,1.8871,0.8989,0.0000,0.0000
Wkly_upswing,2024-04-22,MOIL,Smallcap,Metals & Mining,backtest,270,ok,2024-04-26,443.0000,331.5000,418.4000,-2.8558,27.3087,50.3414,22.7159,24.2022,37.2024,56.1445,75.7542,5.7506,2.8845,-5.5530,9.2805,5.0000,26.6491,0.7794,5.8795,25.1693,1.8871,0.8989,0.0000,0.0000
Wkly_upswing,2024-04-22,PRECOT,Smallcap,Textiles,backtest,271,ok,2024-04-26,417.0000,386.3000,409.9500,0.2323,8.2376,31.8167,35.7226,14.6457,20.7860,57.8505,83.1790,1.9009,0.7294,-1.6906,6.4916,9.0000,7.4887,0.7704,1.7197,7.3621,1.8871,0.8989,1.0000,0.0000
Wkly_upswing,2024-04-22,PRICOLLTD,Midcap,Auto,backtest,272,ok,2024-04-26,448.3000,424.4500,430.2000,-0.8756,0.4905,15.3506,14.4758,5.2387,8.6844,24.0253,65.3553,3.4677,0.5744,-4.0375,8.3135,6.0000,5.5439,0.2411,4.2073,5.3201,1.8871,0.8989,0.0000,0.0000
Wkly_upswing,2024-04-22,SILGO,Smallcap,Consumer Discretionary,backtest,273,ok,2024-04-26,40.5500,35.0000,38.4000,-2.0408,13.6095,49.4163,36.5854,17.8456,33.2547,60.5464,70.0580,6.7336,0.7101,-5.3021,6.5956,6.0000,14.4531,0.6126,5.5990,13.6868,1.8871,0.8989,0.0000,0.0000
Wkly_upswing,2024-04-22,SOMATEX,Smallcap,Realty,backtest,274,ok,2024-04-26,42.2000,34.8000,38.2000,-4.9751,15.2338,5.8172,97.4160,12.9760,24.3085,60.1795,65.5610,4.6092,10.4052,-9.4787,6.3924,6.0000,19.3717,0.4595,10.4712,17.5355,1.8871,0.8989,0.0000,0.0000
Wkly_upswing,2024-04-22,STEELCITY,Smallcap,Financials,backtest,275,ok,2024-04-26,105.8000,76.3000,97.7000,-0.3061,30.7023,31.2290,24.6969,21.6801,23.7978,38.4976,69.3488,5.9439,1.2204,-7.6560,7.2337,5.0000,30.1945,0.7254,8.2907,27.8828,1.8871,0.8989,0.0000,0.0000
Wkly_upswing,2024-04-22,STYRENIX,Smallcap,Energy,backtest,276,ok,2024-04-26,1733.0000,1505.6000,1699.0500,3.3297,10.3494,15.4285,9.7152,10.8196,15.4824,27.0477,73.9024,3.2482,7.9916,-1.9590,7.6724,5.0000,13.3840,0.8507,1.9982,13.1218,1.8871,0.8989,0.0000,0.0000
Wkly_upswing,2024-04-22,TEJASNET,Midcap,Telecom,backtest,277,ok,2024-04-26,1135.0000,775.0000,1027.9500,-1.6692,32.5446,52.7414,33.2923,24.1283,34.3509,26.0406,72.0402,5.7007,0.6187,-9.4317,9.2296,4.0000,35.0212,0.7026,10.4139,31.7181,1.8871,0.8989,0.0000,0.0000
Wkly_upswing,2024-04-22,UNIVCABLES,Midcap,Industrials,backtest,278,ok,2024-04-26,611.9500,539.9500,580.4000,-1.3680,8.5266,30.4416,18.3162,12.5859,23.5112,21.2171,73.2983,4.9658,0.4936,-5.1556,7.6469,5.0000,12.4052,0.5618,5.4359,11.7657,1.8871,0.8989,0.0000,0.0000
Wkly_upswing,2024-04-22,UTIAMC,Midcap,Financials,backtest,279,ok,2024-04-26,1005.0000,920.1500,974.4000,2.8445,8.2246,18.6845,13.4606,8.0254,9.6482,17.4113,68.3499,3.6121,11.1601,-3.0448,8.3988,6.0000,8.7079,0.6394,3.1404,8.4428,1.8871,0.8989,0.0000,0.0000
Wkly_upswing,2024-04-22,VESUVIUS,Midcap,Building Materials,backtest,280,ok,2024-04-26,445.4000,365.1400,430.1750,-1.4784,19.7259,26.3938,23.0689,20.2626,24.6361,27.2182,78.4434,4.1385,0.8227,-3.4183,8.2058,7.0000,18.6575,0.8103,3.5393,18.0198,1.8871,0.8989,0.0000,0.0000
Wkly_upswing,2024-04-29,LEMONTREE,Midcap,Services,backtest,281,ok,2024-05-03,158.0000,145.7000,155.1000,-0.5450,12.2287,12.1070,11.7435,9.5242,12.2750,28.3425,73.2928,3.1086,1.2306,-1.8354,8.9111,8.0000,7.9304,0.7642,1.8698,7.7848,0.1004,0.8543,0.0000,0.0000
Wkly_upswing,2024-04-29,PDMJEPAPER,Smallcap,Building Materials,backtest,282,ok,2024-05-03,92.7000,73.5000,86.7000,-2.8027,15.6771,29.7904,8.5106,19.4997,24.6998,56.0440,72.4506,5.3180,1.2003,-6.4725,7.9686,7.0000,22.1453,0.6875,6.9204,20.7120,0.1004,0.8543,1.0000,0.0000
Wkly_upswing,2024-04-29,RANEHOLDIN,Smallcap,Financials,backtest,283,ok,2024-05-03,1446.8000,1300.0000,1400.6500,4.0563,8.4430,23.2750,15.1235,14.0622,21.3735,20.8784,77.9879,4.5838,9.9689,-3.1898,7.5677,8.0000,10.4809,0.6856,3.2949,10.1465,0.1004,0.8543,0.0000,0.0000
Wkly_upswing,2024-04-29,VEEDOL,Smallcap,Chemicals,backtest,284,ok,2024-05-03,1870.0000,1746.0000,1823.1500,-0.6701,6.4271,19.7471,8.5887,9.8948,14.1196,35.1210,72.2764,3.6158,1.7000,-2.5053,8.1133,6.0000,6.8014,0.6222,2.5697,6.6310,0.1004,0.8543,0.0000,0.0000
Wkly_upswing,2024-05-06,SARLAPOLY,Smallcap,Textiles,backtest,285,ok,2024-05-10,81.2500,69.1500,76.1500,3.3243,10.3623,28.6318,7.5565,17.5699,24.9323,38.5969,69.0587,5.8484,0.4134,-6.2769,7.8309,6.0000,15.8897,0.5785,6.6973,14.8923,-2.5949,-1.0712,0.0000,0.0000
Wkly_upswing,2024-05-06,ZYDUSWELL,Midcap,FMCG,backtest,286,ok,2024-05-10,347.1000,324.0100,342.3100,0.6735,2.4573,9.7394,4.5573,3.5079,8.0312,8.6708,65.1955,2.4892,1.0691,-1.3800,7.7756,5.0000,6.7453,0.7926,1.3993,6.6523,-2.5949,-1.0712,0.0000,0.0000
Wkly_upswing,2024-05-13,AARTIPHARM,Midcap,Healthcare,backtest,287,ok,2024-05-17,624.0500,495.9500,614.0000,1.0450,22.2012,22.5182,17.9748,15.5074,26.5132,35.2385,72.3231,4.3852,0.6780,-1.6104,8.6111,7.0000,20.8632,0.9215,1.6368,20.5272,2.1379,0.6883,1.0000,0.0000
Wkly_upswing,2024-05-13,AVONMORE,Smallcap,Financials,backtest,288,ok,2024-05-17,13.4800,11.5000,13.2150,0.8009,11.4720,38.1600,21.1274,14.3314,26.4158,46.0798,76.0324,4.8187,0.7144,-1.9659,7.3548,6.0000,14.9830,0.8662,2.0053,14.6884,2.1379,0.6883,0.0000,0.0000
Wkly_upswing,2024-05-13,EDELWEISS,Midcap,Financials,backtest,289,ok,2024-05-17,85.9500,73.7500,85.2000,8.7428,10.7212,17.8423,17.1134,10.4700,16.1143,27.0892,67.6052,4.4769,5.5151,-2.9613,8.7687,4.0000,14.3192,0.9385,0.8803,14.1943,2.1379,0.6883,0.0000,0.0000
Wkly_upswing,2024-05-13,INDIANHUME,Smallcap,Realty,backtest,290,ok,2024-05-17,328.6500,250.6000,322.3000,17.6707,25.4818,20.2388,27.2907,19.7740,18.6191,23.2926,74.8941,4.3072,48.0297,-1.9321,7.7923,6.0000,24.2166,0.9186,1.9702,23.7487,2.1379,0.6883,0.0000,0.0000
Wkly_upswing,2024-05-13,JSWINFRA,Largecap,Transportation,backtest,291,ok,2024-05-17,275.5000,242.6000,271.6500,4.8639,10.6743,13.3528,22.3924,8.1797,10.0836,,68.2011,3.6799,3.1372,-1.6474,9.0439,6.0000,12.1112,0.8830,1.4173,11.9419,2.1379,0.6883,0.0000,0.0000
Wkly_upswing,2024-05-13,OBEROIRLTY,Largecap,Realty,backtest,292,ok,2024-05-17,1771.4500,1445.9000,1742.8000,1.8496,18.5861,24.5613,33.1195,15.7386,19.1446,32.7975,74.3479,3.9977,2.0582,-1.6173,9.2759,8.0000,18.6797,0.9120,1.6439,18.3776,2.1379,0.6883,0.0000,0.0000
Wkly_upswing,2024-05-13,PENINLAND,Smallcap,Realty,backtest,293,ok,2024-05-17,72.9500,59.4000,67.5000,0.2972,11.2026,40.0415,7.3986,18.9689,26.8845,44.0584,64.6740,8.0582,0.4528,-7.4709,8.4830,5.0000,20.0741,0.5978,8.0741,18.5744,2.1379,0.6883,0.0000,0.0000
Wkly_upswing,2024-05-13,TAINWALCHM,Smallcap,Services,backtest,294,ok,2024-05-17,167.7000,140.0500,164.4500,4.1482,11.9850,24.2539,12.8689,16.5031,21.7174,21.1360,74.3970,5.8007,4.2856,-1.9380,6.7272,6.0000,16.8136,0.8825,1.9763,16.4878,2.1379,0.6883,0.0000,0.0000
Wkly_upswing,2024-05-13,UMIYA-MRO,Smallcap,Telecom,backtest,295,ok,2024-05-17,116.2000,75.0000,101.4000,-9.9467,34.1270,25.9627,21.9483,17.4801,28.6492,51.8902,63.3828,6.5864,0.8211,-12.7367,7.5501,6.0000,40.6312,0.6408,14.5957,35.4561,2.1379,0.6883,0.0000,0.0000
Wkly_upswing,2024-05-21,ALICON,Smallcap,"Castings, Forgings & Fasteners",backtest,296,ok,2024-05-24,1134.9000,958.1000,1121.1000,7.5602,29.0104,20.1479,21.6669,20.7282,26.4886,27.9731,77.1313,4.9317,3.9169,-1.2160,7.7319,8.0000,15.7702,0.9219,1.2309,15.5785,2.4761,2.7528,0.0000,0.0000
Wkly_upswing,2024-05-21,CIEINDIA,Midcap,"Castings, Forgings & Fasteners",backtest,297,ok,2024-05-24,556.9500,488.5000,554.5000,2.4386,12.8753,13.8487,19.9308,11.7487,16.4806,15.3851,79.9662,3.1174,2.8206,-4.3553,8.5982,7.0000,12.3445,0.9642,0.4418,12.2902,2.4761,2.7528,0.0000,0.0000
Wkly_upswing,2024-05-21,DREDGECORP,Smallcap,Miscellaneous,backtest,298,ok,2024-05-24,1032.7000,840.0500,1032.7000,4.9972,31.5206,22.3651,32.5929,26.1868,35.5959,68.1238,80.5277,3.8561,6.3733,0.0000,8.0169,9.0000,18.6550,1.0000,0.0000,18.6550,2.4761,2.7528,0.0000,0.0000
Wkly_upswing,2024-05-21,FINCABLES,Largecap,Industrials,backtest,299,ok,2024-05-24,1363.3000,1037.0000,1282.6000,12.1105,23.3625,26.7642,29.8112,20.7474,28.8980,25.6249,80.8013,4.7621,17.9603,-5.9195,8.9766,6.0000,25.4405,0.7527,6.2919,23.9346,2.4761,2.7528,0.0000,0.0000
Wkly_upswing,2024-05-21,PARAS,Midcap,Aerospace & Defence,backtest,300,ok,2024-05-24,887.0000,760.7500,859.1500,10.2959,18.9135,13.4716,18.1287,16.6899,22.6555,19.2844,79.3819,3.6893,20.7313,-3.1398,8.7709,7.0000,14.6948,0.7794,3.2416,14.2334,2.4761,2.7528,0.0000,0.0000
Wkly_upswing,2024-05-21,PODDARMENT,Smallcap,Chemicals,backtest,301,ok,2024-05-24,427.4000,380.5500,412.5000,-0.7936,13.8874,18.6368,10.9467,13.8269,17.7929,15.5189,72.8442,3.7013,0.6262,-3.4862,6.9407,6.0000,11.3576,0.6820,3.6121,10.9616,2.4761,2.7528,0.0000,0.0000
Wkly_upswing,2024-05-21,SANDHAR,Smallcap,Auto,backtest,302,ok,2024-05-24,575.0000,510.0500,563.4000,2.6604,11.8301,8.2213,4.3237,10.6262,11.0266,23.0747,70.1934,3.5588,13.5771,-4.5085,7.9760,9.0000,11.5282,0.8214,2.0589,11.2957,2.4761,2.7528,0.0000,0.0000
Wkly_upswing,2024-05-21,SJS,Midcap,Auto,backtest,303,ok,2024-05-24,745.0000,678.9000,708.7500,-0.3305,15.6293,16.0269,13.1195,12.0363,13.7303,11.1915,74.9370,3.7909,1.0745,-4.8658,8.0590,7.0000,9.3263,0.4516,5.1146,8.8725,2.4761,2.7528,0.0000,0.0000
Wkly_upswing,2024-05-21,UNOMINDA,Largecap,Auto,backtest,304,ok,2024-05-24,880.0000,746.1500,845.5000,1.8736,16.1321,17.2189,33.2335,13.6776,19.1743,29.3742,82.3023,3.6546,6.1192,-3.9205,8.6300,7.0000,15.8309,0.7422,4.0804,15.2102,2.4761,2.7528,0.0000,0.0000
Wkly_upswing,2024-05-27,ATLANTAA,Smallcap,Realty,backtest,305,ok,2024-05-31,37.8000,31.1500,37.8000,5.0000,27.2727,20.3822,70.2703,18.8586,28.1921,73.9431,70.4081,4.8280,5.8886,-2.4516,6.4732,8.0000,17.5926,1.0000,0.0000,17.5926,-0.5188,0.6426,0.0000,0.0000
Wkly_upswing,2024-05-27,KNRCON,Smallcap,Realty,backtest,306,ok,2024-05-31,330.7000,267.1000,317.9000,5.0562,16.7462,18.9968,15.4531,19.7442,21.9087,18.9717,80.8666,3.6939,6.9121,-3.8706,8.8976,7.0000,20.0063,0.7987,4.0264,19.2319,-0.5188,0.6426,0.0000,0.0000
Wkly_upswing,2024-06-03,ABSLAMC,Largecap,Financials,backtest,307,ok,2024-06-07,595.0000,517.3500,576.1500,-1.5212,10.2574,6.2223,11.1829,6.7988,10.8490,22.4083,58.7976,4.3063,0.5087,-3.1681,8.4220,5.0000,13.4774,0.7572,3.2717,13.0504,6.0692,3.6523,0.0000,0.0000
Wkly_upswing,2024-06-03,BIRLAMONEY,Smallcap,Financials,backtest,308,ok,2024-06-07,158.4000,116.2500,155.6500,16.6792,26.9058,26.2368,46.3564,20.8158,27.9837,47.5653,72.8342,4.7061,22.9457,-1.7361,7.7485,4.0000,27.0800,0.9348,1.7668,26.6098,6.0692,3.6523,0.0000,0.0000
Wkly_upswing,2024-06-03,GREENPLY,Smallcap,Building Materials,backtest,309,ok,2024-06-07,289.4000,231.0000,286.1000,6.7338,12.2181,19.0843,10.6770,12.8422,12.2229,31.9541,74.0108,4.2730,7.0485,-1.1403,7.9686,5.0000,20.4124,0.9435,1.1534,20.1797,6.0692,3.6523,0.0000,0.0000
Wkly_upswing,2024-06-03,KCP,Smallcap,Building Materials,backtest,310,ok,2024-06-07,252.8000,152.8500,249.1000,13.4335,42.3022,58.9662,40.6947,37.6947,39.4948,56.4576,78.5754,6.3572,9.8552,-1.4636,8.5073,6.0000,40.1244,0.9630,1.4853,39.5372,6.0692,3.6523,0.0000,0.0000
Wkly_upswing,2024-06-03,PENIND,Smallcap,Metals & Mining,backtest,311,ok,2024-06-07,172.0000,120.1000,169.3000,17.7739,17.6103,36.4222,32.7843,21.5733,24.9613,35.7141,69.8690,6.4130,8.3369,-1.5698,8.3337,6.0000,30.6556,0.9480,1.5948,30.1744,6.0692,3.6523,0.0000,0.0000
Wkly_upswing,2024-06-10,AMNPLST,Smallcap,Chemicals,backtest,312,ok,2024-06-14,261.2000,198.8800,255.5100,13.7015,26.9615,30.9972,65.1648,25.7245,29.8416,,78.6366,6.3990,16.8554,-2.1784,7.1999,6.0000,24.3904,0.9087,2.2269,23.8591,4.7391,3.9062,0.0000,0.0000
Wkly_upswing,2024-06-10,ANTELOPUS,Smallcap,Energy,backtest,313,ok,2024-06-14,792.4500,621.2500,770.5500,2.0461,19.1050,19.2248,88.0307,23.0832,26.0547,55.5941,70.9773,6.0022,4.0327,-2.7636,8.1678,6.0000,22.2179,0.8721,2.8421,21.6039,4.7391,3.9062,1.0000,0.0000
Wkly_upswing,2024-06-10,AURIONPRO,Smallcap,I.T,backtest,314,ok,2024-06-14,1373.3250,1113.4250,1346.7500,1.2575,22.3428,5.2765,41.1799,18.9290,13.0775,38.4058,68.4357,4.5757,1.5927,-3.6298,7.9763,8.0000,19.2983,0.8977,1.9733,18.9249,4.7391,3.9062,0.0000,0.0000
Wkly_upswing,2024-06-10,BAJAJHIND,Smallcap,FMCG,backtest,315,ok,2024-06-14,43.5000,32.8500,41.5900,-0.3355,23.5958,29.9688,39.3300,24.5956,25.4411,37.2415,73.5219,5.7912,3.0031,-4.3908,9.0682,7.0000,25.6071,0.8207,4.5924,24.4828,4.7391,3.9062,1.0000,0.0000
Wkly_upswing,2024-06-10,BLKASHYAP,Smallcap,Realty,backtest,316,ok,2024-06-14,94.7500,82.8300,89.4700,-0.3120,7.8602,40.6761,35.1511,20.3298,28.2566,33.8031,74.2532,6.4906,0.5997,-5.5726,8.4233,7.0000,13.3229,0.5570,5.9014,12.5805,4.7391,3.9062,0.0000,0.0000
Wkly_upswing,2024-06-10,CHEMPLASTS,Smallcap,Chemicals,backtest,317,ok,2024-06-14,633.9000,402.8000,621.5000,11.8107,26.5269,28.1443,40.7064,24.5273,27.5659,30.1032,77.5924,5.9350,14.7529,-1.9561,8.6424,7.0000,37.1842,0.9463,1.9952,36.4569,4.7391,3.9062,0.0000,0.0000
Wkly_upswing,2024-06-10,DGCONTENT,Smallcap,Media,backtest,318,ok,2024-06-14,28.6800,22.1300,28.6800,4.9780,23.0901,11.3786,45.2152,14.9315,18.9864,35.3331,77.6395,3.1680,3.4748,0.0000,5.4123,5.0000,22.8382,1.0000,0.0000,22.8382,4.7391,3.9062,0.0000,0.0000
Wkly_upswing,2024-06-10,ELECON,Midcap,Industrials,backtest,319,ok,2024-06-14,677.7500,551.7750,660.8250,0.3036,19.7635,15.4733,56.5936,15.0201,20.3843,38.3549,68.2290,5.8209,0.6950,-2.4972,8.9636,7.0000,19.0633,0.8656,2.5612,18.5872,4.7391,3.9062,1.0000,0.0000
Wkly_upswing,2024-06-10,ESSARSHPNG,Smallcap,Transportation,backtest,320,ok,2024-06-14,47.9200,31.3000,44.6800,-4.1819,42.9760,58.7211,98.1375,34.8423,47.8687,83.2142,74.3785,7.9742,0.7410,-6.7613,7.9279,7.0000,37.1978,0.8051,7.2516,34.6828,4.7391,3.9062,0.0000,0.0000
Wkly_upswing,2024-06-10,FEDERALBNK,Largecap,Bank,backtest,321,ok,2024-06-14,175.1000,162.7700,174.4000,1.2423,5.6649,6.2767,19.4112,6.0421,8.6996,14.9883,65.2861,3.3281,0.8010,-0.3998,9.3657,6.0000,7.0700,0.9432,0.4014,7.0417,4.7391,3.9062,0.0000,0.0000
Wkly_upswing,2024-06-10,GIPCL,Smallcap,Power & Utilities,backtest,322,ok,2024-06-14,238.4000,211.0000,234.2200,4.0146,12.3088,23.1764,41.2240,18.8277,23.4845,36.0553,70.5879,5.9010,1.9243,-1.7534,8.4662,9.0000,11.6984,0.8474,1.7846,11.4933,4.7391,3.9062,0.0000,0.0000
Wkly_upswing,2024-06-10,HCC,Midcap,Realty,backtest,323,ok,2024-06-14,51.1800,38.5300,48.6400,-0.4503,26.8318,33.0780,43.9443,21.0839,27.8984,45.1115,71.8486,5.9064,0.6903,-4.9629,9.3835,7.0000,26.0074,0.7992,5.2220,24.7167,4.7391,3.9062,0.0000,0.0000
Wkly_upswing,2024-06-10,JISLJALEQS,Smallcap,Plastic products,backtest,324,ok,2024-06-14,79.5100,67.3200,76.4100,-1.3428,13.6208,11.2227,42.9560,15.2106,20.4867,23.3350,65.5816,6.1118,0.4772,-3.8989,8.8406,7.0000,15.9534,0.7457,4.0571,15.3314,4.7391,3.9062,0.0000,0.0000
Wkly_upswing,2024-06-10,JKPAPER,Midcap,Building Materials,backtest,325,ok,2024-06-14,498.0000,408.0000,490.8000,10.0202,20.9314,40.2085,42.3227,23.7316,30.5121,28.7287,81.2567,3.9738,11.7934,-1.4458,8.9276,7.0000,18.3374,0.9200,1.4670,18.0723,4.7391,3.9062,0.0000,0.0000
Wkly_upswing,2024-06-10,JTEKTINDIA,Smallcap,Auto,backtest,326,ok,2024-06-14,195.0000,171.4100,193.3500,10.3659,12.5437,18.4743,24.3408,14.2025,12.7249,26.0620,71.0168,4.8676,13.5259,-0.8462,7.8566,7.0000,12.2007,0.9301,0.8534,12.0974,4.7391,3.9062,1.0000,0.0000
Wkly_upswing,2024-06-10,KMSUGAR,Smallcap,FMCG,backtest,327,ok,2024-06-14,50.4000,37.6000,48.0700,7.2273,24.2119,28.1867,68.9631,25.5911,28.4161,41.9030,73.7854,5.4846,10.2427,-4.6230,7.9145,8.0000,26.6278,0.8180,4.8471,25.3968,4.7391,3.9062,0.0000,0.0000
Wkly_upswing,2024-06-10,LUMAXTECH,Midcap,Auto,backtest,328,ok,2024-06-14,535.6000,489.4000,531.6500,2.7641,5.0380,11.5506,21.5895,8.7308,10.7643,27.9457,68.0437,4.7339,1.1394,-0.7375,8.1692,7.0000,8.6899,0.9145,0.7430,8.6258,4.7391,3.9062,0.0000,0.0000
Wkly_upswing,2024-06-10,MAHEPC,Smallcap,Plastic products,backtest,329,ok,2024-06-14,179.6500,134.8000,171.7900,-1.7220,27.3934,22.6633,46.5160,22.2509,24.1921,33.3155,75.6783,5.3753,2.1464,-4.3752,7.5378,7.0000,26.1075,0.8247,4.5754,24.9652,4.7391,3.9062,0.0000,0.0000
Wkly_upswing,2024-06-10,MANALIPETC,Smallcap,Energy,backtest,330,ok,2024-06-14,92.0000,81.4100,89.8600,0.6835,9.5186,15.0576,49.0216,10.2212,15.8470,25.3851,66.9036,5.3909,0.9066,-2.3261,8.1739,7.0000,11.7850,0.7979,2.3815,11.5109,4.7391,3.9062,0.0000,0.0000
Wkly_upswing,2024-06-10,MARINE,Midcap,Industrials,backtest,331,ok,2024-06-14,147.1000,106.3900,147.1000,4.9964,35.3266,56.1571,59.1130,32.3092,42.3972,62.1921,80.5798,5.2680,2.2337,0.0000,8.0079,7.0000,27.6751,1.0000,0.0000,27.6751,4.7391,3.9062,0.0000,0.0000
Wkly_upswing,2024-06-10,MAWANASUG,Smallcap,FMCG,backtest,332,ok,2024-06-14,124.5600,102.0000,119.1400,-1.3415,16.3477,28.1075,34.5454,17.3134,22.4551,20.1508,76.4312,4.4186,3.0283,-4.3513,7.6638,7.0000,18.9357,0.7598,4.5493,18.1118,4.7391,3.9062,0.0000,0.0000
Wkly_upswing,2024-06-10,PETRONET,Largecap,Energy,backtest,333,ok,2024-06-14,327.8500,301.1500,323.9000,0.2631,7.5187,3.7642,21.4701,6.1550,7.3611,28.2094,60.8244,4.3190,0.5504,-1.2048,9.3058,8.0000,8.2433,0.8521,1.2195,8.1440,4.7391,3.9062,1.0000,0.0000
Wkly_upswing,2024-06-10,RALLIS,Smallcap,Chemicals,backtest,334,ok,2024-06-14,328.2000,284.3000,320.5000,2.2818,13.6928,16.1232,23.0326,15.2049,16.7178,29.1494,73.8913,4.2991,0.9017,-2.3461,8.6497,8.0000,13.6974,0.8246,2.4025,13.3760,4.7391,3.9062,1.0000,0.0000
Wkly_upswing,2024-06-10,SHRIRAMFIN,Largecap,Financials,backtest,335,ok,2024-06-14,549.4000,497.0400,546.4300,1.7826,9.3757,16.8234,19.2298,11.8583,11.4504,24.7551,67.7305,4.0476,2.1276,-0.5406,9.5570,9.0000,9.5822,0.9433,0.5435,9.5304,4.7391,3.9062,0.0000,0.0000
Wkly_upswing,2024-06-10,STAR,Midcap,Healthcare,backtest,336,ok,2024-06-14,990.0000,890.3500,978.7000,3.9235,10.7377,12.1976,23.8077,11.4696,13.2499,46.7277,71.2327,4.5235,2.2321,-1.1414,8.7097,8.0000,10.1819,0.8866,1.1546,10.0657,4.7391,3.9062,0.0000,0.0000
Wkly_upswing,2024-06-10,TEXINFRA,Smallcap,Realty,backtest,337,ok,2024-06-14,140.8500,123.4100,139.1400,2.5728,12.6640,39.7690,45.6963,15.4172,30.0354,40.6173,70.3197,5.7368,1.2944,-1.2141,8.4573,8.0000,12.5341,0.9019,1.2290,12.3820,4.7391,3.9062,0.0000,0.0000
Wkly_upswing,2024-06-10,TIRUMALCHM,Smallcap,Chemicals,backtest,338,ok,2024-06-14,309.4000,268.5500,307.5500,3.5696,14.5224,21.5613,41.2399,15.7585,16.0146,32.5517,72.4699,4.4325,2.5551,-0.5979,8.2954,8.0000,13.2824,0.9547,0.6015,13.2030,4.7391,3.9062,1.0000,0.0000
Wkly_upswing,2024-06-10,USHAMART,Midcap,Metals & Mining,backtest,339,ok,2024-06-14,423.9500,362.1000,402.1000,-3.0617,10.7408,20.4614,39.4728,10.9861,13.0603,21.7129,64.9860,4.9810,1.3222,-5.1539,8.7249,7.0000,15.3817,0.6467,5.4340,14.5890,4.7391,3.9062,0.0000,0.0000
Wkly_upswing,2024-06-10,USK,Smallcap,Realty,backtest,340,ok,2024-06-14,74.1300,57.3000,68.4000,-5.2500,19.3717,33.9863,35.8491,17.9260,25.7053,48.6270,66.0883,8.0848,1.1831,-7.7297,7.6530,6.0000,24.6053,0.6595,8.3772,22.7034,4.7391,3.9062,0.0000,0.0000
Wkly_upswing,2024-06-10,VBL,Largecap,FMCG,backtest,341,ok,2024-06-14,660.0000,609.2000,655.7000,3.8453,7.9448,9.7773,15.6274,9.0560,11.1397,33.9320,71.4680,3.4129,1.6292,-0.6515,9.4945,9.0000,7.7474,0.9154,0.6558,7.6970,4.7391,3.9062,0.0000,0.0000
Wkly_upswing,2024-06-10,ZOTA,Smallcap,Healthcare,backtest,342,ok,2024-06-14,623.8500,509.7500,619.3000,9.2914,22.6944,29.6013,30.7092,25.8561,26.4456,33.5400,83.0169,4.8915,9.2324,-0.7293,7.6405,9.0000,18.4240,0.9601,0.7347,18.2896,4.7391,3.9062,0.0000,0.0000
Wkly_upswing,2024-06-18,360ONE,Largecap,Financials,backtest,343,ok,2024-06-21,864.5000,787.1500,837.6000,-0.4339,7.0894,2.4587,24.3191,4.9069,7.2257,28.3853,61.2003,4.3675,0.8152,-7.0315,8.7061,5.0000,9.2347,0.6522,3.2116,8.9474,2.3226,3.6754,0.0000,0.0000
Wkly_upswing,2024-06-18,AARTIPHARM,Midcap,Healthcare,backtest,344,ok,2024-06-21,653.0000,608.0000,633.3500,0.6196,6.1955,4.3324,38.0900,6.5143,15.0253,31.3914,63.1924,4.5771,0.8380,-3.0092,8.1096,5.0000,7.1051,0.5633,3.1026,6.8913,2.3226,3.6754,1.0000,0.0000
Wkly_upswing,2024-06-18,ALEMBICLTD,Smallcap,Realty,backtest,345,ok,2024-06-21,113.8600,100.2500,111.0600,8.0350,6.8398,4.8725,37.3655,10.1354,14.2889,23.2395,68.1682,4.1818,12.0328,-2.4592,8.2226,5.0000,12.2546,0.7943,2.5212,11.9533,2.3226,3.6754,0.0000,0.0000
Wkly_upswing,2024-06-18,ASAHIINDIA,Largecap,Building Materials,backtest,346,ok,2024-06-21,690.0000,620.0000,677.9000,0.0960,9.8614,14.4135,32.6095,10.5638,11.8964,18.3015,76.1620,3.7042,1.2119,-1.7536,8.1940,8.0000,10.3260,0.8271,1.7849,10.1449,2.3226,3.6754,0.0000,0.0000
Wkly_upswing,2024-06-18,BEPL,Smallcap,Energy,backtest,347,ok,2024-06-21,137.6000,103.6200,136.5400,8.5287,31.8208,39.1845,59.6959,34.7080,35.7513,40.2903,87.6840,4.1411,5.8738,-0.7704,8.4861,8.0000,24.8865,0.9688,0.7763,24.6948,2.3226,3.6754,0.0000,0.0000
Wkly_upswing,2024-06-18,BYKE,Smallcap,Services,backtest,348,ok,2024-06-21,88.0000,74.0000,87.4100,5.3386,15.0737,22.2518,59.3619,18.6685,20.1304,44.3013,71.3075,5.8673,3.0687,-0.6705,7.2576,6.0000,16.0165,0.9579,0.6750,15.9091,2.3226,3.6754,1.0000,0.0000
Wkly_upswing,2024-06-18,ELGIEQUIP,Midcap,Industrials,backtest,349,ok,2024-06-21,750.0000,677.3000,736.3000,-1.0150,11.9252,13.5915,23.2507,15.5343,15.7433,28.5254,70.6839,4.2384,0.4981,-1.8267,8.5654,7.0000,9.8737,0.8116,1.8607,9.6933,2.3226,3.6754,0.0000,0.0000
Wkly_upswing,2024-06-18,EMBDL,Midcap,Realty,backtest,350,ok,2024-06-21,162.9200,133.5000,156.4100,0.9553,14.6197,14.1679,41.8685,15.1144,18.0619,51.1626,70.8836,5.3312,1.8708,-3.9958,9.3784,8.0000,18.8095,0.7787,4.1621,18.0579,2.3226,3.6754,0.0000,0.0000
Wkly_upswing,2024-06-18,FACT,Largecap,Chemicals,backtest,351,ok,2024-06-21,1187.0000,772.0000,1134.4500,4.0446,46.8734,63.7722,79.4164,46.6384,57.5496,61.4609,85.2613,6.3728,3.8985,-4.4271,9.5023,8.0000,36.5816,0.8734,4.6322,34.9621,2.3226,3.6754,0.0000,0.0000
Wkly_upswing,2024-06-18,GTLINFRA,Smallcap,Telecom,backtest,352,ok,2024-06-21,2.5800,2.2400,2.5800,4.8780,26.4706,66.4516,61.2500,40.2936,48.5662,71.8110,84.3414,4.5127,0.3205,-0.7692,8.3912,9.0000,13.1783,1.0000,0.0000,13.1783,2.3226,3.6754,0.0000,0.0000
Wkly_upswing,2024-06-18,HUHTAMAKI,Smallcap,Industrials,backtest,353,ok,2024-06-21,381.0000,327.7500,372.5500,7.7980,12.2139,21.1151,21.6490,15.6880,17.6528,22.4633,74.9531,4.8737,14.4931,-2.2179,7.9375,7.0000,14.2934,0.8413,2.2682,13.9764,2.3226,3.6754,0.0000,0.0000
Wkly_upswing,2024-06-18,KALYANIFRG,Smallcap,"Castings, Forgings & Fasteners",backtest,354,ok,2024-06-21,727.3000,465.1000,646.2500,-1.5763,42.6915,45.7323,52.8681,37.6567,43.9332,47.3900,80.9137,7.3026,0.9954,-11.1440,6.9647,5.0000,40.5725,0.6909,12.5416,36.0511,2.3226,3.6754,0.0000,0.0000
Wkly_upswing,2024-06-18,KALYANKJIL,Largecap,Consumer Discretionary,backtest,355,ok,2024-06-21,464.9500,398.8500,453.0000,5.0557,13.7048,12.4069,23.1815,11.6912,11.0041,30.6973,71.2184,4.7217,8.6761,-2.5702,9.0599,6.0000,14.5916,0.8192,2.6380,14.2166,2.3226,3.6754,0.0000,0.0000
Wkly_upswing,2024-06-18,MARATHON,Smallcap,Realty,backtest,356,ok,2024-06-21,618.4000,517.9000,594.3000,-0.0084,25.8177,39.3272,29.2097,29.7131,33.7787,35.2365,77.0160,6.5545,0.4083,-3.8972,8.1689,7.0000,16.9107,0.7602,4.0552,16.2516,2.3226,3.6754,0.0000,0.0000
Wkly_upswing,2024-06-18,PENINLAND,Smallcap,Realty,backtest,357,ok,2024-06-21,74.8000,63.4800,73.3500,6.9554,10.5668,14.6990,58.9382,17.3375,24.7729,46.1106,66.8892,6.5391,5.7876,-1.9385,8.1228,6.0000,15.4329,0.8719,1.9768,15.1337,2.3226,3.6754,1.0000,0.0000
Wkly_upswing,2024-06-18,PRICOLLTD,Midcap,Auto,backtest,358,ok,2024-06-21,515.0000,455.9000,496.4500,1.2853,8.8348,9.1579,41.1974,9.7291,13.3950,30.7508,68.3585,4.7070,0.9644,-3.6019,8.3879,6.0000,11.9045,0.6861,3.7365,11.4757,2.3226,3.6754,1.0000,0.0000
Wkly_upswing,2024-06-18,RKFORGE,Midcap,"Castings, Forgings & Fasteners",backtest,359,ok,2024-06-21,930.0000,715.0000,899.1000,3.1137,19.3390,25.6867,35.3557,23.1340,23.7009,25.8250,75.4563,5.3343,3.1743,-3.3226,9.0064,8.0000,23.9128,0.8563,3.4368,23.1183,2.3226,3.6754,0.0000,0.0000
Wkly_upswing,2024-06-18,SURANAT&P,Smallcap,Industrials,backtest,360,ok,2024-06-21,24.3000,19.0000,21.9500,-5.7535,17.5054,27.2464,41.1576,16.6995,28.6741,47.6211,67.6645,6.9313,3.7490,-9.6708,7.0506,7.0000,24.1458,0.5566,10.7061,21.8107,2.3226,3.6754,0.0000,0.0000
Wkly_upswing,2024-06-18,TICL,Smallcap,Realty,backtest,361,ok,2024-06-21,53.6100,45.1200,53.6100,4.9941,25.2570,22.8179,52.5178,31.0822,44.2052,77.3108,79.7570,4.4701,1.7327,0.0000,6.8615,10.0000,15.8366,1.0000,0.0000,15.8366,2.3226,3.6754,0.0000,0.0000
Wkly_upswing,2024-06-18,TIRUPATIFL,Smallcap,"Castings, Forgings & Fasteners",backtest,362,ok,2024-06-21,28.2000,19.2000,24.4000,-3.8613,32.6808,41.0405,53.4591,30.6630,32.7270,62.2378,68.1888,8.0269,1.0236,-13.4752,7.5333,6.0000,36.8852,0.5778,15.5738,31.9149,2.3226,3.6754,0.0000,0.0000
Wkly_upswing,2024-06-18,WINDMACHIN,Smallcap,Industrials,backtest,363,ok,2024-06-21,156.5500,92.9900,150.9700,6.0778,64.0443,82.8831,133.6997,67.9591,73.3255,86.4391,85.8239,6.5822,4.1396,-3.5644,8.1308,9.0000,42.1011,0.9122,3.6961,40.6004,2.3226,3.6754,0.0000,0.0000
Wkly_upswing,2024-06-24,BBOX,Midcap,I.T,backtest,364,ok,2024-06-28,384.3800,260.0000,350.5900,9.4499,33.7160,38.0004,55.7486,30.9826,38.6111,40.9599,79.8485,6.0946,9.8459,-8.7908,8.5268,6.0000,35.4773,0.7283,9.6380,32.3586,6.7676,5.3350,0.0000,0.0000
Wkly_upswing,2024-06-24,BOMDYEING,Smallcap,Textiles,backtest,365,ok,2024-06-28,214.5000,176.6000,211.0200,4.1868,16.4441,27.4275,33.3460,19.1436,20.8899,29.3315,73.4772,4.7974,2.6095,-1.6224,8.9742,7.0000,17.9604,0.9082,1.6491,17.6690,6.7676,5.3350,0.0000,0.0000
Wkly_upswing,2024-06-24,CDSL,Largecap,Financials,backtest,366,ok,2024-06-28,1203.7000,999.6000,1193.6250,18.9936,17.7726,15.3512,39.4462,15.2538,14.7430,33.5509,73.5864,2.7623,27.1725,-0.8370,9.6198,4.0000,17.0992,0.9506,0.8441,16.9561,6.7676,5.3350,0.0000,0.0000
Wkly_upswing,2024-06-24,CESC,Midcap,Power & Utilities,backtest,367,ok,2024-06-28,171.2000,149.6500,162.6000,-1.6096,7.8392,13.8257,33.6621,8.3939,10.9418,33.5350,64.0127,3.1875,0.5747,-5.0234,9.1369,5.0000,13.2534,0.6009,5.2890,12.5876,6.7676,5.3350,0.0000,0.0000
Wkly_upswing,2024-06-24,EMSLIMITED,Smallcap,Realty,backtest,368,ok,2024-06-28,675.0000,546.0000,642.9500,0.4139,15.5346,35.6578,59.7788,19.3693,32.9175,48.2928,75.3230,4.9221,0.7430,-4.7481,8.6493,7.0000,20.0638,0.7516,4.9848,19.1111,6.7676,5.3350,0.0000,0.0000
Wkly_upswing,2024-06-24,IDEA,Largecap,Telecom-Service,backtest,369,ok,2024-06-28,19.1800,16.8600,17.8900,-3.4017,4.3757,22.5342,35.0189,9.1852,22.1994,30.1848,64.5887,4.2442,1.7318,-6.7258,9.9915,7.0000,12.9681,0.4440,7.2107,12.0959,6.7676,5.3350,0.0000,0.0000
Wkly_upswing,2024-06-24,KAVDEFENCE,Smallcap,Aerospace & Defence,backtest,370,ok,2024-06-28,21.5600,19.9400,21.5600,1.9868,10.2813,42.3102,85.8621,22.7860,29.3372,60.1706,78.8266,2.4682,0.2231,0.0000,5.6926,10.0000,7.5139,1.0000,0.0000,7.5139,6.7676,5.3350,0.0000,0.0000
Wkly_upswing,2024-06-24,LGBBROSLTD,Midcap,Auto,backtest,371,ok,2024-06-28,1479.9500,1250.0000,1429.2000,0.3159,13.2398,16.4033,12.4557,13.4445,12.1576,19.4506,77.0150,3.0404,2.4330,-3.4292,8.0438,6.0000,16.0894,0.7793,3.5509,15.5377,6.7676,5.3350,0.0000,0.0000
Wkly_upswing,2024-06-24,MGL,Midcap,Energy,backtest,372,ok,2024-06-28,1628.0000,1459.5000,1596.9000,6.2192,7.3582,24.6702,17.0705,11.3020,14.9042,26.3844,73.3995,3.1613,5.8300,-1.9103,9.0804,7.0000,10.5517,0.8154,1.9475,10.3501,6.7676,5.3350,0.0000,0.0000
Wkly_upswing,2024-06-24,NAUKRI,Largecap,I.T,backtest,373,ok,2024-06-28,1363.9900,1258.7500,1357.1700,0.7760,6.2830,17.9030,21.3493,8.3897,11.0855,30.8766,73.5644,2.4201,0.8496,-0.5000,9.3443,7.0000,7.7544,0.9352,0.5025,7.7156,6.7676,5.3350,0.0000,0.0000
Wkly_upswing,2024-06-24,ROSSELLIND,Smallcap,FMCG,backtest,374,ok,2024-06-28,600.8500,467.3500,568.4000,-0.4728,20.8077,26.7053,60.1352,18.2559,23.1313,24.4385,66.1896,6.2726,1.1100,-5.4007,8.1691,5.0000,23.4870,0.7569,5.7090,22.2185,6.7676,5.3350,0.0000,0.0000
Wkly_upswing,2024-06-24,SHILPAMED,Largecap,Healthcare,backtest,375,ok,2024-06-28,304.0000,278.0250,284.8000,1.3163,-1.8016,21.2818,23.6782,5.5470,8.5180,37.4104,58.5909,4.3972,0.3327,-6.3158,8.3894,5.0000,9.1204,0.2608,6.7416,8.5444,6.7676,5.3350,0.0000,0.0000
Wkly_upswing,2024-06-24,SOMANYCERA,Smallcap,Building Materials,backtest,376,ok,2024-06-28,872.6000,742.7000,832.4000,3.5645,12.0776,16.0220,44.1760,12.0323,20.2319,21.6685,71.2107,4.3321,1.4515,-4.6069,7.9867,5.0000,15.6055,0.6905,4.8294,14.8865,6.7676,5.3350,0.0000,0.0000
Wkly_upswing,2024-06-24,STYLAMIND,Midcap,Building Materials,backtest,377,ok,2024-06-28,2020.5500,1657.0500,1921.9000,-2.7477,13.4902,23.6704,23.0331,15.6870,17.1900,14.5755,71.6136,3.7309,0.8717,-4.8823,8.2517,7.0000,18.9136,0.7286,5.1329,17.9902,6.7676,5.3350,0.0000,0.0000
Wkly_upswing,2024-07-01,ALANKIT,Smallcap,I.T,backtest,378,ok,2024-07-05,26.4000,20.7000,25.2100,6.1027,22.0823,27.0025,44.8851,18.3902,26.1598,49.5552,73.7203,5.5222,4.0305,-4.5076,7.8034,6.0000,22.6101,0.7912,4.7204,21.5909,6.5835,5.7642,0.0000,0.0000
Wkly_upswing,2024-07-01,AMRUTANJAN,Smallcap,Healthcare,backtest,379,ok,2024-07-05,825.1500,746.2000,788.5500,-0.2593,5.2101,10.1711,20.9618,3.9090,7.0374,22.0856,63.9800,3.0879,0.6786,-4.4356,7.6633,4.0000,10.0120,0.5364,4.6414,9.5680,6.5835,5.7642,0.0000,0.0000
Wkly_upswing,2024-07-01,AWHCL,Smallcap,Miscellaneous,backtest,380,ok,2024-07-05,612.0000,515.3000,582.4500,8.6660,13.8821,32.0150,14.0717,19.2830,21.6799,25.2449,78.7898,4.1401,7.8679,-4.8284,8.4430,6.0000,16.6023,0.6944,5.0734,15.8007,6.5835,5.7642,0.0000,0.0000
Wkly_upswing,2024-07-01,CASTROLIND,Midcap,Chemicals,backtest,381,ok,2024-07-05,260.0000,202.0100,254.0200,1.1025,26.6238,35.0811,21.4535,19.6754,25.8771,42.7055,78.3833,4.3014,2.4556,-2.3000,9.5460,5.0000,22.8289,0.8969,2.3541,22.3038,6.5835,5.7642,0.0000,0.0000
Wkly_upswing,2024-07-01,CONCORDBIO,Midcap,Healthcare,backtest,382,ok,2024-07-05,1745.0000,1513.8000,1683.7000,-1.9337,8.6924,14.7716,9.5909,9.3926,10.4445,21.4319,65.9224,3.8839,1.5039,-3.5129,8.0886,5.0000,13.7317,0.7349,3.6408,13.2493,6.5835,5.7642,0.0000,0.0000
Wkly_upswing,2024-07-01,EPIGRAL,Smallcap,Chemicals,backtest,383,ok,2024-07-05,1584.0000,1341.0000,1532.0500,-1.1931,15.6395,20.6054,13.4516,10.2032,16.1711,38.9266,67.6175,4.2163,0.5835,-3.2797,8.2799,5.0000,15.8611,0.7862,3.3909,15.3409,6.5835,5.7642,1.0000,0.0000
Wkly_upswing,2024-07-01,FDC,Midcap,Healthcare,backtest,384,ok,2024-07-05,521.6500,464.3500,515.3000,1.5770,11.5247,18.3373,13.9666,10.5207,12.2501,22.0952,78.3007,2.8153,1.6685,-1.2173,8.2421,6.0000,11.1197,0.8892,1.2323,10.9844,6.5835,5.7642,0.0000,0.0000
Wkly_upswing,2024-07-01,LAURUSLABS,Largecap,Healthcare,backtest,385,ok,2024-07-05,481.4500,425.1000,477.1500,4.9950,12.3896,11.2497,8.6160,9.3421,9.2819,16.9733,72.7430,2.3652,6.8979,-0.8931,8.9688,6.0000,11.8097,0.9237,0.9012,11.7042,6.5835,5.7642,0.0000,0.0000
Wkly_upswing,2024-07-01,MARKSANS,Midcap,Healthcare,backtest,386,ok,2024-07-05,189.2500,160.0000,187.9900,13.2197,18.2030,23.6370,16.7640,15.8237,16.2673,27.8066,74.9884,3.1381,15.5854,-0.6658,8.5192,4.0000,15.5593,0.9569,0.6702,15.4557,6.5835,5.7642,0.0000,0.0000
Wkly_upswing,2024-07-01,MMFL,Smallcap,"Castings, Forgings & Fasteners",backtest,387,ok,2024-07-05,676.0000,617.0750,635.5000,-1.6520,2.6863,8.4240,44.8928,3.2062,7.5529,29.4409,59.4504,3.3936,0.5040,-5.9911,8.0547,5.0000,9.2722,0.3127,6.3729,8.7167,6.5835,5.7642,0.0000,0.0000
Wkly_upswing,2024-07-01,RECLTD,Largecap,Financials,backtest,388,ok,2024-07-05,587.0500,526.2500,580.4500,0.8338,10.4777,18.4350,23.0810,9.8598,10.6544,36.8573,64.0666,3.0795,0.7159,-4.4998,9.9802,8.0000,10.4746,0.8914,1.1370,10.3569,6.5835,5.7642,0.0000,0.0000
Wkly_upswing,2024-07-01,SOLARA,Smallcap,Healthcare,backtest,389,ok,2024-07-05,597.3500,552.2000,580.3000,3.6342,6.4966,36.6376,39.9156,20.0306,21.2787,43.8259,72.3449,4.9266,0.6641,-4.3041,8.2612,8.0000,7.7805,0.6224,2.9381,7.5584,6.5835,5.7642,0.0000,0.0000
Wkly_upswing,2024-07-01,SOTL,Smallcap,Energy,backtest,390,ok,2024-07-05,654.9000,548.2500,642.1500,2.3347,15.1632,30.4653,31.0377,17.0621,19.4102,53.2319,74.4610,4.2274,2.5162,-1.9469,8.2416,8.0000,16.6083,0.8805,1.9855,16.2849,6.5835,5.7642,0.0000,0.0000
Wkly_upswing,2024-07-01,SUNFLAG,Midcap,Metals & Mining,backtest,391,ok,2024-07-05,268.0000,213.0100,260.8400,3.4259,22.4773,26.0097,26.7136,18.6883,21.6686,26.8457,79.0021,4.2054,2.1559,-2.6716,8.4466,6.0000,21.0819,0.8698,2.7450,20.5187,6.5835,5.7642,0.0000,0.0000
Wkly_upswing,2024-07-01,WALCHANNAG,Smallcap,Industrials,backtest,392,ok,2024-07-05,300.3200,239.3500,300.3200,4.9997,27.6220,50.7252,32.3870,25.2012,34.3269,54.2711,78.2932,3.8404,5.3923,0.0000,8.0170,6.0000,20.3017,1.0000,0.0000,20.3017,6.5835,5.7642,0.0000,0.0000
Wkly_upswing,2024-07-08,ARTEMISMED,Midcap,Healthcare,backtest,393,ok,2024-07-12,224.6000,182.4100,216.6700,-0.7467,18.1793,19.1870,19.6741,17.7087,19.1276,25.7440,80.7051,3.6369,2.0286,-3.5307,7.8732,6.0000,19.4720,0.8120,3.6599,18.7845,4.7150,5.6888,0.0000,0.0000
Wkly_upswing,2024-07-08,BIGBLOC,Smallcap,Building Materials,backtest,394,ok,2024-07-12,144.8500,124.0050,139.8200,-1.0159,10.2116,18.8390,31.2864,14.7936,16.2156,40.7132,72.0445,4.3753,1.7901,-3.4726,7.9052,6.0000,14.9085,0.7587,3.5975,14.3908,4.7150,5.6888,1.0000,0.0000
Wkly_upswing,2024-07-08,DRREDDY,Largecap,Healthcare,backtest,395,ok,2024-07-12,1349.0000,1286.1899,1343.8900,1.8909,3.0591,10.2299,11.7887,6.6329,10.1958,13.6413,80.1106,2.0114,1.1095,-0.3788,9.5285,9.0000,4.6737,0.9186,0.3802,4.6560,4.7150,5.6888,0.0000,0.0000
Wkly_upswing,2024-07-08,INOXWIND,Midcap,Industrials,backtest,396,ok,2024-07-12,175.0000,153.0000,171.7500,8.6338,8.1549,17.3877,26.7411,15.6725,15.9344,51.1393,72.9105,4.5577,4.2504,-2.9661,9.3065,7.0000,12.8093,0.8523,1.8923,12.5714,4.7150,5.6888,0.0000,0.0000
Wkly_upswing,2024-07-08,INSPIRISYS,Smallcap,I.T,backtest,397,ok,2024-07-12,137.9000,117.0000,134.1700,1.0697,13.7612,47.8783,4.9023,20.6771,25.6735,37.6513,84.8069,4.9473,2.9375,-2.7049,6.3211,9.0000,15.5772,0.8215,2.7801,15.1559,4.7150,5.6888,0.0000,0.0000
Wkly_upswing,2024-07-08,JUBLINGREA,Midcap,Chemicals,backtest,398,ok,2024-07-12,614.4000,527.4000,598.8500,-0.0167,11.6528,16.1575,10.0119,10.4136,13.8381,24.0285,67.8026,4.0727,0.9262,-2.5309,8.7825,5.0000,14.5278,0.8213,2.5967,14.1602,4.7150,5.6888,0.0000,0.0000
Wkly_upswing,2024-07-08,PCJEWELLER,Midcap,Consumer Discretionary,backtest,399,ok,2024-07-12,7.0900,5.5100,6.9690,0.7081,36.4865,27.0788,30.7505,25.3023,33.3315,49.9603,83.8110,4.1367,2.3674,-1.7066,8.4175,7.0000,22.6718,0.9234,1.7363,22.2849,4.7150,5.6888,0.0000,0.0000
Wkly_upswing,2024-07-08,SBILIFE,Largecap,Financials,backtest,400,ok,2024-07-12,1570.0000,1508.2500,1562.8500,0.2598,2.1871,7.7902,6.5410,4.5953,7.5356,9.3363,70.0066,1.9538,0.4829,-0.4554,9.2144,7.0000,3.9511,0.8842,0.4575,3.9331,4.7150,5.6888,1.0000,0.0000
Wkly_upswing,2024-07-08,TEGA,Midcap,Industrials,backtest,401,ok,2024-07-12,1917.8500,1691.0000,1784.6500,-0.5988,1.9392,8.1901,32.0300,5.9959,11.8248,44.1971,61.9232,4.2647,0.3954,-6.9453,8.1724,3.0000,12.7112,0.4128,7.4636,11.8283,4.7150,5.6888,0.0000,0.0000
Wkly_upswing,2024-07-15,GEOJITFSL,Smallcap,Financials,backtest,402,ok,2024-07-19,125.5000,107.4800,111.5500,-4.2078,6.3191,3.2297,34.4786,5.6100,8.1689,38.8756,57.1948,5.1777,0.6847,-11.1155,8.4707,5.0000,16.1542,0.2259,12.5056,14.3586,4.0900,5.0280,1.0000,0.0000
Wkly_upswing,2024-07-15,JUSTDIAL,Midcap,I.T,backtest,403,ok,2024-07-19,1304.6000,997.0000,1252.4500,0.8333,26.4654,22.7591,14.4574,19.8459,24.4864,44.0190,76.2861,4.2009,6.6729,-3.9974,9.1797,5.0000,24.5599,0.8305,4.1638,23.5781,4.0900,5.0280,1.0000,0.0000
Wkly_upswing,2024-07-15,MANOMAY,Smallcap,Textiles,backtest,404,ok,2024-07-19,255.4600,192.3500,231.2000,-5.2537,21.9474,25.5430,12.0970,19.8993,23.2472,37.5661,72.1749,5.4050,1.2282,-9.4966,7.2019,6.0000,27.2967,0.6156,10.4931,24.7045,4.0900,5.0280,0.0000,0.0000
Wkly_upswing,2024-07-15,MINDTECK,Smallcap,I.T,backtest,405,ok,2024-07-19,328.8000,281.0400,284.2400,-4.3350,1.3406,19.2282,15.8083,7.2102,15.7005,45.1914,58.4660,7.6756,0.6722,-13.5523,8.0046,4.0000,16.8027,0.0670,15.6769,14.5255,4.0900,5.0280,1.0000,0.0000
Wkly_upswing,2024-07-15,PETRONET,Largecap,Energy,backtest,406,ok,2024-07-19,355.7500,338.2500,342.9000,-1.1958,0.3659,9.1343,15.0864,2.6985,8.2000,29.7866,59.8669,2.4039,0.6933,-3.6121,9.2063,4.0000,5.1035,0.2657,3.7475,4.9192,4.0900,5.0280,2.0000,0.0000
Wkly_upswing,2024-07-15,QUICKHEAL,Smallcap,I.T,backtest,407,ok,2024-07-19,633.3000,520.4000,614.5500,1.0441,20.8555,13.0935,27.4075,16.0590,26.5939,41.7770,72.7736,5.3489,3.7439,-2.9607,8.3031,6.0000,18.3712,0.8339,3.0510,17.8272,4.0900,5.0280,0.0000,0.0000
Wkly_upswing,2024-07-15,SBIN,Largecap,Bank,backtest,408,ok,2024-07-19,899.0000,859.7000,889.3500,-0.4700,3.8111,5.4044,16.0880,4.1116,6.0981,25.5616,64.5242,1.7846,0.8596,-2.4836,10.1611,6.0000,4.4190,0.7545,1.0851,4.3715,4.0900,5.0280,1.0000,0.0000
Wkly_upswing,2024-07-15,VSTIND,Smallcap,FMCG,backtest,409,ok,2024-07-19,440.8864,373.7273,415.7364,10.7275,10.9329,12.3708,15.3702,11.2766,11.9743,24.7152,73.4937,3.3147,48.9655,-5.7044,8.3307,5.0000,16.1542,0.6255,6.0495,15.2327,4.0900,5.0280,1.0000,0.0000
Wkly_upswing,2024-07-22,ARVSMART,Smallcap,Realty,backtest,410,ok,2024-07-26,826.0000,651.2000,802.8000,1.8911,15.1133,13.7755,9.3807,12.3041,16.9568,45.2040,69.9294,4.4447,2.6379,-2.8087,7.9486,5.0000,21.7738,0.8673,2.8899,21.1622,3.2870,5.2474,0.0000,0.0000
Wkly_upswing,2024-07-22,ASALCBR,Smallcap,FMCG,backtest,411,ok,2024-07-26,818.0000,651.7000,799.5000,4.9144,22.6133,19.9550,44.9683,15.6797,23.1284,50.5438,74.2645,4.5287,1.3202,-2.2616,7.9610,6.0000,20.8005,0.8888,2.3139,20.3301,3.2870,5.2474,0.0000,0.0000
Wkly_upswing,2024-07-22,ELECTCAST,Smallcap,"Castings, Forgings & Fasteners",backtest,412,ok,2024-07-26,217.8000,184.0000,210.5500,-0.2275,4.8451,21.0475,9.7472,9.0777,18.1718,41.2855,64.3825,5.7672,0.6314,-3.3287,8.8998,6.0000,16.0532,0.7855,3.4434,15.5188,3.2870,5.2474,0.0000,0.0000
Wkly_upswing,2024-07-22,FORTIS,Largecap,Healthcare,backtest,413,ok,2024-07-26,532.2500,475.0000,509.8000,1.2714,5.8995,6.5858,15.0660,6.6248,7.9641,21.9299,65.9668,3.3529,1.8978,-4.2179,9.0313,6.0000,11.2299,0.6079,4.4037,10.7562,3.2870,5.2474,0.0000,0.0000
Wkly_upswing,2024-07-22,HDFCLIFE,Largecap,Financials,backtest,414,ok,2024-07-26,709.8000,623.2500,703.3500,2.9569,10.6070,18.5588,22.3005,11.1981,18.0638,14.5767,83.0214,2.5500,1.6184,-1.0203,9.5652,9.0000,12.3054,0.9255,0.9170,12.1936,3.2870,5.2474,0.0000,0.0000
Wkly_upswing,2024-07-22,INDBANK,Smallcap,Financials,backtest,415,ok,2024-07-26,58.1000,47.2600,56.4800,3.6520,16.0230,9.7125,8.9296,11.5522,14.1933,28.9763,67.4697,5.2079,4.9288,-6.8755,7.4525,5.0000,19.1926,0.8506,2.8683,18.6575,3.2870,5.2474,0.0000,0.0000
Wkly_upswing,2024-07-22,KARURVYSYA,Largecap,Bank,backtest,416,ok,2024-07-26,191.1167,169.4167,185.4333,3.0233,5.8963,11.0878,13.4149,8.3563,9.5184,24.6404,68.2701,3.5881,3.8244,-2.9738,8.7465,9.0000,11.7023,0.7381,3.0649,11.3543,3.2870,5.2474,0.0000,0.0000
Wkly_upswing,2024-07-22,NEWGEN,Midcap,I.T,backtest,417,ok,2024-07-26,1156.9500,986.6000,1077.6500,1.6315,7.2983,11.6389,24.3753,6.9124,12.0125,36.4323,63.0718,4.9900,0.4340,-6.8542,8.4559,7.0000,15.8075,0.5345,7.3586,14.7241,3.2870,5.2474,0.0000,0.0000
Wkly_upswing,2024-07-22,NTPC,Largecap,Power & Utilities,backtest,418,ok,2024-07-26,399.5000,361.5500,396.3000,1.0583,8.6796,5.0776,9.1736,4.5708,7.0442,23.4411,63.4814,2.8288,0.9614,-0.8010,9.8696,6.0000,9.5761,0.9157,0.8075,9.4994,3.2870,5.2474,0.0000,0.0000
Wkly_upswing,2024-07-22,PANSARI,Smallcap,Realty,backtest,419,ok,2024-07-26,140.4900,97.6000,140.4900,9.9984,33.1028,41.4946,51.7990,30.0888,42.1630,52.5199,87.4757,4.2362,1.4181,-7.5724,6.1110,6.0000,30.5289,1.0000,0.0000,30.5289,3.2870,5.2474,0.0000,0.0000
Wkly_upswing,2024-07-22,PIGL,Smallcap,Industrials,backtest,420,ok,2024-07-26,100.1800,80.0000,100.1800,4.9995,27.6016,29.6661,37.4211,26.9355,29.4590,60.1460,83.5665,2.4542,0.5805,0.0000,6.4459,8.0000,20.1437,1.0000,0.0000,20.1437,3.2870,5.2474,0.0000,0.0000
Wkly_upswing,2024-07-22,QUESS,Midcap,Miscellaneous,backtest,421,ok,2024-07-26,729.9000,592.0500,711.1500,-0.1474,18.7824,17.8279,12.0539,11.6020,15.5890,32.8185,74.5570,3.6621,2.4418,-2.5688,8.5783,6.0000,19.3841,0.8640,2.6366,18.8862,3.2870,5.2474,1.0000,0.0000
Wkly_upswing,2024-07-22,SIKKO,Smallcap,Chemicals,backtest,422,ok,2024-07-26,5.6052,4.8116,5.6052,4.9949,10.2784,20.6731,50.7651,16.3011,20.0219,41.3179,75.1266,4.7585,2.5812,-3.9831,6.7919,7.0000,14.1571,1.0000,0.0000,14.1571,3.2870,5.2474,0.0000,0.0000
Wkly_upswing,2024-07-22,STAR,Midcap,Healthcare,backtest,423,ok,2024-07-26,1032.0000,933.0000,1021.6000,3.2754,7.2321,8.5192,16.5212,7.3594,11.1242,38.9766,68.6589,3.2418,1.7037,-1.0078,8.4002,5.0000,9.6907,0.8949,1.0180,9.5930,3.2870,5.2474,1.0000,0.0000
Wkly_upswing,2024-07-29,ADANIPORTS,Largecap,Transportation,backtest,424,ok,2024-08-02,1604.9500,1536.0000,1588.0000,-0.1352,2.9331,5.6097,23.3254,5.1598,8.4406,31.0678,69.4348,2.3426,1.5284,-2.0599,9.6431,6.0000,4.3419,0.7542,1.0674,4.2961,1.7099,3.6809,0.0000,0.0000
Wkly_upswing,2024-07-29,ANTELOPUS,Smallcap,Energy,backtest,425,ok,2024-08-02,1045.0000,750.1000,977.4500,6.5921,26.6783,35.2966,38.0384,26.6385,38.2907,75.5536,77.4907,5.8574,14.5866,-6.4641,8.6171,8.0000,30.1703,0.7709,6.9108,28.2201,1.7099,3.6809,2.0000,0.0000
Wkly_upswing,2024-07-29,ESTER,Smallcap,Industrials,backtest,426,ok,2024-08-02,161.1000,113.9500,143.9500,-4.4284,24.3306,17.7891,18.5261,19.3323,22.5647,41.0596,69.7238,6.7886,0.4007,-10.6456,8.0939,7.0000,32.7544,0.6363,11.9139,29.2675,1.7099,3.6809,0.0000,0.0000
Wkly_upswing,2024-07-29,GHCL,Smallcap,Chemicals,backtest,427,ok,2024-08-02,662.0000,538.0000,628.4500,11.5856,15.8860,11.2990,28.3468,13.4238,16.6061,16.6223,72.5343,4.2321,25.3612,-5.0680,8.6709,7.0000,19.7311,0.7294,5.3385,18.7311,1.7099,3.6809,0.0000,0.0000
Wkly_upswing,2024-07-29,IEX,Midcap,Financials,backtest,428,ok,2024-08-02,197.8000,178.0500,195.3200,2.5679,10.5627,6.3603,31.3517,8.5527,11.9914,28.2304,68.4929,3.6420,2.5703,-1.2538,9.4167,8.0000,10.1116,0.8744,1.2697,9.9848,1.7099,3.6809,0.0000,0.0000
Wkly_upswing,2024-07-29,JINDALSAW,Midcap,Industrials,backtest,429,ok,2024-08-02,332.0000,290.5000,325.2000,0.4867,12.3801,17.6343,14.5171,12.3962,15.9896,31.6270,77.1014,4.0074,1.1332,-2.0482,9.0215,8.0000,12.7614,0.8361,2.0910,12.5000,1.7099,3.6809,0.0000,0.0000
Wkly_upswing,2024-07-29,KFINTECH,Midcap,Financials,backtest,430,ok,2024-08-02,898.0000,785.5500,858.0500,-3.0288,10.7519,14.8354,12.5164,10.5040,15.8974,38.0262,68.7515,4.5660,0.7886,-4.4488,8.8740,8.0000,13.1053,0.6447,4.6559,12.5223,1.7099,3.6809,0.0000,0.0000
Wkly_upswing,2024-07-29,KNRCON,Smallcap,Realty,backtest,431,ok,2024-08-02,415.4000,368.6000,388.4000,-0.9184,5.7158,7.9939,56.1721,4.5892,10.2200,34.9596,58.6427,4.9167,0.5179,-6.4998,9.0181,4.0000,12.0494,0.4231,6.9516,11.2662,1.7099,3.6809,1.0000,0.0000
Wkly_upswing,2024-07-29,KOKUYOCMLN,Smallcap,Miscellaneous,backtest,432,ok,2024-08-02,193.8800,155.5000,186.7300,1.6826,19.8985,20.0450,12.9301,16.5605,22.2018,30.2192,82.4699,3.7560,3.9132,-3.6879,7.7380,9.0000,20.5537,0.8137,3.8291,19.7958,1.7099,3.6809,0.0000,0.0000
Wkly_upswing,2024-07-29,MCX,Largecap,Financials,backtest,433,ok,2024-08-02,880.0000,825.0000,866.0800,-1.1448,4.5990,10.0008,10.6755,7.8241,12.0268,26.6297,65.2715,4.2227,0.7036,-1.5818,9.4930,6.0000,6.3505,0.7469,1.6072,6.2500,1.7099,3.6809,0.0000,0.0000
Wkly_upswing,2024-07-29,PRICOLLTD,Midcap,Auto,backtest,434,ok,2024-08-02,542.5000,495.7000,517.2000,1.2232,4.1272,5.4972,20.0975,4.2185,8.4588,27.9933,69.2247,3.1309,1.0043,-4.6636,8.4076,8.0000,9.0487,0.4594,4.8917,8.6267,1.7099,3.6809,2.0000,0.0000
Wkly_upswing,2024-07-29,SAPPHIRE,Midcap,Consumer Discretionary,backtest,435,ok,2024-08-02,363.4400,310.8200,335.6300,-1.0204,7.8641,5.5407,18.7861,6.1791,9.4866,15.6952,67.1853,3.5892,0.5487,-7.6519,8.4420,7.0000,15.6780,0.4715,8.2859,14.4783,1.7099,3.6809,0.0000,0.0000
Wkly_upswing,2024-07-29,SJS,Midcap,Auto,backtest,436,ok,2024-08-02,1020.0000,827.5000,991.0500,16.2590,19.3461,15.3524,60.8586,19.4230,24.7749,48.2688,76.0497,4.5169,30.1236,-2.8382,8.3704,8.0000,19.4238,0.8496,2.9211,18.8725,1.7099,3.6809,1.0000,0.0000
Wkly_upswing,2024-07-29,TTKHLTCARE,Smallcap,Miscellaneous,backtest,437,ok,2024-08-02,1805.9000,1518.2000,1636.2000,1.6557,7.5634,12.8569,11.4008,10.3572,11.2208,13.9693,84.4316,3.2964,8.1148,-9.3970,7.6618,10.0000,17.5834,0.4101,10.3716,15.9311,1.7099,3.6809,0.0000,0.0000
Wkly_upswing,2024-07-29,ZOTA,Smallcap,Healthcare,backtest,438,ok,2024-08-02,715.0000,572.0000,690.7500,7.9887,19.8075,14.3058,45.8047,17.4940,24.2443,40.3305,78.7575,3.9036,12.5789,-3.3916,7.7336,6.0000,20.7021,0.8304,3.5107,20.0000,1.7099,3.6809,1.0000,0.0000
Wkly_upswing,2024-08-05,AIRAN,Smallcap,I.T,backtest,439,ok,2024-08-09,38.9900,26.5600,37.8100,13.2714,28.6930,18.3782,50.9381,24.1463,27.2944,40.3323,73.2444,6.0320,7.0379,-3.0264,7.5561,5.0000,32.8749,0.9051,3.1209,31.8800,0.2120,1.6678,0.0000,0.0000
Wkly_upswing,2024-08-05,FMGOETZE,Smallcap,Auto,backtest,440,ok,2024-08-09,482.0000,408.7000,468.9500,3.4411,8.3025,8.2400,27.2419,8.9074,10.0150,23.9494,67.2737,3.8795,3.5321,-2.7075,7.8690,4.0000,15.6307,0.8220,2.7828,15.2075,0.2120,1.6678,0.0000,0.0000
Wkly_upswing,2024-08-05,IMAGICAA,Smallcap,Media,backtest,441,ok,2024-08-09,96.3000,76.2500,94.8400,7.0791,15.0273,25.2509,16.5827,19.0777,21.1929,33.2250,74.6019,5.3541,6.1453,-1.5161,8.5366,8.0000,21.1409,0.9272,1.5394,20.8204,0.2120,1.6678,0.0000,0.0000
Wkly_upswing,2024-08-05,NORBTEAEXP,Smallcap,FMCG,backtest,442,ok,2024-08-09,15.1300,11.5100,15.1300,9.9564,19.6047,19.6047,17.7432,18.0187,20.1309,23.5616,73.9616,6.1939,16.2800,-5.1411,5.4258,5.0000,23.9260,1.0000,0.0000,23.9260,0.2120,1.6678,0.0000,0.0000
Wkly_upswing,2024-08-05,SYMPHONY,Smallcap,Consumer Discretionary,backtest,443,ok,2024-08-09,1748.7500,1205.0000,1658.4500,0.1328,33.5844,47.0779,66.7035,33.1960,38.9122,69.2180,84.7997,4.8550,1.1046,-5.1637,8.9730,8.0000,32.7866,0.8339,5.4448,31.0936,0.2120,1.6678,0.0000,0.0000
Wkly_upswing,2024-08-12,AAREYDRUGS,Smallcap,Healthcare,backtest,444,ok,2024-08-16,63.6600,52.0000,63.5200,9.7443,20.6458,22.5072,27.2946,23.0900,28.7268,30.0568,81.6044,4.9478,4.6086,-6.5882,6.9042,7.0000,18.3564,0.9880,0.2204,18.3161,-1.0471,1.7974,0.0000,0.0000
Wkly_upswing,2024-08-12,GULFOILLUB,Midcap,Chemicals,backtest,445,ok,2024-08-16,1388.0000,1225.0500,1342.9500,1.0193,14.1091,13.1954,42.8822,10.5584,15.9663,46.6194,64.4355,5.1060,0.4524,-3.2457,8.6073,7.0000,12.1337,0.7235,3.3546,11.7399,-1.0471,1.7974,0.0000,0.0000
Wkly_upswing,2024-08-12,JUBLFOOD,Largecap,Consumer Discretionary,backtest,446,ok,2024-08-16,656.0000,604.2000,645.0000,1.1844,8.0040,13.5863,34.5572,7.7321,12.5128,24.7261,66.9427,3.1323,0.3435,-1.6768,9.3005,6.0000,8.0310,0.7876,1.7054,7.8963,-1.0471,1.7974,0.0000,0.0000
Wkly_upswing,2024-08-12,SARDAEN,Midcap,Metals & Mining,backtest,447,ok,2024-08-16,338.9000,271.2000,337.1500,3.2777,18.7148,20.4408,25.5446,21.0979,31.3230,41.2949,75.6296,5.7418,2.7378,-0.5164,8.6799,6.0000,20.0801,0.9742,0.5191,19.9764,-1.0471,1.7974,0.0000,0.0000
Wkly_upswing,2024-08-12,STOVEKRAFT,Smallcap,Consumer Discretionary,backtest,448,ok,2024-08-16,744.9000,621.9500,730.7500,1.6201,19.6088,22.0357,46.2670,16.9106,21.9115,45.6288,75.6232,4.4641,0.9953,-1.8996,8.3213,8.0000,16.8252,0.8849,1.9364,16.5056,-1.0471,1.7974,0.0000,0.0000
Wkly_upswing,2024-08-12,SUBROS,Smallcap,Auto,backtest,449,ok,2024-08-16,758.5500,628.1000,742.0000,7.9351,15.6844,11.5873,17.0993,8.7179,10.0058,27.4784,61.7233,4.9341,5.9308,-4.4799,8.2180,6.0000,17.5809,0.8731,2.2305,17.1973,-1.0471,1.7974,0.0000,0.0000
Wkly_upswing,2024-08-12,UNIVASTU,Smallcap,Realty,backtest,450,ok,2024-08-16,79.4167,63.3333,76.0467,5.2840,27.6308,29.1773,6.9323,22.7186,21.6216,52.0057,79.4762,5.0909,13.8381,-4.2434,7.1104,6.0000,21.1493,0.7905,4.4315,20.2518,-1.0471,1.7974,0.0000,0.0000
Wkly_upswing,2024-08-19,BALPHARMA,Smallcap,Healthcare,backtest,451,ok,2024-08-23,147.0000,113.0000,141.5600,2.8181,23.7196,22.1925,41.0663,17.8042,18.6537,29.4320,73.8228,5.0488,8.0583,-3.7007,7.4247,8.0000,24.0181,0.8400,3.8429,23.1293,1.7088,2.2529,0.0000,0.0000
Wkly_upswing,2024-08-19,MAHAPEXLTD,Smallcap,Financials,backtest,452,ok,2024-08-23,218.3500,180.2200,197.4100,-0.7840,8.4909,21.1476,35.7236,14.6513,15.7884,33.0017,63.3479,7.1939,0.1595,-9.5901,7.4039,6.0000,19.3151,0.4508,10.6074,17.4628,1.7088,2.2529,0.0000,0.0000
Wkly_upswing,2024-08-19,ONIDA,Smallcap,Consumer Discretionary,backtest,453,ok,2024-08-23,32.0300,22.0500,32.0300,4.9820,39.3821,41.9769,54.7343,35.9738,45.1370,53.5909,80.4563,6.1728,5.0570,0.0000,7.9222,8.0000,31.1583,1.0000,0.0000,31.1583,1.7088,2.2529,0.0000,0.0000
Wkly_upswing,2024-08-19,TREJHARA,Smallcap,I.T,backtest,454,ok,2024-08-23,248.9000,187.1100,225.3400,-5.0000,15.4583,18.4566,32.4361,17.3988,20.6467,26.8892,68.6448,5.4749,2.2754,-9.4656,6.9184,7.0000,27.4208,0.6187,10.4553,24.8252,1.7088,2.2529,0.0000,0.0000
Wkly_upswing,2024-08-19,TRIVENI,Midcap,FMCG,backtest,455,ok,2024-08-23,482.0000,415.8000,450.8500,-0.4526,8.5732,11.2112,31.9818,9.1343,11.0709,25.4029,64.2118,4.5929,1.2456,-6.4627,8.7749,7.0000,14.6834,0.5295,6.9092,13.7344,1.7088,2.2529,0.0000,0.0000
Wkly_upswing,2024-08-19,UMIYA-MRO,Smallcap,Telecom,backtest,456,ok,2024-08-23,98.8600,88.0000,98.7300,9.8465,14.5227,26.8045,15.0699,15.7024,20.7252,33.3116,72.8903,5.7936,12.1591,-15.0344,6.6224,4.0000,10.9997,0.9880,0.1317,10.9852,1.7088,2.2529,1.0000,0.0000
Wkly_upswing,2024-08-26,GOODLUCK,Midcap,Metals & Mining,backtest,457,ok,2024-08-30,393.0000,298.3333,387.9500,1.0637,30.5643,28.1420,44.2015,23.1398,25.0118,24.7122,82.8482,3.7026,1.3423,-1.2850,8.3719,8.0000,24.4018,0.9467,1.3017,24.0882,0.8996,3.2549,0.0000,0.0000
Wkly_upswing,2024-08-26,HCLTECH,Largecap,I.T,backtest,458,ok,2024-08-30,1766.3000,1667.1000,1753.2500,0.0799,5.5253,6.8696,34.4981,6.2420,10.7994,16.9878,73.0161,2.0529,1.9536,-0.7388,9.6365,6.0000,5.6581,0.8684,0.7443,5.6163,0.8996,3.2549,0.0000,0.0000
Wkly_upswing,2024-08-26,INDOTHAI,Smallcap,Financials,backtest,459,ok,2024-08-30,43.8100,35.4400,42.1900,1.1144,20.9576,54.7689,44.9579,34.6611,44.1472,45.9276,82.8964,6.2219,1.8334,-3.6978,7.5720,10.0000,19.8388,0.8065,3.8398,19.1052,0.8996,3.2549,0.0000,0.0000
Wkly_upswing,2024-08-26,MAWANASUG,Smallcap,FMCG,backtest,460,ok,2024-08-30,137.0000,115.5500,129.8200,3.4010,8.6269,13.6579,37.9596,14.4969,10.4315,26.6135,68.8133,4.6763,7.0759,-5.2409,7.7709,7.0000,16.5229,0.6653,5.5307,15.6569,0.8996,3.2549,1.0000,0.0000
Wkly_upswing,2024-08-26,MODIRUBBER,Smallcap,Miscellaneous,backtest,461,ok,2024-08-30,130.4600,94.9600,130.4600,10.0000,36.7075,32.5005,46.5843,30.5396,31.1546,37.4478,83.7653,4.4146,4.9198,0.0000,6.1496,5.0000,27.2114,1.0000,0.0000,27.2114,0.8996,3.2549,1.0000,0.0000
Wkly_upswing,2024-08-26,PANSARI,Smallcap,Realty,backtest,462,ok,2024-08-30,138.4100,118.0100,132.8100,-1.7678,5.9936,5.0213,60.3985,6.0275,14.1187,35.5437,60.4721,4.9899,0.4736,-14.2497,5.5567,5.0000,15.3603,0.7255,4.2166,14.7388,0.8996,3.2549,1.0000,0.0000
Wkly_upswing,2024-08-26,UCAL,Smallcap,Auto,backtest,463,ok,2024-08-30,229.0000,165.2900,196.5900,0.3266,16.8648,18.3066,33.4623,13.9943,14.4017,23.0467,66.6867,5.4188,0.9638,-14.1528,7.6379,5.0000,32.4076,0.4913,16.4861,27.8210,0.8996,3.2549,0.0000,0.0000
Wkly_upswing,2024-08-26,VARDMNPOLY,Smallcap,Textiles,backtest,464,ok,2024-08-30,12.3500,9.4933,12.3500,4.9278,27.0229,27.5826,34.9727,24.0994,29.4620,53.9575,75.5598,5.2199,0.2597,0.0000,6.8953,8.0000,23.1315,1.0000,0.0000,23.1315,0.8996,3.2549,0.0000,0.0000
Wkly_upswing,2024-08-26,VIMTALABS,Smallcap,Healthcare,backtest,465,ok,2024-08-30,336.9500,269.5500,312.6500,-2.5405,16.3565,17.2401,41.3267,18.1238,20.0448,31.2848,73.9555,4.2734,1.1510,-7.2118,7.9594,8.0000,21.5577,0.6395,7.7723,20.0030,0.8996,3.2549,0.0000,0.0000
Wkly_upswing,2024-09-02,IPCALAB,Largecap,Healthcare,backtest,466,ok,2024-09-06,1460.0000,1375.0000,1422.9000,-1.4715,2.7624,4.5213,21.2320,2.5172,9.8692,17.2975,63.6166,2.4048,0.8253,-2.5411,8.8981,7.0000,5.9737,0.5635,2.6073,5.8219,3.0483,1.0597,0.0000,0.0000
Wkly_upswing,2024-09-02,NESCO,Midcap,Realty,backtest,467,ok,2024-09-06,1023.9000,927.0000,995.3000,4.0456,5.3116,13.4827,11.3685,6.7741,7.9396,14.0030,67.6367,2.8204,8.7201,-2.7932,8.0771,6.0000,9.7358,0.7049,2.8735,9.4638,3.0483,1.0597,0.0000,0.0000
Wkly_upswing,2024-09-02,UNIENTER,Smallcap,Services,backtest,468,ok,2024-09-06,195.5000,173.0000,185.7000,-3.7624,9.2289,14.9205,12.4296,9.7106,10.5906,19.2617,66.0819,3.7164,1.7495,-5.0128,6.9837,8.0000,12.1163,0.5644,5.2773,11.5090,3.0483,1.0597,0.0000,0.0000
Wkly_upswing,2024-09-02,VERANDA,Smallcap,Services,backtest,469,ok,2024-09-06,360.2500,298.0000,341.8500,-2.0768,14.7918,19.2777,120.3210,15.1543,19.8407,41.0125,72.5289,4.8235,1.3361,-5.1076,7.7650,8.0000,18.2097,0.7044,5.3825,17.2797,3.0483,1.0597,0.0000,0.0000
Wkly_upswing,2024-09-09,CANFINHOME,Midcap,Financials,backtest,470,ok,2024-09-13,951.7500,838.0000,931.2000,2.5156,6.9423,11.5811,7.4978,7.0594,9.0279,16.5065,68.8382,3.0598,4.7551,-2.1592,8.8391,6.0000,12.2154,0.8193,2.2068,11.9517,3.3224,2.6902,0.0000,0.0000
Wkly_upswing,2024-09-09,COFORGE,Largecap,I.T,backtest,471,ok,2024-09-13,1408.7900,1286.2300,1402.7500,1.9959,5.8735,15.4147,30.0010,9.8948,13.9372,19.9270,77.0579,2.7385,1.4940,-0.4287,9.4618,7.0000,8.7371,0.9507,0.4306,8.6997,3.3224,2.6902,0.0000,0.0000
Wkly_upswing,2024-09-09,COMPUSOFT,Smallcap,I.T,backtest,472,ok,2024-09-13,41.5000,31.9600,38.2200,-1.6722,12.9099,31.6116,30.9353,15.7375,22.7707,24.8744,69.2645,6.6140,0.4000,-12.3394,7.5468,5.0000,24.9608,0.6562,8.5819,22.9880,3.3224,2.6902,0.0000,0.0000
Wkly_upswing,2024-09-09,HIKAL,Smallcap,Healthcare,backtest,473,ok,2024-09-13,407.4500,351.0000,395.7500,-1.0130,14.0983,23.7492,31.0865,14.7185,15.3814,29.4423,73.9351,4.0159,0.7570,-2.8715,8.5005,6.0000,14.2641,0.7927,2.9564,13.8545,3.3224,2.6902,0.0000,0.0000
Wkly_upswing,2024-09-09,UNICHEMLAB,Smallcap,Healthcare,backtest,474,ok,2024-09-13,694.7000,564.2000,655.2500,1.4005,14.7850,16.0351,21.7711,12.2258,16.7007,26.4588,72.8483,4.0677,3.0705,-5.6787,7.6925,7.0000,19.9161,0.6977,6.0206,18.7851,3.3224,2.6902,0.0000,0.0000
Wkly_upswing,2024-09-16,BSE,Largecap,Financials,backtest,475,ok,2024-09-20,1350.0000,985.0000,1328.3167,7.3763,37.2843,45.3486,56.8199,31.6858,47.4216,56.7797,77.9326,5.3350,2.7869,-1.6062,9.9839,7.0000,27.4784,0.9406,1.6324,27.0370,3.8988,3.9711,0.0000,0.0000
Wkly_upswing,2024-09-16,VISACHROME,Smallcap,Metals & Mining,backtest,476,ok,2024-09-20,29.7600,26.9300,29.7600,0.0000,4.9735,47.4727,28.5529,14.6291,23.8926,39.0008,89.2296,2.1481,0.0000,0.0000,5.2542,2.0000,9.5094,1.0000,0.0000,9.5094,3.8988,3.9711,1.0000,0.0000
Wkly_upswing,2024-09-23,CLSEL,Smallcap,FMCG,backtest,477,ok,2024-09-27,308.2000,251.2100,293.9700,-0.9268,15.3140,26.9904,41.0063,18.1343,22.9243,28.0456,71.1291,4.9167,0.8188,-4.6171,8.2146,7.0000,19.3863,0.7503,4.8406,18.4912,3.7369,4.9043,0.0000,0.0000
Wkly_upswing,2024-09-23,IL&FSENGG,Smallcap,Realty,backtest,478,ok,2024-09-27,44.0100,40.5000,44.0100,1.9930,10.3284,19.2037,116.5846,14.3518,27.2068,34.8226,81.1208,1.8778,0.3074,-14.7919,6.5485,9.0000,7.9755,1.0000,0.0000,7.9755,3.7369,4.9043,0.0000,0.0000
Wkly_upswing,2024-09-23,SRHHYPOLTD,Smallcap,Chemicals,backtest,479,ok,2024-09-27,779.0000,601.0500,750.1000,-0.1265,29.3053,23.8811,31.6427,23.2845,24.8814,32.7154,81.0397,4.6803,1.8380,-3.7099,8.0889,6.0000,23.7235,0.8376,3.8528,22.8434,3.7369,4.9043,0.0000,0.0000
Wkly_upswing,2024-09-23,VAKRANGEE,Smallcap,I.T,backtest,480,ok,2024-09-27,33.3000,24.0000,31.5600,8.4536,26.3411,53.6514,39.3377,36.9019,43.1409,38.4687,84.0301,6.1945,4.4270,-5.2252,9.0254,6.0000,29.4677,0.8129,5.5133,27.9279,3.7369,4.9043,0.0000,0.0000
Wkly_upswing,2024-09-30,ASIANHOTNR,Smallcap,Services,backtest,481,ok,2024-10-04,227.8900,196.8700,227.8900,4.9991,27.6123,21.5802,46.2239,23.2844,22.6523,37.9274,77.7518,4.6780,32.5731,-4.6286,6.1817,8.0000,13.6118,1.0000,0.0000,13.6118,-0.5190,-0.0770,0.0000,0.0000
Wkly_upswing,2024-10-07,EMUDHRA,Midcap,I.T,backtest,482,ok,2024-10-11,971.0000,830.4500,952.5000,0.7723,8.5223,12.6552,7.4087,7.9926,13.1496,32.7280,74.1749,3.9839,1.2177,-1.9053,8.3274,7.0000,14.7559,0.8684,1.9423,14.4748,-1.6726,-0.3472,0.0000,0.0000
Wkly_upswing,2024-10-07,PAVNAIND,Smallcap,Auto,backtest,483,ok,2024-10-11,72.2500,49.5000,72.2500,19.9967,46.5815,67.8866,46.3291,45.0723,55.2965,44.0981,87.8538,6.2605,7.5979,0.0000,8.0638,6.0000,31.4879,1.0000,0.0000,31.4879,-1.6726,-0.3472,0.0000,0.0000
Wkly_upswing,2024-10-07,RCOM,Smallcap,Telecom-Service,backtest,484,ok,2024-10-11,2.5800,2.2300,2.5800,0.0000,15.1786,23.4450,50.8772,20.1117,20.6171,34.8420,81.0232,3.1008,0.0000,0.0000,6.9005,6.0000,13.5659,1.0000,0.0000,13.5659,-1.6726,-0.3472,0.0000,0.0000
Wkly_upswing,2024-10-07,SBCL,Midcap,Metals & Mining,backtest,485,ok,2024-10-11,729.8000,600.0000,694.9000,-2.7908,11.3087,20.8627,3.8249,11.5280,16.5140,21.3567,66.9953,4.7679,1.1416,-4.7821,8.2798,7.0000,18.6789,0.7311,5.0223,17.7857,-1.6726,-0.3472,0.0000,0.0000
Wkly_upswing,2024-10-07,SUNDROP,Smallcap,FMCG,backtest,486,ok,2024-10-11,998.0000,833.0500,951.1500,7.8401,10.8566,17.5856,9.0768,13.2965,12.7616,18.5966,71.0205,3.7470,14.5745,-12.7385,7.8344,7.0000,17.3422,0.7160,4.9256,16.5281,-1.6726,-0.3472,0.0000,0.0000
Wkly_upswing,2024-10-14,GUFICBIO,Smallcap,Healthcare,backtest,487,ok,2024-10-18,448.0000,401.2000,435.0000,2.4856,6.6830,8.6278,23.0378,9.4629,11.3361,26.1752,65.7454,4.1683,1.3247,-2.9018,7.6992,7.0000,10.7586,0.7222,2.9885,10.4464,-2.2102,-0.9994,0.0000,0.0000
Wkly_upswing,2024-10-14,PRECAM,Smallcap,Auto,backtest,488,ok,2024-10-18,331.7000,235.2100,307.9300,0.1268,29.4966,25.4093,73.6970,23.7574,27.5548,41.0324,72.3914,6.5040,1.5816,-7.1661,8.4948,8.0000,31.3350,0.7537,7.7193,29.0895,-2.2102,-0.9994,0.0000,0.0000
Wkly_upswing,2024-10-14,SUPREMEINF,Smallcap,Realty,backtest,489,ok,2024-10-18,124.7500,115.2700,124.7500,1.9949,10.3885,39.6195,44.5539,16.4647,40.2451,51.0875,88.0363,1.8872,0.8577,0.0000,7.2284,8.0000,7.5992,1.0000,0.0000,7.5992,-2.2102,-0.9994,0.0000,0.0000
Wkly_upswing,2024-10-21,MFSL,Largecap,Financials,backtest,490,ok,2024-10-25,1306.4500,1164.1500,1274.8500,-1.0056,6.5349,6.6463,14.6448,6.6693,11.3767,24.3952,66.9317,3.3755,1.7075,-2.4188,9.1726,5.0000,11.1621,0.7779,2.4787,10.8921,-7.7634,-3.7697,0.0000,0.0000
Wkly_upswing,2024-10-28,BSL,Smallcap,Textiles,backtest,491,ok,2024-11-01,267.0000,207.1100,262.9300,8.9323,25.1571,22.7956,19.5082,18.4719,19.0769,31.5070,72.0780,5.3021,3.2558,-1.5243,7.0618,6.0000,22.7779,0.9320,1.5479,22.4307,-2.8393,-3.1440,0.0000,0.0000
Wkly_upswing,2024-11-04,ECLERX,Midcap,I.T,backtest,492,ok,2024-11-08,1715.0000,1450.5000,1620.1250,-1.6721,9.4014,4.8438,34.8896,8.7369,10.7507,26.1813,65.3881,4.3528,0.8308,-5.5321,8.7160,7.0000,16.3259,0.6413,5.8560,15.4227,-3.2689,-3.4573,0.0000,0.0000
Wkly_upswing,2024-11-04,ELGIRUBCO,Smallcap,FMCG,backtest,493,ok,2024-11-08,139.9500,104.3800,129.4800,-2.6832,28.3505,33.0456,38.6592,24.4210,26.6021,68.6990,73.9323,8.4977,0.7082,-7.4812,7.3639,7.0000,27.4714,0.7057,8.0862,25.4162,-3.2689,-3.4573,0.0000,0.0000
Wkly_upswing,2024-11-04,TCI,Midcap,Transportation,backtest,494,ok,2024-11-08,1244.4000,1071.0500,1183.0500,-3.0803,9.2382,14.0015,16.1561,8.5972,9.0649,24.5945,64.0444,4.8528,0.2284,-4.9301,8.0791,7.0000,14.6528,0.6461,5.1857,13.9304,-3.2689,-3.4573,0.0000,0.0000
Wkly_upswing,2024-11-04,VIJIFIN,Smallcap,Financials,backtest,495,ok,2024-11-08,3.6000,2.9000,3.5900,4.6647,26.4085,40.7843,79.5000,25.5903,30.4506,40.9908,78.9298,5.1930,3.7207,-0.2778,6.0768,8.0000,19.4986,0.9857,0.2786,19.4444,-3.2689,-3.4573,0.0000,0.0000
Wkly_upswing,2024-11-04,VIMTALABS,Smallcap,Healthcare,backtest,496,ok,2024-11-08,347.0250,276.7750,347.0250,19.9948,21.1679,24.3483,40.4107,22.6589,20.0457,34.8393,77.9838,4.1928,34.5056,-0.8217,7.7022,6.0000,20.2435,1.0000,0.0000,20.2435,-3.2689,-3.4573,1.0000,0.0000
Wkly_upswing,2024-11-18,JPOLYINVST,Smallcap,Financials,backtest,497,ok,2024-11-22,1135.0000,803.0000,1016.6000,-0.9886,31.4201,28.4397,18.3194,25.8398,26.7651,31.6902,74.3776,7.4060,1.8275,-10.4317,7.9311,7.0000,32.6579,0.6434,11.6467,29.2511,-2.1618,-3.5241,0.0000,0.0000
Wkly_upswing,2024-11-25,ASTERDM,Largecap,Healthcare,backtest,498,ok,2024-11-29,510.0000,432.5500,499.9500,2.3020,15.6489,14.2221,24.8938,12.4380,16.0330,23.6614,78.7520,2.8446,2.9566,-10.4032,8.8561,7.0000,15.4916,0.8702,2.0102,15.1863,-0.8617,-2.1684,0.0000,0.0000
Wkly_upswing,2024-11-25,CAPACITE,Smallcap,Realty,backtest,499,ok,2024-11-29,437.0000,372.0000,433.3000,2.1813,20.1275,10.7193,17.0132,14.9261,14.6239,33.9709,71.7699,4.0099,1.0665,-0.8467,8.6288,8.0000,15.0012,0.9431,0.8539,14.8741,-0.8617,-2.1684,0.0000,0.0000
Wkly_upswing,2024-11-25,CCL,Midcap,FMCG,backtest,500,ok,2024-11-29,827.3000,736.2500,791.4500,0.3423,6.8733,22.0902,9.6647,10.4691,14.1655,23.5950,72.9987,3.8492,0.2141,-7.4327,8.6994,7.0000,11.5042,0.6063,4.5297,11.0057,-0.8617,-2.1684,0.0000,0.0000
Wkly_upswing,2024-11-25,JGCHEM,Smallcap,Chemicals,backtest,501,ok,2024-11-29,484.5000,428.1500,435.0500,-1.5724,0.7643,24.8529,8.0199,11.5341,11.9333,43.2258,61.0444,7.1634,0.5620,-10.2064,8.2162,5.0000,12.9525,0.1224,11.3665,11.6305,-0.8617,-2.1684,0.0000,0.0000
Wkly_upswing,2024-11-25,LAURUSLABS,Largecap,Healthcare,backtest,502,ok,2024-11-29,570.0000,516.5500,567.1500,2.8004,10.6418,16.8659,20.6445,12.0789,17.6389,26.9029,76.4445,2.9030,2.0150,-0.5000,9.1207,8.0000,9.4243,0.9467,0.5025,9.3772,-0.8617,-2.1684,1.0000,0.0000
Wkly_upswing,2024-11-25,UNITEDPOLY,Smallcap,Textiles,backtest,503,ok,2024-11-29,15.0660,13.3000,14.7690,-1.9583,11.2626,35.0247,69.6221,16.4683,19.7721,46.9547,71.7781,4.5414,0.4256,-1.9713,6.7922,8.0000,11.9575,0.8318,2.0110,11.7218,-0.8617,-2.1684,0.0000,0.0000
Wkly_upswing,2024-11-25,XPROINDIA,Smallcap,Industrials,backtest,504,ok,2024-11-29,1498.5500,1148.9000,1475.9000,-0.7131,28.7815,40.4482,25.7316,25.0143,29.8247,34.9306,81.9018,5.0178,0.7508,-1.5115,7.9558,8.0000,23.6906,0.9352,1.5347,23.3326,-0.8617,-2.1684,0.0000,0.0000
Wkly_upswing,2024-12-02,AGI,Midcap,Industrials,backtest,505,ok,2024-12-06,1226.1000,956.3000,1216.3000,1.2866,26.7904,28.8044,28.1395,24.0654,27.0900,45.4768,79.1610,4.2782,1.3544,-0.7993,8.6267,7.0000,22.1820,0.9637,0.8057,22.0047,0.7913,0.5271,0.0000,0.0000
Wkly_upswing,2024-12-02,ARIHANTSUP,Smallcap,Realty,backtest,506,ok,2024-12-06,424.0000,368.0500,418.8000,3.1781,12.3391,9.8348,23.2127,14.5647,13.3123,20.4657,71.6716,4.4839,2.1441,-3.7131,7.3580,9.0000,13.3596,0.9071,1.2416,13.1958,0.7913,0.5271,0.0000,0.0000
Wkly_upswing,2024-12-02,KEC,Midcap,Realty,backtest,507,ok,2024-12-06,1313.2500,1056.6000,1215.7000,0.9760,15.3087,24.5403,23.9562,15.5460,20.0387,41.5345,72.4239,4.8799,0.4990,-7.4281,9.2263,7.0000,21.1113,0.6199,8.0242,19.5431,0.7913,0.5271,0.0000,0.0000
Wkly_upswing,2024-12-02,MONTECARLO,Smallcap,Textiles,backtest,508,ok,2024-12-06,977.0000,826.0000,912.6500,-1.7864,8.8302,12.2916,21.0411,11.1910,11.9912,29.5515,64.8280,4.9123,0.9051,-6.5865,7.9140,7.0000,16.5452,0.5738,7.0509,15.4555,0.7913,0.5271,0.0000,0.0000
Wkly_upswing,2024-12-02,NELCO,Smallcap,Telecom,backtest,509,ok,2024-12-06,1349.0000,1053.0000,1270.1500,2.4934,22.0301,26.2888,4.4961,23.6189,28.1663,43.9174,71.8523,5.3756,0.6515,-5.8451,8.5395,7.0000,23.3043,0.7336,6.2079,21.9422,0.7913,0.5271,0.0000,0.0000
Wkly_upswing,2024-12-02,TIMETECHNO,Midcap,Plastic products,backtest,510,ok,2024-12-06,242.5000,219.3750,240.2250,8.3681,6.8973,13.5816,14.7480,15.9317,16.8418,45.6435,70.1179,4.1107,2.5343,-0.9381,8.7241,7.0000,9.6264,0.9016,0.9470,9.5361,0.7913,0.5271,0.0000,0.0000
Wkly_upswing,2024-12-09,BLS,Midcap,I.T,backtest,511,ok,2024-12-13,481.8500,426.3000,467.5000,-2.1045,8.7083,21.7131,14.5272,13.2057,18.6109,26.9759,69.7830,3.8197,1.2629,-2.9781,9.1511,7.0000,11.8824,0.7417,3.0695,11.5285,5.1328,1.4594,0.0000,0.0000
Wkly_upswing,2024-12-09,BYKE,Smallcap,Services,backtest,512,ok,2024-12-13,97.5600,81.3000,97.5600,4.9935,22.0873,34.8445,38.5599,25.9042,33.7439,34.1122,85.5691,3.6827,3.7272,0.0000,6.9754,7.0000,16.6667,1.0000,0.0000,16.6667,5.1328,1.4594,1.0000,0.0000
Wkly_upswing,2024-12-09,CHALET,Midcap,Services,backtest,513,ok,2024-12-13,1052.4500,890.6500,1007.5500,-0.9292,12.1993,23.0896,14.4033,12.4595,14.8013,19.9334,73.8760,4.0973,5.5340,-4.2662,8.9571,7.0000,16.0587,0.7225,4.4564,15.3736,5.1328,1.4594,0.0000,0.0000
Wkly_upswing,2024-12-09,DCM,Smallcap,"Castings, Forgings & Fasteners",backtest,514,ok,2024-12-13,141.8800,93.0000,139.8300,18.2595,44.9316,52.3701,46.5263,44.4465,49.0147,58.7217,84.8166,4.7353,101.2452,-1.4449,7.6483,7.0000,34.9567,0.9581,1.4661,34.4517,5.1328,1.4594,0.0000,0.0000
Wkly_upswing,2024-12-09,GOKEX,Smallcap,Readymade Garments/Apparels,backtest,515,ok,2024-12-13,1210.0000,982.0000,1200.4000,6.1643,23.5742,44.4872,24.6586,24.0057,30.6066,35.9179,86.5223,3.6012,2.9426,-0.7934,8.6121,9.0000,18.9937,0.9579,0.7997,18.8430,5.1328,1.4594,0.0000,0.0000
Wkly_upswing,2024-12-09,LAMBODHARA,Smallcap,Textiles,backtest,516,ok,2024-12-13,248.0000,186.6800,218.3100,-1.9933,15.1606,62.4330,20.1486,19.5747,31.7438,32.7017,66.0555,7.7563,0.2932,-11.9718,7.9867,4.0000,28.0885,0.5158,13.5999,24.7258,5.1328,1.4594,0.0000,0.0000
Wkly_upswing,2024-12-09,ORBTEXP,Smallcap,Textiles,backtest,517,ok,2024-12-13,279.1000,190.5000,275.0700,18.2639,45.3628,65.3562,48.3817,39.1622,47.5257,54.6200,81.3949,5.6973,18.1678,-1.4439,7.7656,7.0000,32.2100,0.9545,1.4651,31.7449,5.1328,1.4594,0.0000,0.0000
Wkly_upswing,2024-12-09,PRECAM,Smallcap,Auto,backtest,518,ok,2024-12-13,382.8000,317.3000,348.0000,-3.1585,6.3082,17.4089,33.8564,8.2350,16.5090,50.2932,63.7152,5.3664,0.7136,-9.0909,8.4067,6.0000,18.8218,0.4687,10.0000,17.1108,5.1328,1.4594,1.0000,0.0000
Wkly_upswing,2024-12-09,RELIGARE,Midcap,Financials,backtest,519,ok,2024-12-13,307.3000,272.1000,303.5500,-0.7358,10.5225,26.6058,7.5465,15.2800,15.9880,24.2937,79.4204,3.3282,1.1412,-1.2203,8.7464,9.0000,11.5961,0.8935,1.2354,11.4546,5.1328,1.4594,0.0000,0.0000
Wkly_upswing,2024-12-09,RVHL,Smallcap,Realty,backtest,520,ok,2024-12-13,77.5300,54.6100,77.5300,4.9973,40.0217,46.5595,20.9516,37.9255,41.2961,52.5433,85.7683,4.9013,4.2563,0.0000,6.7259,10.0000,29.5627,1.0000,0.0000,29.5627,5.1328,1.4594,0.0000,0.0000
Wkly_upswing,2024-12-09,SARLAPOLY,Smallcap,Textiles,backtest,521,ok,2024-12-13,128.5000,102.9400,122.7400,-1.1278,20.2155,45.1342,34.6719,20.3847,30.0248,42.5231,76.4823,6.5784,1.4569,-4.4825,7.9807,5.0000,20.8245,0.7746,4.6928,19.8910,5.1328,1.4594,0.0000,0.0000
Wkly_upswing,2024-12-09,SETCO,Smallcap,Auto,backtest,522,ok,2024-12-13,18.8000,14.7800,18.8000,4.9693,39.8810,88.7550,55.3719,51.7598,62.9173,65.4311,87.5131,4.8290,3.2892,0.0000,6.5533,10.0000,21.3830,1.0000,0.0000,21.3830,5.1328,1.4594,0.0000,0.0000
Wkly_upswing,2024-12-09,SINTERCOM,Smallcap,Auto,backtest,523,ok,2024-12-13,186.0000,148.0700,178.4000,1.2428,18.9492,25.2545,37.1675,20.0316,17.6452,30.0785,81.0382,4.2745,3.7326,-4.0860,6.9182,6.0000,21.2612,0.7996,4.2601,20.3925,5.1328,1.4594,0.0000,0.0000
Wkly_upswing,2024-12-09,STEELCAS,Smallcap,"Castings, Forgings & Fasteners",backtest,524,ok,2024-12-13,184.0000,166.0000,174.5700,-2.0205,5.6783,15.1441,12.3721,7.2535,10.1634,25.1817,61.7902,4.1359,1.7066,-5.1250,7.0609,6.0000,10.3110,0.4761,5.4018,9.7826,5.1328,1.4594,0.0000,0.0000
Wkly_upswing,2024-12-09,SWANCORP,Midcap,Textiles,backtest,525,ok,2024-12-13,804.4000,705.0500,787.1500,3.0099,9.1899,55.3943,31.3449,21.8154,37.7941,26.0538,78.2153,5.0435,1.5438,-2.1445,9.7866,6.0000,12.6215,0.8264,2.1915,12.3508,5.1328,1.4594,0.0000,0.0000
Wkly_upswing,2024-12-09,VEDL,Largecap,Metals & Mining,backtest,526,ok,2024-12-13,526.6000,488.8000,519.5000,-0.4789,3.6099,19.4940,15.4958,10.7640,9.9141,22.6322,74.2222,2.4804,0.9972,-1.3483,9.7175,8.0000,7.2762,0.8122,1.3667,7.1781,5.1328,1.4594,0.0000,0.0000
Wkly_upswing,2024-12-09,VIDHIING,Smallcap,Chemicals,backtest,527,ok,2024-12-13,569.0500,480.1500,563.5500,7.5477,17.2841,16.8342,25.3726,13.6447,16.8008,22.3177,71.2434,4.1643,2.8981,-0.9665,7.5011,5.0000,15.7750,0.9381,0.9760,15.6225,5.1328,1.4594,0.0000,0.0000
Wkly_upswing,2024-12-09,WANBURY,Smallcap,Healthcare,backtest,528,ok,2024-12-13,321.8500,279.6500,293.4600,-4.0196,5.5460,22.0614,14.5478,14.1046,18.2201,49.5584,62.0286,4.9997,2.8843,-8.8209,7.6347,7.0000,14.3802,0.3273,9.6742,13.1117,5.1328,1.4594,0.0000,0.0000
Wkly_upswing,2024-12-09,WIPL,Smallcap,Building Materials,backtest,529,ok,2024-12-13,245.2600,217.7200,237.6900,1.7465,8.6484,24.7258,21.3385,15.3323,19.9422,32.1508,80.1403,3.9788,1.4262,-4.6953,6.1566,9.0000,11.5865,0.7251,3.1848,11.2289,5.1328,1.4594,0.0000,0.0000
Wkly_upswing,2024-12-16,LINC,Smallcap,Miscellaneous,backtest,530,ok,2024-12-20,207.9000,173.7500,192.4000,-0.6391,11.3426,25.3931,7.0897,13.1519,18.2076,26.2636,79.1214,4.2369,0.9248,-7.4555,7.8268,8.0000,17.7495,0.5461,8.0561,16.4262,-1.3375,-3.0349,0.0000,0.0000
Wkly_upswing,2024-12-16,PRICOLLTD,Midcap,Auto,backtest,531,ok,2024-12-20,598.8000,514.5000,557.1000,-2.8427,8.6494,22.9530,15.5689,9.3403,16.0548,20.6829,73.7048,3.5048,0.9270,-6.9639,8.4738,6.0000,15.1319,0.5053,7.4852,14.0782,-1.3375,-3.0349,1.0000,0.0000
Wkly_upswing,2024-12-16,UCAL,Smallcap,Auto,backtest,532,ok,2024-12-20,226.4100,189.7900,214.9900,3.8850,13.2719,26.5689,5.9690,14.5566,20.9330,24.6480,70.8562,5.2365,4.2924,-6.1179,7.3799,6.0000,17.0334,0.6881,5.3119,16.1742,-1.3375,-3.0349,1.0000,0.0000
Wkly_upswing,2024-12-16,VAKRANGEE,Smallcap,I.T,backtest,533,ok,2024-12-20,34.9600,28.9200,32.7600,2.1197,17.8841,37.1285,34.7039,21.8455,22.3146,35.5910,70.3887,5.7387,3.8699,-13.0804,8.6088,5.0000,18.4371,0.6358,6.7155,17.2769,-1.3375,-3.0349,1.0000,0.0000
Wkly_upswing,2024-12-16,ZOTA,Smallcap,Healthcare,backtest,534,ok,2024-12-20,822.0000,699.6500,783.7000,-2.6762,14.2586,38.8431,22.0717,19.8877,26.7811,36.2365,75.1248,5.1086,1.3679,-4.6594,7.7457,7.0000,15.6118,0.6870,4.8871,14.8844,-1.3375,-3.0349,1.0000,0.0000
Wkly_upswing,2024-12-30,AARTECH,Smallcap,Industrials,backtest,535,ok,2025-01-03,91.0500,77.9100,91.0500,4.9931,10.6856,14.9476,34.9489,13.3308,25.0134,29.8938,68.8533,4.4426,1.8559,0.0000,7.2581,5.0000,14.4316,1.0000,0.0000,14.4316,-2.8478,-0.5259,0.0000,0.0000
Wkly_upswing,2024-12-30,KAVDEFENCE,Smallcap,Aerospace & Defence,backtest,536,ok,2025-01-03,65.9400,63.3200,63.3200,-2.0118,1.8825,36.9970,32.6907,11.3926,25.4547,94.7846,73.1579,2.0102,0.7417,-3.9733,6.0524,8.0000,4.1377,0.0000,4.1377,3.9733,-2.8478,-0.5259,0.0000,0.0000
Wkly_upswing,2024-12-30,NORBTEAEXP,Smallcap,FMCG,backtest,537,ok,2025-01-03,26.3200,22.3000,26.3200,1.9760,23.8588,64.9123,27.5194,28.8996,48.4238,69.7462,89.5117,4.8931,2.2025,-0.1517,5.3882,6.0000,15.2736,1.0000,0.0000,15.2736,-2.8478,-0.5259,1.0000,0.0000
Wkly_upswing,2024-12-30,WELENT,Midcap,Realty,backtest,538,ok,2025-01-03,653.4500,593.4000,639.2500,-0.6605,6.4884,13.1016,18.6433,8.0403,19.3550,31.8353,73.3148,3.6309,0.7339,-2.1731,8.3538,5.0000,9.3938,0.7635,2.2214,9.1897,-2.8478,-0.5259,0.0000,0.0000
Wkly_upswing,2024-12-30,WORTHPERI,Smallcap,Industrials,backtest,539,ok,2025-01-03,190.4200,160.0100,179.3600,1.8108,22.7400,40.3882,29.8487,27.1660,36.5999,41.5285,77.4167,7.1122,0.7758,-5.8082,7.4766,5.0000,16.9547,0.6363,6.1664,15.9700,-2.8478,-0.5259,0.0000,0.0000
Wkly_upswing,2025-01-06,VISACHROME,Smallcap,Metals & Mining,backtest,540,ok,2025-01-10,45.4800,40.5000,45.4800,0.0000,15.6957,50.6459,25.7743,27.1972,36.3726,69.4625,91.8205,2.6684,0.0000,0.0000,5.7624,7.0000,10.9499,1.0000,0.0000,10.9499,-4.5510,-2.5905,1.0000,0.0000
Wkly_upswing,2025-01-27,JINDRILL,Smallcap,Energy,backtest,541,ok,2025-02-01,977.7000,752.4000,895.1000,-1.3936,13.5914,19.1639,18.1416,15.2815,14.7349,29.0704,67.4315,6.5695,1.0847,-8.4484,8.4490,5.0000,25.1704,0.6334,9.2280,23.0439,-0.5670,-1.3767,0.0000,0.0000
Wkly_upswing,2025-02-03,ACUTAAS,Largecap,Healthcare,backtest,542,ok,2025-02-07,1322.0000,1190.0000,1246.5750,-1.2555,3.0334,26.2386,26.2770,13.1771,14.2520,51.1497,63.0810,5.3479,0.3278,-5.7054,9.0114,7.0000,10.5890,0.4286,6.0506,9.9849,2.0532,-0.8186,0.0000,0.0000
Wkly_upswing,2025-02-10,NORBTEAEXP,Smallcap,FMCG,backtest,543,ok,2025-02-14,36.5400,30.0800,36.5400,5.0000,27.5393,55.0276,138.0456,32.1352,48.9034,107.0337,93.2425,2.5217,3.7482,0.0000,5.3205,10.0000,17.6793,1.0000,0.0000,17.6793,-1.7798,-2.8910,1.0000,0.0000
Wkly_upswing,2025-02-17,DECCANCE,Smallcap,Building Materials,backtest,544,ok,2025-02-21,907.0000,577.9500,862.7000,12.1847,37.8996,34.4712,40.5507,29.6567,28.8143,34.7689,74.7275,5.9034,13.9782,-4.8842,7.7039,4.0000,38.1419,0.8654,5.1350,36.2789,-0.1456,-2.7439,0.0000,0.0000
Wkly_upswing,2025-03-17,ASALCBR,Smallcap,FMCG,backtest,545,ok,2025-03-21,1459.9000,1325.4000,1425.5500,3.0208,7.7595,26.7156,32.8751,13.7739,16.4945,47.0244,65.9154,5.7281,1.5807,-4.7092,7.9568,5.0000,9.4350,0.7446,2.4096,9.2130,1.8205,1.6628,0.0000,0.0000
Wkly_upswing,2025-03-17,MANAPPURAM,Largecap,Financials,backtest,546,ok,2025-03-21,247.6000,204.1000,234.1600,7.6598,12.5012,15.4863,27.0606,13.0277,17.7107,22.3649,73.2932,3.3850,9.3838,-5.4281,9.6629,7.0000,18.5770,0.6910,5.7397,17.5687,1.8205,1.6628,0.0000,0.0000
Wkly_upswing,2025-03-24,MAHASTEEL,Smallcap,Metals & Mining,backtest,547,ok,2025-03-28,280.9900,245.0000,265.0200,0.3711,8.1714,10.4250,28.8569,7.8156,17.6870,42.2939,72.3232,3.0332,1.7735,-5.6835,5.8731,7.0000,13.5801,0.5563,6.0260,12.8083,4.3216,2.2464,0.0000,0.0000
Wkly_upswing,2025-04-15,BHARTIHEXA,Largecap,Telecom-Service,backtest,548,ok,2025-04-17,1642.8000,1480.5000,1583.1000,4.5779,10.9351,16.8987,19.5334,10.0412,14.4398,18.5235,69.6174,4.6929,4.4620,-3.6340,8.9211,8.0000,10.2520,0.6322,3.7711,9.8795,5.9661,3.8299,0.0000,0.0000
Wkly_upswing,2025-04-15,HDFCBANK,Largecap,Bank,backtest,549,ok,2025-04-17,959.8500,927.5000,953.3500,1.5282,7.7749,11.4768,16.4930,5.9270,9.3995,11.4076,70.1887,2.2099,1.3758,-0.6772,10.3846,7.0000,3.3933,0.7991,0.6818,3.3703,5.9661,3.8299,0.0000,0.0000
Wkly_upswing,2025-04-21,CHOICEIN,Midcap,Financials,backtest,550,ok,2025-04-25,635.0000,549.5500,624.8000,0.3131,14.7896,24.2147,21.0501,17.5154,23.2498,28.4957,81.9575,3.1696,1.8588,-1.6063,8.6518,10.0000,13.6764,0.8806,1.6325,13.4567,1.6104,4.3720,0.0000,0.0000
Wkly_upswing,2025-04-21,PANACEABIO,Smallcap,Healthcare,backtest,551,ok,2025-04-25,549.0500,496.8000,520.8000,-3.2600,-0.4111,17.8947,43.3329,10.2351,27.8536,54.2305,65.0844,5.5135,0.9911,-5.1453,8.2237,6.0000,10.0326,0.4593,5.4243,9.5164,1.6104,4.3720,0.0000,0.0000
Wkly_upswing,2025-04-28,PARAS,Midcap,Aerospace & Defence,backtest,552,ok,2025-05-02,734.4750,524.9750,670.2000,-1.4086,24.9849,39.9311,26.2385,25.6768,36.9671,-23.3104,77.3928,5.7302,2.5197,-57.9205,9.2912,7.0000,31.2593,0.6932,9.5904,28.5238,3.5177,5.3144,0.0000,0.0000
Wkly_upswing,2025-05-05,KPRMILL,Largecap,Readymade Garments/Apparels,backtest,553,ok,2025-05-09,1389.0000,1007.1500,1306.2500,9.8751,27.0918,43.9870,40.4343,24.8184,37.6716,39.8813,81.1173,4.8279,9.7287,-5.9575,9.1809,6.0000,29.2325,0.7833,6.3349,27.4910,8.3315,3.2474,0.0000,0.0000
Wkly_upswing,2025-05-05,NAZARA,Midcap,I.T,backtest,554,ok,2025-05-09,276.6250,247.2750,276.1750,2.2113,8.9555,16.3454,15.0609,9.8638,14.4114,15.0075,78.7718,3.2772,1.9864,-1.1012,8.7554,8.0000,10.6273,0.9847,0.1629,10.6100,8.3315,3.2474,0.0000,0.0000
Wkly_upswing,2025-05-12,AIIL,Largecap,Financials,backtest,555,ok,2025-05-16,432.8000,355.2600,430.0400,0.1117,23.1924,24.8374,28.0643,16.0185,27.5034,29.7625,71.4849,4.8255,0.8312,-0.6377,8.5072,6.0000,18.0309,0.9644,0.6418,17.9159,6.7525,6.5996,0.0000,0.0000
Wkly_upswing,2025-05-12,ASTERDM,Largecap,Healthcare,backtest,556,ok,2025-05-16,609.5000,542.7500,589.8500,1.4447,11.3975,17.8993,36.9356,11.6976,22.8808,30.6307,82.0141,3.4882,0.5702,-3.2240,8.6484,7.0000,11.3164,0.7056,3.3314,10.9516,6.7525,6.5996,1.0000,0.0000
Wkly_upswing,2025-05-12,CAMLINFINE,Smallcap,Chemicals,backtest,557,ok,2025-05-16,202.0000,170.1200,193.4300,-1.8321,15.6947,15.3085,38.1051,14.5519,16.9891,49.1119,67.1458,5.2562,1.1356,-4.2426,8.3835,7.0000,16.4814,0.7312,4.4305,15.7822,6.7525,6.5996,0.0000,0.0000
Wkly_upswing,2025-05-12,INDIAGLYCO,Smallcap,FMCG,backtest,558,ok,2025-05-16,890.0000,714.5000,877.8500,-0.0740,25.6315,29.2381,44.6211,19.2314,37.6677,37.7018,83.9889,3.9382,1.0755,-1.3652,8.5617,7.0000,19.9920,0.9308,1.3841,19.7191,6.7525,6.5996,0.0000,0.0000
Wkly_upswing,2025-05-12,KALYANIFRG,Smallcap,"Castings, Forgings & Fasteners",backtest,559,ok,2025-05-16,807.3500,703.0500,807.3500,4.9938,13.8716,62.9035,32.8315,23.6328,40.2977,41.0820,79.4483,4.7253,0.8233,-2.0147,6.5078,7.0000,12.9188,1.0000,0.0000,12.9188,6.7525,6.5996,0.0000,0.0000
Wkly_upswing,2025-05-12,KANPRPLA,Smallcap,Industrials,backtest,560,ok,2025-05-16,195.9400,135.0000,195.9000,9.9759,47.2490,69.1564,58.7649,49.2139,60.1147,59.5875,90.8538,5.4693,2.7211,-0.0204,7.3810,9.0000,31.1077,0.9993,0.0204,31.1014,6.7525,6.5996,0.0000,0.0000
Wkly_upswing,2025-05-19,KITEX,Smallcap,Readymade Garments/Apparels,backtest,561,ok,2025-05-23,324.4200,281.7500,293.5300,-5.0003,6.3206,20.6304,46.9413,12.5824,32.4523,48.6078,66.1974,5.8366,1.1989,-9.5216,8.5304,8.0000,14.5368,0.2761,10.5236,13.1527,2.5012,4.7562,0.0000,0.0000
Wkly_upswing,2025-05-19,SILGO,Smallcap,Consumer Discretionary,backtest,562,ok,2025-05-23,59.9000,49.0200,59.8300,4.8729,17.4519,28.8329,54.3204,18.0347,27.5791,45.5073,80.8978,4.4579,1.8134,-0.1169,6.5358,8.0000,18.1849,0.9936,0.1170,18.1636,2.5012,4.7562,0.0000,0.0000
Wkly_upswing,2025-05-26,IFBAGRO,Smallcap,FMCG,backtest,563,ok,2025-05-30,718.0000,526.4000,703.0000,3.7103,34.0580,45.9869,44.0279,31.8510,40.5134,29.2600,85.0144,5.7239,9.0559,-2.0891,7.2992,8.0000,27.2546,0.9217,2.1337,26.6852,1.6594,3.2980,0.0000,0.0000
Wkly_upswing,2025-05-26,PANSARI,Smallcap,Realty,backtest,564,ok,2025-05-30,254.3700,239.5100,248.9500,1.8617,5.9317,36.8609,58.8705,18.1939,33.2983,46.4736,79.2711,2.7269,1.2091,-8.2043,5.9459,9.0000,5.9691,0.6353,2.1771,5.8419,1.6594,3.2980,0.0000,0.0000
Wkly_upswing,2025-05-26,PILITA,Smallcap,Plastic products,backtest,565,ok,2025-05-30,19.5400,15.9000,18.5800,2.4821,15.0464,17.5949,44.3667,16.5475,24.0950,29.3647,78.1615,4.1327,5.1568,-4.9130,6.9586,6.0000,19.5910,0.7363,5.1669,18.6285,1.6594,3.2980,0.0000,0.0000
Wkly_upswing,2025-06-02,GODREJIND,Largecap,Chemicals,backtest,566,ok,2025-06-06,1390.0000,1171.9000,1359.5000,14.1957,14.7548,25.6818,23.5460,15.5296,18.8783,26.4765,80.8808,2.9670,17.3683,-2.1942,8.8450,7.0000,16.0427,0.8602,2.2435,15.6906,4.1447,3.5868,0.0000,0.0000
Wkly_upswing,2025-06-02,MCX,Largecap,Financials,backtest,567,ok,2025-06-06,1506.2000,1312.2000,1483.6000,4.4936,12.3599,30.8174,59.0924,13.8271,23.4605,26.2607,80.0451,2.6653,3.0726,-1.5005,9.5610,8.0000,13.0763,0.8835,1.5233,12.8801,4.1447,3.5868,0.0000,0.0000
Wkly_upswing,2025-06-02,SBICARD,Largecap,Financials,backtest,568,ok,2025-06-06,999.4500,910.4500,993.1000,5.1623,7.8226,13.6010,18.3600,8.5664,11.3760,26.0025,72.9510,2.1466,4.3049,-0.6354,8.9640,8.0000,8.9618,0.9287,0.6394,8.9049,4.1447,3.5868,0.0000,0.0000
Wkly_upswing,2025-06-02,TVSELECT,Smallcap,I.T,backtest,569,ok,2025-06-06,473.4500,391.8000,471.8000,19.5793,17.6852,19.6703,52.5626,15.8132,25.1645,25.9311,78.6336,3.4488,31.6350,-3.7143,7.6688,5.0000,17.3061,0.9798,0.3497,17.2458,4.1447,3.5868,0.0000,0.0000
Wkly_upswing,2025-06-09,BLUEJET,Midcap,Healthcare,backtest,570,ok,2025-06-13,986.0000,866.3500,953.7500,-1.0838,5.8840,15.7885,13.1712,8.8722,20.1563,46.1434,66.2223,4.0895,0.8803,-3.2708,8.5786,6.0000,12.5452,0.7305,3.3814,12.1349,-1.2039,1.8152,0.0000,0.0000
Wkly_upswing,2025-06-09,CSBBANK,Midcap,Bank,backtest,571,ok,2025-06-13,394.9500,374.2500,384.7000,-1.0927,3.5392,7.4281,36.9039,3.9470,8.4652,20.5027,65.9500,2.7935,2.5378,-4.5883,8.1094,7.0000,5.3808,0.5048,2.6644,5.2412,-1.2039,1.8152,0.0000,0.0000
Wkly_upswing,2025-06-09,GFSTEELS,Smallcap,Metals & Mining,backtest,572,ok,2025-06-13,9.2700,9.2700,9.2700,0.0000,4.9830,4.9830,15.5860,3.6913,6.9328,10.0369,99.3157,0.3390,0.0000,-2.4210,3.9867,1.0000,0.0000,1.0000,0.0000,0.0000,-1.2039,1.8152,0.0000,0.0000
Wkly_upswing,2025-06-09,RAMCOCEM,Midcap,Building Materials,backtest,573,ok,2025-06-13,1080.0000,1005.0000,1062.5500,0.7347,5.7211,5.8159,32.5619,5.8625,8.9300,16.2626,69.2981,2.5995,0.2646,-1.6157,8.8912,8.0000,7.0585,0.7673,1.6423,6.9444,-1.2039,1.8152,0.0000,0.0000
Wkly_upswing,2025-06-09,WOCKPHARMA,Largecap,Healthcare,backtest,574,ok,2025-06-13,1868.8000,1480.2000,1776.2000,-0.4651,17.9886,33.5087,37.4715,20.6211,27.9578,37.1250,76.3512,5.0212,1.2205,-4.9551,9.3045,7.0000,21.8782,0.7617,5.2134,20.7941,-1.2039,1.8152,0.0000,0.0000
Wkly_upswing,2025-06-16,JINDALPHOT,Smallcap,Financials,backtest,575,ok,2025-06-20,1033.1000,840.0000,1033.1000,4.9952,21.5269,16.8930,61.2959,17.1020,18.8087,31.5606,80.9632,3.4653,6.3655,0.0000,6.7514,7.0000,18.6913,1.0000,0.0000,18.6913,1.0431,2.6169,0.0000,0.0000
Wkly_upswing,2025-06-23,AAREYDRUGS,Smallcap,Healthcare,backtest,576,ok,2025-06-27,67.9800,57.0000,67.6600,4.4942,18.8060,25.1109,101.9099,19.6210,22.1622,24.2080,77.3626,4.8414,2.1015,-9.5455,6.6137,7.0000,16.2282,0.9709,0.4730,16.1518,3.5841,3.7533,0.0000,0.0000
Wkly_upswing,2025-06-30,EIFFL,Smallcap,FMCG,backtest,577,ok,2025-07-04,292.0500,216.7000,251.7500,-2.1380,16.1798,13.7031,42.3764,11.0927,13.6600,24.5160,65.0894,5.8037,0.3201,-13.7990,7.1761,6.0000,29.9305,0.4652,16.0079,25.8004,1.8316,2.4855,0.0000,0.0000
Wkly_upswing,2025-06-30,JKLAKSHMI,Midcap,Building Materials,backtest,578,ok,2025-07-04,1006.5000,886.2500,982.1000,-0.7980,10.8152,20.4366,25.0844,13.7618,17.0110,22.7928,79.3067,2.7187,0.8032,-2.4242,8.5501,8.0000,12.2442,0.7971,2.4845,11.9473,1.8316,2.4855,0.0000,0.0000
Wkly_upswing,2025-06-30,RAYMOND,Midcap,Transportation,backtest,579,ok,2025-07-04,783.9000,627.4500,712.9000,-1.5943,14.1828,15.5149,-50.3880,12.3810,-15.7563,-48.7314,52.2010,4.5904,0.5233,-79.6081,9.3673,6.0000,21.9456,0.5462,9.9593,19.9579,1.8316,2.4855,0.0000,0.0000
Wkly_upswing,2025-07-07,ACMESOLAR,Largecap,Realty,backtest,580,ok,2025-07-11,303.9400,249.1300,295.3900,2.8947,18.3596,20.4690,44.2898,16.2109,19.8673,29.4062,82.3432,3.0930,7.2514,-2.8131,8.7548,7.0000,18.5551,0.8440,2.8945,18.0332,1.7446,0.7803,0.0000,0.0000
Wkly_upswing,2025-07-07,MGEL,Smallcap,Services,backtest,581,ok,2025-07-11,17.3500,14.9200,17.0300,3.1496,12.5578,16.6438,13.3822,13.3935,23.8221,27.5020,71.6430,4.9157,1.1635,-1.8444,7.6665,6.0000,14.2689,0.8683,1.8790,14.0058,1.7446,0.7803,0.0000,0.0000
Wkly_upswing,2025-07-07,YATHARTH,Midcap,Healthcare,backtest,582,ok,2025-07-11,647.3000,573.2000,610.0000,-1.8661,6.0224,17.1275,20.6368,10.5839,16.6098,17.3528,69.2192,4.0357,0.6331,-11.9769,8.4693,7.0000,12.1475,0.4966,6.1148,11.4475,1.7446,0.7803,0.0000,0.0000
Wkly_upswing,2025-07-14,ABDL,Largecap,FMCG,backtest,583,ok,2025-07-18,505.9000,445.0500,479.5000,-3.5114,7.2107,13.4508,47.2214,7.1664,13.2678,30.8515,66.7209,3.5640,0.9351,-5.2184,8.4087,8.0000,12.6903,0.5661,5.5057,12.0281,-0.5734,-0.2692,0.0000,0.0000
Wkly_upswing,2025-07-14,GFSTEELS,Smallcap,Metals & Mining,backtest,584,ok,2025-07-18,9.7300,9.7300,9.7300,0.0000,4.9622,4.9622,15.5582,3.6761,6.4551,12.9366,99.8930,0.3377,0.0000,0.0000,4.1610,1.0000,0.0000,1.0000,0.0000,0.0000,-0.5734,-0.2692,1.0000,0.0000
Wkly_upswing,2025-07-14,GUJAPOLLO,Smallcap,Industrials,backtest,585,ok,2025-07-18,451.0000,386.5500,444.5000,3.2041,18.5966,21.6642,21.7475,15.5724,21.2539,31.1043,75.0148,4.4504,1.8138,-1.4412,7.1747,6.0000,14.4994,0.8991,1.4623,14.2905,-0.5734,-0.2692,0.0000,0.0000
Wkly_upswing,2025-07-14,HPL,Smallcap,Industrials,backtest,586,ok,2025-07-18,639.9000,586.0000,607.0000,-1.5010,1.1751,14.1943,38.1272,4.5182,10.8708,21.9472,60.0741,4.3663,0.7609,-12.5360,8.5137,5.0000,8.8797,0.3896,5.4201,8.4232,-0.5734,-0.2692,0.0000,0.0000
Wkly_upswing,2025-07-14,IXIGO,Midcap,I.T,backtest,587,ok,2025-07-18,226.2400,170.7200,217.1400,1.6478,24.2504,26.0610,42.3496,21.6559,22.8209,40.2738,79.7283,4.2757,10.8241,-4.0223,9.2231,7.0000,25.5688,0.8361,4.1908,24.5403,-0.5734,-0.2692,0.0000,0.0000
Wkly_upswing,2025-07-14,PRECOT,Smallcap,Textiles,backtest,588,ok,2025-07-18,631.5500,570.0000,619.0000,-1.0787,7.8303,15.3022,43.4365,9.7440,12.8177,21.5170,67.5083,3.9880,0.4785,-10.3548,6.6208,6.0000,9.9435,0.7961,2.0275,9.7459,-0.5734,-0.2692,0.0000,0.0000
Wkly_upswing,2025-07-14,RALLIS,Smallcap,Chemicals,backtest,589,ok,2025-07-18,385.7500,345.7500,362.0500,2.6510,5.3850,16.7903,49.1268,9.8544,16.1082,28.1282,75.7407,3.7436,1.0628,-6.1439,8.9317,5.0000,11.0482,0.4075,6.5461,10.3694,-0.5734,-0.2692,0.0000,0.0000
Wkly_upswing,2025-07-14,RAMAPHO,Smallcap,Chemicals,backtest,590,ok,2025-07-18,154.0900,131.2000,154.0900,4.9946,17.2590,31.9377,18.0133,17.5237,24.9651,44.7938,75.9030,4.8246,2.0877,0.0000,6.7563,9.0000,14.8550,1.0000,0.0000,14.8550,-0.5734,-0.2692,0.0000,0.0000
Wkly_upswing,2025-07-14,SAGCEM,Smallcap,Building Materials,backtest,591,ok,2025-07-18,273.8500,236.3100,268.4800,5.9176,10.6769,17.3632,19.9964,9.4798,13.9515,24.3504,71.0139,3.7946,9.5694,-1.9609,7.6436,4.0000,13.9824,0.8570,2.0001,13.7082,-0.5734,-0.2692,0.0000,0.0000
Wkly_upswing,2025-07-14,VENUSREM,Smallcap,Healthcare,backtest,592,ok,2025-07-18,567.8000,447.8000,552.6000,-0.0362,21.4372,27.5182,65.1277,18.3082,29.3352,62.0635,76.3354,4.4013,1.3988,-2.6770,7.3805,6.0000,21.7155,0.8733,2.7506,21.1342,-0.5734,-0.2692,0.0000,0.0000
Wkly_upswing,2025-07-21,GLOBUSSPR,Smallcap,FMCG,backtest,593,ok,2025-07-25,1284.0000,1085.1000,1245.2000,3.7796,13.2206,30.6131,20.8580,20.3406,23.9749,29.3998,88.3112,3.5339,6.8309,-9.0929,8.3448,9.0000,15.9733,0.8049,3.1160,15.4907,-3.1235,-0.8747,0.0000,0.0000
Wkly_upswing,2025-07-21,GMDCLTD,Midcap,Metals & Mining,backtest,594,ok,2025-07-25,472.4000,422.9000,434.4000,-3.9894,-0.2068,5.5009,42.5665,5.9751,10.3291,30.5353,60.9838,4.1774,0.4664,-8.0440,9.4294,6.0000,11.3950,0.2323,8.7477,10.4784,-3.1235,-0.8747,0.0000,0.0000
Wkly_upswing,2025-07-21,TI,Midcap,FMCG,backtest,595,ok,2025-07-25,506.5000,397.0500,497.4000,0.8209,25.3686,42.2362,70.2841,29.8059,34.8720,48.4224,87.4710,5.0534,1.0806,-1.7966,9.4083,10.0000,22.0044,0.9169,1.8295,21.6091,-3.1235,-0.8747,0.0000,0.0000
Wkly_upswing,2025-07-28,ARVINDFASN,Midcap,Services,backtest,596,ok,2025-08-01,564.3000,493.1000,560.1500,0.5204,12.0076,24.1880,37.9680,13.3139,16.5258,17.0233,78.2741,3.5278,0.5756,-12.4355,8.6076,9.0000,12.7109,0.9417,0.7409,12.6174,-3.5177,-1.9420,0.0000,0.0000
Wkly_upswing,2025-07-28,ZUARI,Smallcap,Chemicals,backtest,597,ok,2025-08-01,344.4000,210.2300,306.2500,-8.4564,43.3956,45.9793,47.4908,35.4564,40.0534,45.0566,74.8702,5.7679,3.6165,-11.0772,8.9634,7.0000,43.8106,0.7157,12.4571,38.9576,-3.5177,-1.9420,0.0000,0.0000
Wkly_upswing,2025-08-11,HBLENGINE,Largecap,Auto,backtest,598,ok,2025-08-14,787.6000,646.1000,765.6500,0.2947,28.7348,25.4547,34.5015,23.8039,25.6169,36.3112,82.0468,4.3679,4.2387,-2.7869,9.5339,8.0000,18.4810,0.8449,2.8668,17.9660,-1.9121,-1.5558,0.0000,0.0000
Wkly_upswing,2025-08-11,SKMEGGPROD,Smallcap,FMCG,backtest,599,ok,2025-08-14,177.0250,166.8500,170.1000,-2.0020,6.0474,13.5325,62.3944,9.9539,20.9517,48.1933,73.3170,2.0534,1.8097,-3.9119,7.1322,8.0000,5.9818,0.3194,4.0711,5.7478,-1.9121,-1.5558,0.0000,0.0000
Wkly_upswing,2025-08-18,ASAHIINDIA,Largecap,Building Materials,backtest,600,ok,2025-08-22,901.0000,840.0000,882.8500,2.6689,5.4779,4.0851,15.3449,4.9818,8.6597,22.9655,63.9481,2.9070,1.2511,-2.0144,8.2583,6.0000,6.9094,0.7025,2.0558,6.7703,-0.7661,-0.5713,0.0000,0.0000
Wkly_upswing,2025-08-18,ASHOKLEY,Largecap,Auto,backtest,601,ok,2025-08-22,134.3100,125.1000,131.2000,0.1450,7.5763,5.1282,9.0018,6.0952,6.5207,15.6545,63.8908,2.9252,0.7256,-2.3155,9.2895,6.0000,7.0198,0.6623,2.3704,6.8573,-0.7661,-0.5713,0.0000,0.0000
Wkly_upswing,2025-08-18,IMFA,Midcap,Metals & Mining,backtest,602,ok,2025-08-22,870.0000,815.0000,865.7500,1.6735,5.2456,13.3552,39.5021,13.0218,13.8125,17.8606,77.0861,2.7371,1.2733,-13.3210,7.8614,8.0000,6.3529,0.9227,0.4909,6.3218,-0.7661,-0.5713,0.0000,0.0000
Wkly_upswing,2025-08-18,IZMO,Smallcap,I.T,backtest,603,ok,2025-08-22,587.5500,372.3000,587.5500,19.9939,52.3927,47.3110,93.2730,46.3415,49.5289,52.3338,80.9170,6.3909,15.6205,-9.5311,8.1377,8.0000,36.6352,1.0000,0.0000,36.6352,-0.7661,-0.5713,0.0000,0.0000
Wkly_upswing,2025-08-18,MAHEPC,Smallcap,Plastic products,backtest,604,ok,2025-08-22,185.1200,147.8900,174.7900,-1.3545,16.1010,18.4615,22.7027,17.0366,19.4699,32.9742,69.7199,4.9741,0.9297,-5.5802,7.8993,6.0000,21.2998,0.7225,5.9100,20.1113,-0.7661,-0.5713,0.0000,0.0000
Wkly_upswing,2025-09-01,POCL,Smallcap,Metals & Mining,backtest,605,ok,2025-09-05,508.0000,420.2800,502.9600,10.3466,19.7524,13.6479,62.3499,14.2120,20.9658,53.2367,66.8552,5.2279,6.6458,-0.9921,8.7180,5.0000,17.4408,0.9425,1.0021,17.2677,0.6788,-0.8897,0.0000,0.0000
Wkly_upswing,2025-09-01,SYRMA,Largecap,Consumer Discretionary,backtest,606,ok,2025-09-05,872.0000,725.1000,831.2500,-0.5860,10.3551,15.3233,54.4931,12.4181,18.5522,48.1214,74.4618,3.8432,2.2463,-4.6732,9.0481,8.0000,17.6722,0.7226,4.9023,16.8463,0.6788,-0.8897,0.0000,0.0000
Wkly_upswing,2025-09-08,ADANIPOWER,Largecap,Power & Utilities,backtest,607,ok,2025-09-12,131.7100,120.0000,129.7100,3.8261,6.3720,10.7497,17.7469,6.3140,8.4682,18.9328,67.5732,3.2072,1.4892,-4.8419,9.6144,7.0000,9.0278,0.8292,1.5419,8.8907,2.0092,0.8440,0.0000,0.0000
Wkly_upswing,2025-09-08,BAJFINANCE,Largecap,Financials,backtest,608,ok,2025-09-12,1004.6000,935.6500,1003.2500,3.4012,7.0019,16.6570,9.1676,9.8799,10.1111,17.7918,77.5456,1.9583,1.5258,-0.1344,9.8404,10.0000,6.8727,0.9804,0.1346,6.8634,2.0092,0.8440,0.0000,0.0000
Wkly_upswing,2025-09-08,CENTEXT,Smallcap,Metals & Mining,backtest,609,ok,2025-09-12,30.8000,21.9000,26.9300,-0.8468,23.7023,22.4091,34.2473,16.6230,16.3826,25.6072,67.5304,7.4664,1.0521,-12.5649,7.1341,6.0000,33.0486,0.5652,14.3706,28.8961,2.0092,0.8440,0.0000,0.0000
Wkly_upswing,2025-09-08,VISACHROME,Smallcap,Metals & Mining,backtest,610,ok,2025-09-12,44.2400,34.2500,43.3500,2.8714,22.8393,28.7879,44.8379,25.0072,24.0272,26.0033,78.2859,5.0997,2.0468,-4.6834,5.7958,9.0000,23.0450,0.9109,2.0531,22.5814,2.0092,0.8440,0.0000,0.0000
Wkly_upswing,2025-09-15,CCCL,Smallcap,Realty,backtest,611,ok,2025-09-19,28.8700,23.4300,26.0400,-1.1389,16.8761,74.7651,32.6541,25.4184,42.0266,54.3683,71.5365,7.4117,0.2897,-9.8026,8.0799,5.0000,20.8909,0.4798,10.8679,18.8431,0.9700,1.7761,0.0000,0.0000
Wkly_upswing,2025-09-15,RELTD,Smallcap,Industrials,backtest,612,ok,2025-09-19,188.4300,160.0000,182.6400,1.7720,15.0706,26.2285,34.6903,19.2942,26.2524,40.1008,84.9620,4.7611,3.7343,-3.0728,7.5311,9.0000,15.5661,0.7963,3.1702,15.0878,0.9700,1.7761,0.0000,0.0000
Wkly_upswing,2025-09-15,USHAMART,Midcap,Metals & Mining,backtest,613,ok,2025-09-19,429.4000,379.0500,426.5500,2.5730,10.1485,15.8631,26.8362,9.4785,13.0907,23.9272,74.1049,3.1097,2.8828,-5.4213,8.5961,6.0000,11.8040,0.9434,0.6682,11.7257,0.9700,1.7761,0.0000,0.0000
Wkly_upswing,2025-09-22,AAREYDRUGS,Smallcap,Healthcare,backtest,614,ok,2025-09-26,80.9500,73.0000,78.5300,3.7521,1.1985,30.5352,11.7070,7.9242,14.9262,39.8432,66.1150,4.7179,2.3499,-2.9895,6.6749,4.0000,10.1235,0.6956,3.0816,9.8209,0.9328,-0.8444,1.0000,0.0000
Wkly_upswing,2025-09-22,EMKAY,Smallcap,Financials,backtest,615,ok,2025-09-26,409.9000,261.9900,324.5100,-5.0001,23.3972,48.9535,42.5791,25.5700,33.7782,34.7127,65.7875,8.1527,0.0824,-20.8319,8.1464,7.0000,45.5795,0.4227,26.3135,36.0844,0.9328,-0.8444,0.0000,0.0000
Wkly_upswing,2025-10-06,GMBREW,Smallcap,FMCG,backtest,616,ok,2025-10-10,935.0500,730.0000,894.4500,-1.7196,22.0010,29.1252,22.2511,21.0868,26.5489,26.5982,83.8185,4.1542,6.0277,-4.3420,8.7437,6.0000,22.9247,0.8020,4.5391,21.9293,1.1192,1.7064,0.0000,0.0000
Wkly_upswing,2025-10-06,HITECHGEAR,Smallcap,Auto,backtest,617,ok,2025-10-10,854.8000,740.3000,854.8000,4.9994,12.7928,25.2454,24.2352,14.0497,22.1085,25.1605,78.7459,3.8564,3.8166,-6.3541,6.4672,6.0000,13.3949,1.0000,0.0000,13.3949,1.1192,1.7064,0.0000,0.0000
Wkly_upswing,2025-10-06,INDRAMEDCO,Smallcap,Healthcare,backtest,618,ok,2025-10-10,624.7000,460.3500,567.2500,2.1520,22.6752,13.3367,14.5150,16.8979,19.9344,28.3437,72.1928,4.8429,0.6128,-9.1964,8.7780,7.0000,28.9731,0.6504,10.1278,26.3086,1.1192,1.7064,0.0000,0.0000
Wkly_upswing,2025-10-06,MINDTECK,Smallcap,I.T,backtest,619,ok,2025-10-10,304.0000,253.5000,276.8300,-3.6040,11.9410,25.0305,28.6146,14.1230,26.7518,25.0953,65.9167,6.5878,0.6649,-16.1375,7.7011,6.0000,18.2422,0.4620,9.8147,16.6118,1.1192,1.7064,0.0000,0.0000
Wkly_upswing,2025-10-06,TARACHAND,Smallcap,Miscellaneous,backtest,620,ok,2025-10-10,95.4900,76.0000,86.9600,6.1783,23.2776,26.1570,10.6784,16.9572,19.4824,35.4160,67.9050,6.6484,1.2294,-10.9016,7.7235,5.0000,22.4126,0.5623,9.8091,20.4105,1.1192,1.7064,0.0000,0.0000
Wkly_upswing,2025-10-20,FEDERALBNK,Largecap,Bank,backtest,621,ok,2025-10-24,232.2000,216.0200,227.4000,-0.2019,6.0140,17.4708,10.3883,9.6744,13.7119,15.3103,78.9182,2.2591,2.4585,-2.0672,9.3993,7.0000,7.1152,0.7033,2.1108,6.9681,2.9463,3.0350,0.0000,0.0000
Wkly_upswing,2025-10-20,JKTYRE,Midcap,Auto,backtest,622,ok,2025-10-24,427.0000,390.2500,411.9500,-2.1380,6.5985,9.7801,21.3402,7.6121,14.0785,22.2799,69.6929,2.5714,1.4015,-3.5246,8.6449,6.0000,8.9210,0.5905,3.6534,8.6066,2.9463,3.0350,0.0000,0.0000
Wkly_upswing,2025-10-20,LORDSCHLO,Smallcap,Chemicals,backtest,623,ok,2025-10-24,233.0000,216.0100,222.8900,1.0243,6.3711,26.4265,7.4635,14.2979,18.3231,32.2755,74.4391,4.4077,1.1524,-7.8929,6.8583,8.0000,7.6226,0.4049,4.5359,7.2918,2.9463,3.0350,0.0000,0.0000
Wkly_upswing,2025-10-20,SALSTEEL,Smallcap,Metals & Mining,backtest,624,ok,2025-10-24,36.3500,32.3400,36.3500,1.9921,23.8923,24.8283,130.2090,23.5785,41.2331,78.1121,77.4169,3.7552,1.2892,-0.4110,6.4821,8.0000,11.0316,1.0000,0.0000,11.0316,2.9463,3.0350,0.0000,0.0000
Wkly_upswing,2025-10-20,UJJIVANSFB,Midcap,Bank,backtest,625,ok,2025-10-24,52.4700,48.5300,52.0200,0.2312,6.1849,15.5743,18.7942,7.4605,13.1681,23.7450,68.5033,2.9892,1.1938,-0.8576,8.8052,6.0000,7.5740,0.8858,0.8651,7.5091,2.9463,3.0350,0.0000,0.0000
Wkly_upswing,2025-10-27,BHAGYANGR,Smallcap,Power & Utilities,backtest,626,ok,2025-10-31,148.9500,116.0000,136.4000,-3.7607,36.0191,44.1556,47.5871,26.9587,39.0163,59.8646,80.0236,5.8457,0.7396,-8.4256,7.8723,6.0000,24.1569,0.6191,9.2009,22.1215,3.5665,2.2563,0.0000,0.0000
Wkly_upswing,2025-10-27,PSPPROJECT,Smallcap,Realty,backtest,627,ok,2025-10-31,949.8500,806.0000,928.8000,-0.5887,17.0584,22.9222,35.6308,14.6677,20.8734,33.3084,69.8085,4.5912,0.3360,-2.2161,8.8733,6.0000,15.4877,0.8537,2.2664,15.1445,3.5665,2.2563,0.0000,0.0000
Wkly_upswing,2025-10-27,PVP,Smallcap,Realty,backtest,628,ok,2025-10-31,36.4700,32.1000,34.0900,-2.0121,5.0863,11.0423,68.0138,10.2969,19.5251,35.4468,65.2042,4.1214,0.1484,-7.8150,7.1426,6.0000,12.8190,0.4554,6.9815,11.9825,3.5665,2.2563,0.0000,0.0000
Wkly_upswing,2025-10-27,SOMATEX,Smallcap,Realty,backtest,629,ok,2025-10-31,139.3100,114.6000,139.3100,4.9970,27.5966,91.2023,56.3173,46.0525,64.2462,136.7150,88.9546,4.1213,0.5726,0.0000,6.4749,9.0000,17.7374,1.0000,0.0000,17.7374,3.5665,2.2563,0.0000,0.0000
Wkly_upswing,2025-11-03,KMEW,Midcap,Transportation,backtest,630,ok,2025-11-07,1429.5000,1187.6500,1339.3000,-3.2542,12.5131,18.5903,64.4120,11.7354,18.7051,49.2740,65.2035,5.3909,0.7545,-6.3099,8.4232,6.0000,18.0579,0.6270,6.7349,16.9185,1.7813,1.1505,0.0000,0.0000
Wkly_upswing,2025-11-03,PRICOLLTD,Midcap,Auto,backtest,631,ok,2025-11-07,593.8500,514.0000,566.4000,9.3859,5.1127,7.8754,34.1227,6.7803,8.6927,21.3993,64.0306,3.2631,96.0896,-5.4108,8.6918,6.0000,14.0978,0.6562,4.8464,13.4462,1.7813,1.1505,0.0000,0.0000
Wkly_upswing,2025-11-03,TEMBO,Smallcap,Consumer Discretionary,backtest,632,ok,2025-11-07,69.5800,61.6000,69.5800,9.9992,10.3306,27.4476,45.8700,14.6137,14.9395,26.8286,71.4884,4.7238,5.2316,-23.1160,7.6376,7.0000,11.4688,1.0000,0.0000,11.4688,1.7813,1.1505,0.0000,0.0000
Wkly_upswing,2025-11-10,BHEL,Largecap,Industrials,backtest,633,ok,2025-11-14,290.9000,264.2000,281.6000,0.0355,6.7273,19.4232,29.9972,10.1659,16.5741,21.9075,72.4083,3.0682,0.8438,-3.1970,9.5781,7.0000,9.4815,0.6517,3.3026,9.1784,2.3160,2.3136,0.0000,0.0000
Wkly_upswing,2025-11-10,THYROCARE,Midcap,Healthcare,backtest,634,ok,2025-11-14,526.3333,448.0333,521.3333,4.9242,12.4290,26.2614,11.7223,16.2752,22.6411,51.0676,75.3945,4.2693,0.5747,-0.9500,9.0348,6.0000,15.0192,0.9361,0.9591,14.8765,2.3160,2.3136,0.0000,0.0000
Wkly_upswing,2025-11-17,INDIAGLYCO,Smallcap,FMCG,backtest,635,ok,2025-11-21,1222.0000,1021.0000,1126.7500,-2.5134,8.3726,16.6529,36.9576,9.6764,18.6229,36.5467,69.7676,4.4334,0.8543,-7.7946,8.6803,5.0000,17.8389,0.5261,8.4535,16.4484,0.6827,2.4199,0.0000,0.0000
Wkly_upswing,2025-11-17,PANSARI,Smallcap,Realty,backtest,636,ok,2025-11-21,352.3000,274.0000,311.6000,-5.0000,13.5155,22.8949,17.5450,12.9251,15.9011,35.7624,63.9149,5.0958,0.5679,-11.5526,6.3218,8.0000,25.1284,0.4802,13.0616,22.2254,0.6827,2.4199,1.0000,0.0000
Wkly_upswing,2025-11-17,RELIANCE,Largecap,Energy,backtest,637,ok,2025-11-21,1557.8000,1510.5000,1546.6000,-0.1614,1.8237,6.7799,9.4861,3.0727,7.7084,12.2029,73.8670,1.3163,0.8927,-0.7190,10.1900,6.0000,3.0583,0.7632,0.7242,3.0363,0.6827,2.4199,0.0000,0.0000
Wkly_upswing,2025-12-01,UEL,Smallcap,Power & Utilities,backtest,638,ok,2025-12-05,150.1600,114.3100,150.1600,4.9997,25.6043,21.9722,39.4675,18.0466,24.5965,43.4558,85.4361,2.4012,0.2310,0.0000,6.0293,5.0000,23.8745,1.0000,0.0000,23.8745,2.7230,2.1599,0.0000,0.0000
Wkly_upswing,2025-12-08,HINDZINC,Largecap,Metals & Mining,backtest,639,ok,2025-12-12,567.4500,482.0000,561.6500,7.4620,12.7585,15.3167,21.5035,14.7741,14.9229,23.7952,75.9229,2.8468,6.7622,-1.0221,9.5956,7.0000,15.2141,0.9321,1.0327,15.0586,0.5284,1.1693,0.0000,0.0000
Wkly_upswing,2025-12-15,ASIANTILES,Smallcap,Building Materials,backtest,640,ok,2025-12-19,72.8500,60.6800,72.0500,4.9068,13.3931,9.5151,15.9106,12.0328,12.1848,25.7611,70.7343,3.6879,6.1593,-3.1716,7.9848,7.0000,16.8910,0.9343,1.1103,16.7056,-0.3903,0.5031,0.0000,0.0000
Wkly_upswing,2025-12-29,CSBBANK,Midcap,Bank,backtest,641,ok,2026-01-02,489.9000,419.8500,483.1500,-0.1550,14.8170,23.9005,25.2982,16.9734,16.1273,25.7803,80.0525,3.2939,2.4318,-1.3778,8.2420,7.0000,14.4986,0.9036,1.3971,14.2988,1.1324,1.4455,0.0000,0.0000
Wkly_upswing,2025-12-29,GRAPHITE,Midcap,Industrials,backtest,642,ok,2026-01-02,665.0000,579.1500,659.7000,1.7820,13.1949,21.2572,14.8803,16.2703,15.5892,22.5575,76.5418,3.4691,1.1322,-0.7970,8.9894,9.0000,13.0135,0.9383,0.8034,12.9098,1.1324,1.4455,0.0000,0.0000
Wkly_upswing,2025-12-29,HEG,Midcap,Industrials,backtest,643,date_not_in_data,2026-01-02,,,,,,,,,,,,,,,,,,,,,,,0.0000,0.0000
Wkly_upswing,2025-12-29,IDBI,Largecap,Bank,backtest,644,ok,2026-01-02,115.7000,100.8100,114.7300,10.5725,13.1794,17.5031,24.3147,14.9749,14.9116,23.9997,80.3079,2.4474,17.1318,-0.8384,9.1854,8.0000,12.9783,0.9349,0.8455,12.8695,1.1324,1.4455,0.0000,0.0000
Wkly_upswing,2025-12-29,IIFLCAPS,Midcap,Financials,backtest,645,ok,2026-01-02,383.9000,321.8000,377.8500,-0.5134,16.1722,19.0829,23.2790,14.6051,15.4721,26.0685,71.8378,4.3300,0.9205,-2.3391,8.4734,6.0000,16.4351,0.9026,1.6012,16.1761,1.1324,1.4455,0.0000,0.0000
Wkly_upswing,2025-12-29,INDUSTOWER,Largecap,Telecom,backtest,646,ok,2026-01-02,446.0000,410.0000,442.0500,1.4341,5.2876,9.9627,23.5122,6.3950,9.7781,16.4165,72.2730,2.4876,1.7470,-0.8857,9.4841,6.0000,8.1439,0.8903,0.8936,8.0717,1.1324,1.4455,0.0000,0.0000
Wkly_upswing,2025-12-29,JSL,Largecap,Metals & Mining,backtest,647,ok,2026-01-02,867.0000,776.1000,855.4000,0.1933,7.9982,14.3812,12.8496,7.0076,10.2962,20.9741,74.7979,2.5448,1.0788,-1.3379,8.7093,7.0000,10.6266,0.8724,1.3561,10.4844,1.1324,1.4455,0.0000,0.0000
Wkly_upswing,2025-12-29,MAHABANK,Largecap,Bank,backtest,648,ok,2026-01-02,64.1800,56.9300,63.9300,0.4715,12.1776,12.2564,11.7462,9.9124,9.2585,16.9657,74.1735,1.9676,1.2209,-0.3895,8.9793,8.0000,11.3405,0.9655,0.3911,11.2964,1.1324,1.4455,0.0000,0.0000
Wkly_upswing,2026-01-05,MANAKALUCO,Smallcap,Metals & Mining,backtest,649,ok,2026-01-09,40.2600,30.6000,38.3100,18.6803,27.1490,58.5679,34.4682,35.9837,42.4397,38.9942,70.6036,7.5437,5.4851,-4.8435,7.2984,8.0000,25.2153,0.7981,5.0900,23.9940,-0.8311,-1.0778,0.0000,0.0000
Wkly_upswing,2026-01-19,ATALREAL,Smallcap,Realty,backtest,650,ok,2026-01-23,29.2000,25.7200,27.3900,-0.4724,0.2562,7.2435,13.6986,4.4005,9.5951,32.7945,64.5642,4.5715,1.7342,-6.1986,7.8076,4.0000,12.7054,0.4799,6.6083,11.9178,-4.1827,-3.3800,0.0000,0.0000
Wkly_upswing,2026-01-19,KAPSTON,Smallcap,Miscellaneous,backtest,651,ok,2026-01-23,427.3500,312.0000,410.1500,4.7905,28.3122,38.7048,45.8363,27.3738,30.7609,56.4734,86.2015,5.0400,5.0228,-4.0248,7.2466,7.0000,28.1239,0.8509,4.1936,26.9919,-4.1827,-3.3800,0.0000,0.0000
Wkly_upswing,2026-02-02,BHARATFORG,Largecap,"Castings, Forgings & Fasteners",backtest,652,ok,2026-02-06,1599.0000,1384.4000,1557.5000,-0.9980,8.0547,4.9953,11.0834,6.6383,7.8585,20.7804,64.8641,3.4414,0.5763,-2.5954,9.2200,6.0000,13.7785,0.8066,2.6645,13.4209,-1.7102,-0.5324,0.0000,0.0000
63_30_daily,2026-02-03,GNA,Smallcap,Auto,backtest,653,ok,2026-02-03,425.0000,385.3000,414.1000,16.5986,21.6510,20.0986,31.3978,15.8403,25.7749,28.7565,75.3301,5.2834,3.3937,-2.5647,7.9682,5.0000,9.5871,0.7254,2.6322,9.3412,-2.2827,-0.4630,0.0000,0.0000
63_30_daily,2026-02-03,MEDPLUS,Midcap,Consumer Discretionary,backtest,654,ok,2026-02-03,870.0000,814.0500,862.4000,5.0682,11.4068,6.6997,9.8459,6.1125,6.5895,3.5850,64.5088,3.1105,1.8446,-17.4974,7.8889,5.0000,6.4877,0.8642,0.8813,6.4310,-2.2827,-0.4630,0.0000,0.0000
63_30_daily,2026-02-04,INDSWFTLAB,Smallcap,Healthcare,backtest,655,ok,2026-02-04,124.5000,113.1500,120.5900,6.3685,10.9384,33.4846,19.8708,15.3982,23.0691,23.0624,69.7300,6.1981,2.2697,-3.1406,7.6480,6.0000,9.4121,0.6555,3.2424,9.1165,-1.8068,-0.2530,0.0000,0.0000
63_30_daily,2026-02-04,PTC,Smallcap,Power & Utilities,backtest,656,ok,2026-02-04,183.9000,173.3000,181.7200,3.4263,4.0541,9.4237,9.7409,11.0263,13.0173,5.2061,70.9870,3.4122,1.5608,-12.2126,8.4218,7.0000,5.8331,0.7943,1.1996,5.7640,-1.8068,-0.2530,0.0000,0.0000
Bullish_Scanner,2026-02-04,CANTABIL,Smallcap,Textiles,backtest,657,ok,2026-02-04,314.3000,303.0000,308.4500,2.2882,5.7785,7.7366,21.9652,6.9373,13.5991,19.2541,66.3075,4.2679,1.9952,-7.6497,7.7979,7.0000,3.6635,0.4823,1.8966,3.5953,-1.8068,-0.2530,0.0000,0.0000
Bullish_Scanner,2026-02-05,TORNTPOWER,Largecap,Power & Utilities,backtest,658,ok,2026-02-05,1427.4000,1385.5000,1417.6000,0.7176,3.3839,1.4891,6.0443,5.3817,7.3216,5.3069,61.0521,3.0978,1.9739,-13.5610,8.6940,8.0000,2.9557,0.7661,0.6913,2.9354,-2.0471,-0.7442,0.0000,0.0000
Bullish_Scanner,2026-02-06,SAIL,Largecap,Metals & Mining,backtest,659,ok,2026-02-06,161.3000,156.4900,160.5200,1.2745,6.2132,9.5999,11.8684,5.6720,12.9370,21.1061,64.3489,3.9844,1.1902,-0.4836,9.5852,7.0000,2.9965,0.8378,0.4859,2.9820,-1.7102,-0.5324,0.0000,0.0000
63_30_daily,2026-02-09,KIRLPNU,Smallcap,Industrials,backtest,660,ok,2026-02-09,610.8000,572.5000,589.7000,2.7710,2.2188,12.3452,6.1375,5.8451,9.9083,-2.3426,64.7661,4.0711,0.9516,-23.9097,8.0458,7.0000,6.4948,0.4491,3.5781,6.2705,-0.0369,0.1658,0.0000,0.0000
Bullish_Scanner,2026-02-09,IFCI,Midcap,Financials,backtest,661,ok,2026-02-09,68.1300,60.8100,64.6100,7.3613,15.0873,31.8302,18.1818,11.2489,21.0251,16.5621,68.9737,5.0821,3.4073,-13.2752,9.6328,7.0000,11.3295,0.5191,5.4481,10.7442,-0.0369,0.1658,0.0000,0.0000
Bullish_Scanner,2026-02-09,INDUSTOWER,Largecap,Telecom,backtest,662,ok,2026-02-09,457.1500,443.7500,456.1500,2.8871,5.6392,5.2492,11.8426,5.4499,7.9540,17.3221,65.3924,3.1655,0.8472,-0.2187,9.4820,8.0000,2.9376,0.9254,0.2192,2.9312,-0.0369,0.1658,0.0000,0.0000
Wkly_upswing,2026-02-09,MFSL,Largecap,Financials,backtest,663,ok,2026-02-13,1848.5000,1707.0000,1824.9000,0.6286,7.0574,10.6604,9.4065,9.0218,8.6779,15.0448,71.6133,2.6847,2.4053,-1.2767,9.0974,7.0000,7.7538,0.8332,1.2932,7.6549,-0.7578,-1.2568,0.0000,1.0000
63_30_daily,2026-02-10,MAHLOG,Smallcap,Transportation,backtest,664,ok,2026-02-10,407.5000,373.7000,398.7000,6.4477,10.1533,30.5715,17.0238,21.2278,23.6168,19.9043,78.6748,5.5179,1.8847,-2.1595,8.5147,7.0000,8.4775,0.7396,2.2072,8.2945,0.9806,0.4504,0.0000,0.0000
Bullish_Scanner,2026-02-10,MOTHERSON,Largecap,Auto,backtest,665,ok,2026-02-10,131.8900,123.2800,129.4300,4.0350,6.6848,12.5576,17.8350,12.2900,10.1708,22.6663,68.9748,3.7627,3.8128,-1.8652,9.2908,7.0000,6.6522,0.7143,1.9006,6.5282,0.9806,0.4504,0.0000,0.0000
Bullish_Scanner,2026-02-10,TORNTPOWER,Largecap,Power & Utilities,backtest,666,ok,2026-02-10,1506.0000,1425.9000,1483.0000,3.9098,8.2245,9.7624,13.9892,8.9992,11.6041,10.3540,68.0271,3.1895,3.4067,-9.5732,8.7850,8.0000,5.4012,0.7129,1.5509,5.3187,0.9806,0.4504,1.0000,0.0000
63_30_daily,2026-02-11,ASTRAL,Largecap,Plastic products,backtest,667,ok,2026-02-11,1598.8000,1536.8000,1592.1000,3.9094,6.0410,10.6778,8.6239,8.9748,10.4304,10.2703,68.4780,2.8296,3.5653,-0.4191,8.8814,7.0000,3.8942,0.8919,0.4208,3.8779,0.6343,0.5422,0.0000,0.0000
Bullish_Scanner,2026-02-11,ASHIANA,Smallcap,Realty,backtest,668,ok,2026-02-11,357.0000,332.1000,344.0500,13.9804,13.6416,18.0274,17.3831,16.2832,17.4942,12.9969,75.0863,3.9747,143.8073,-8.5338,8.1922,7.0000,7.2373,0.4799,3.7640,6.9748,0.6343,0.5422,0.0000,0.0000
Bullish_Scanner,2026-02-11,IOC,Largecap,Energy,backtest,669,ok,2026-02-11,181.6000,176.8200,181.3100,1.7395,4.9369,15.1906,4.7308,9.4679,10.5519,18.7859,78.0376,2.6064,1.7219,-0.1597,9.4248,9.0000,2.6364,0.9393,0.1600,2.6322,0.6343,0.5422,0.0000,0.0000
Bullish_Scanner,2026-02-12,MFSL,Largecap,Financials,backtest,670,ok,2026-02-12,1821.0000,1738.5000,1813.5000,4.5787,6.5824,9.9691,7.9593,8.9127,8.2053,14.5131,70.5807,2.7087,2.5402,-0.4119,9.0439,7.0000,4.5492,0.9091,0.4136,4.5305,0.2911,0.0027,0.0000,0.0000
Bullish_Scanner,2026-02-16,ASTRAL,Largecap,Plastic products,backtest,671,ok,2026-02-16,1644.5000,1589.9000,1639.8000,2.7122,10.0020,11.9852,12.1307,10.5806,12.8655,13.2808,72.8983,2.6724,2.0987,-0.2858,8.9715,7.0000,3.3297,0.9139,0.2866,3.3202,-0.0451,-0.4129,0.0000,1.0000
Wkly_upswing,2026-02-16,GLOBAL,Smallcap,Services,backtest,672,ok,2026-02-20,107.5000,91.0000,107.0000,4.5024,12.6790,31.2883,34.1525,20.0548,21.8218,48.7732,75.5014,4.9232,1.4156,-0.4651,7.1056,7.0000,15.4206,0.9697,0.4673,15.3488,1.1125,-0.7336,0.0000,0.0000
Bullish_Scanner,2026-02-17,MANGLMCEM,Smallcap,Building Materials,backtest,673,ok,2026-02-17,898.9500,818.0000,894.0000,9.1642,12.1355,18.5912,25.2539,14.8613,16.5240,18.5661,80.4733,3.3705,9.8267,-0.5506,7.9493,6.0000,9.0548,0.9389,0.5537,9.0050,0.5468,-0.2236,0.0000,0.0000
Bullish_Scanner,2026-02-17,SMSPHARMA,Smallcap,Healthcare,backtest,674,ok,2026-02-17,371.8000,337.0000,367.5000,8.0247,15.3846,16.9265,30.3654,15.0928,14.2411,33.2256,70.4065,4.7687,5.7798,-1.1565,8.1308,6.0000,9.4694,0.8764,1.1701,9.3599,0.5468,-0.2236,0.0000,0.0000
63_30_daily,2026-02-18,E2E,Midcap,I.T,backtest,675,ok,2026-02-18,306.8200,256.0000,285.0400,11.4787,8.2650,32.5829,22.4188,19.5455,30.1452,10.6677,68.9601,6.4229,17.7481,-26.8134,8.7836,5.0000,17.8291,0.5714,7.6410,16.5635,2.3258,0.1693,0.0000,0.0000
63_30_daily,2026-02-18,SCHNEIDER,Largecap,Industrials,backtest,676,ok,2026-02-18,942.4500,848.1000,920.4000,8.3461,15.7954,57.2124,25.3439,24.7920,29.7826,16.7386,80.9545,4.2024,6.1020,-12.5095,8.8936,7.0000,10.2510,0.7663,2.3957,10.0111,2.3258,0.1693,0.0000,0.0000
Bullish_Scanner,2026-02-18,AEROFLEX,Midcap,Metals & Mining,backtest,677,ok,2026-02-18,231.8200,205.5000,226.7200,9.6908,18.1941,34.2094,30.3663,23.0876,22.1048,23.9259,72.7615,5.2595,9.1416,-2.2000,8.8840,5.0000,11.6090,0.8062,2.2495,11.3536,2.3258,0.1693,0.0000,0.0000
Bullish_Scanner,2026-02-18,INDIANB,Largecap,Bank,backtest,678,ok,2026-02-18,942.5000,920.4500,938.1500,1.9617,4.5526,10.8138,9.7572,5.6341,11.1723,27.4255,64.1591,3.5134,1.0960,-0.4615,9.2655,6.0000,2.3504,0.8027,0.4637,2.3395,2.3258,0.1693,0.0000,0.0000
Bullish_Scanner,2026-02-18,MAHABANK,Largecap,Bank,backtest,679,ok,2026-02-18,69.2100,67.4000,68.9900,2.5111,4.1516,7.9318,18.4988,5.3218,10.0561,20.1143,65.9009,3.2386,1.9198,-0.3179,9.0396,6.0000,2.6236,0.8785,0.3189,2.6152,2.3258,0.1693,0.0000,0.0000
Bullish_Scanner,2026-02-18,MARICO,Largecap,FMCG,backtest,680,ok,2026-02-18,798.0000,773.6000,795.9500,2.7563,3.3165,6.1904,8.1527,5.8666,6.1888,9.6268,70.6641,1.8388,1.2398,-0.2569,9.1815,9.0000,3.0655,0.9160,0.2576,3.0576,2.3258,0.1693,0.0000,0.0000
63_30_daily,2026-02-19,NITINSPIN,Smallcap,Textiles,backtest,681,ok,2026-02-19,392.3500,340.6500,376.9500,11.1947,13.4708,22.4062,14.2446,11.7237,15.8531,8.0561,71.0384,4.8927,50.8951,-11.2954,8.1630,5.0000,13.7153,0.7021,4.0854,13.1770,1.1800,-1.2080,0.0000,1.0000
Bullish_Scanner,2026-02-19,NITINSPIN,Smallcap,Textiles,backtest,682,ok,2026-02-19,392.3500,340.6500,376.9500,11.1947,13.4708,22.4062,14.2446,11.7237,15.8531,8.0561,71.0384,4.8927,50.8951,-11.2954,8.1630,5.0000,13.7153,0.7021,4.0854,13.1770,1.1800,-1.2080,0.0000,1.0000
63_30_daily,2026-02-20,ABINFRA,Smallcap,Realty,backtest,683,ok,2026-02-20,22.8300,20.7400,21.6800,4.4316,9.7166,16.3090,16.0600,9.6972,13.3121,21.0624,61.6503,6.6981,5.7930,-5.0372,7.8100,5.0000,9.6402,0.4498,5.3044,9.1546,1.1125,-0.7336,0.0000,0.0000
63_30_daily,2026-02-20,VESUVIUS,Midcap,Building Materials,backtest,684,ok,2026-02-20,607.9000,514.0000,556.5500,7.6083,9.8165,20.4002,15.8755,11.4733,15.8123,8.8323,70.0095,4.6999,180.8965,-13.8468,8.5572,4.0000,16.8718,0.4531,9.2265,15.4466,1.1125,-0.7336,0.0000,1.0000
Bullish_Scanner,2026-02-20,GAEL,Midcap,FMCG,backtest,685,ok,2026-02-20,148.1500,138.9000,147.1100,3.8692,6.1859,5.1311,35.6603,7.4297,10.5075,27.0668,67.0165,3.8193,2.3140,-0.7020,8.1253,8.0000,6.2878,0.8876,0.7069,6.2437,1.1125,-0.7336,0.0000,0.0000
Bullish_Scanner,2026-02-20,VESUVIUS,Midcap,Building Materials,backtest,686,ok,2026-02-20,607.9000,514.0000,556.5500,7.6083,9.8165,20.4002,15.8755,11.4733,15.8123,8.8323,70.0095,4.6999,180.8965,-13.8468,8.5572,4.0000,16.8718,0.4531,9.2265,15.4466,1.1125,-0.7336,0.0000,1.0000
63_30_daily,2026-02-23,TFCILTD,Midcap,Financials,backtest,687,ok,2026-02-23,79.9800,73.1300,78.3500,7.3876,4.5364,28.5058,6.3960,12.3402,17.1964,26.8083,68.0846,3.7724,2.2267,-2.0380,8.7672,8.0000,8.7428,0.7620,2.0804,8.5646,2.6522,-0.1798,0.0000,0.0000
Bullish_Scanner,2026-02-23,CIEINDIA,Midcap,"Castings, Forgings & Fasteners",backtest,688,ok,2026-02-23,526.0000,471.9500,493.8000,5.2093,7.8519,20.2191,19.4340,11.9442,17.7287,16.5918,80.8950,3.7891,17.5159,-6.1217,8.4157,7.0000,10.9457,0.4043,6.5209,10.2757,2.6522,-0.1798,0.0000,0.0000
Bullish_Scanner,2026-02-23,INDIANB,Largecap,Bank,backtest,689,ok,2026-02-23,986.0000,952.0500,982.7500,3.8080,10.5580,12.1285,13.4946,9.2230,15.1005,32.4194,69.6305,2.6987,2.1160,-0.3296,9.2412,6.0000,3.4546,0.9043,0.3307,3.4432,2.6522,-0.1798,1.0000,0.0000
63_30_daily,2026-02-24,BANDHANBNK,Largecap,Bank,backtest,690,ok,2026-02-24,181.8700,172.8100,180.5500,3.9735,7.1959,21.1582,20.0785,10.3320,18.0349,10.6371,76.0316,2.7191,2.1509,-6.1980,9.2140,8.0000,5.0180,0.8543,0.7311,4.9816,0.9901,-1.2629,0.0000,0.0000
Bullish_Scanner,2026-02-24,J&KBANK,Midcap,Bank,backtest,691,ok,2026-02-24,115.5000,105.2500,110.0500,3.2945,5.2606,6.1337,2.8697,5.3634,7.2558,5.1708,64.2203,2.6456,13.2816,-6.1407,8.5778,6.0000,9.3139,0.4683,4.9523,8.8745,0.9901,-1.2629,0.0000,0.0000
Bullish_Scanner,2026-02-25,NATCOPHARM,Midcap,Healthcare,backtest,692,ok,2026-02-25,990.0000,942.9500,978.2000,3.5297,9.8484,19.5113,8.3038,13.2173,11.4964,11.0836,73.7607,3.6342,2.4532,-7.6298,9.3692,7.0000,4.8099,0.7492,1.2063,4.7525,0.5514,-0.9948,0.0000,0.0000
63_30_daily,2026-02-26,FINCABLES,Largecap,Industrials,backtest,693,ok,2026-02-26,882.0000,826.2000,873.3500,5.6557,8.9373,22.8686,17.2518,9.9394,12.9911,4.1350,69.8219,3.1018,4.6242,-15.0438,8.4281,5.0000,6.3892,0.8450,0.9904,6.3265,0.3055,-0.8994,0.0000,0.0000
63_30_daily,2026-02-26,FUSION,Smallcap,Financials,backtest,694,ok,2026-02-26,205.9000,189.9800,204.0900,6.8198,8.6683,8.9642,20.9924,8.5348,16.6643,15.2042,70.2899,3.5370,5.4715,-3.6402,7.9684,6.0000,7.8005,0.8863,0.8869,7.7319,0.3055,-0.8994,0.0000,0.0000
63_30_daily,2026-02-26,JYOTISTRUC,Smallcap,Industrials,backtest,695,ok,2026-02-26,13.4600,11.9600,12.9700,7.3676,5.8776,33.7113,15.3915,16.3020,28.8317,-10.2484,69.4324,6.2617,2.1393,-41.5239,8.2043,6.0000,11.5652,0.6733,3.7779,11.1441,0.3055,-0.8994,0.0000,0.0000
63_30_daily,2026-02-26,VARDMNPOLY,Smallcap,Textiles,backtest,696,ok,2026-02-26,9.0900,7.7600,8.7400,9.7990,14.0992,45.1827,30.8383,21.9563,35.3612,-0.1696,70.1166,8.3361,1.7480,-36.3901,7.3869,6.0000,15.2174,0.7368,4.0046,14.6315,0.3055,-0.8994,0.0000,0.0000
63_30_daily,2026-02-26,VIYASH,Midcap,Healthcare,backtest,697,ok,2026-02-26,240.0000,216.2100,225.4900,2.8367,4.5290,11.5459,4.3356,5.1866,8.1570,13.6716,60.5803,4.5881,1.2387,-12.5499,8.2005,6.0000,10.5504,0.3901,6.4349,9.9125,0.3055,-0.8994,0.0000,0.0000
Bullish_Scanner,2026-02-26,J&KBANK,Midcap,Bank,backtest,698,ok,2026-02-26,122.2500,113.2000,121.2300,7.9423,17.3913,16.1763,13.1193,14.7495,17.3999,15.6637,77.3359,2.9908,8.7402,-0.8344,8.7794,8.0000,7.4652,0.8873,0.8414,7.4029,0.3055,-0.8994,1.0000,0.0000
63_30_daily,2026-02-27,CHENNPETRO,Largecap,Energy,backtest,699,ok,2026-02-27,973.0000,911.0500,961.9500,4.9648,8.8610,11.0733,2.1612,6.9448,11.4616,21.5072,66.9695,3.1027,4.6782,-12.7879,8.9899,6.0000,6.4400,0.8216,1.1487,6.3669,-0.5608,-2.0831,0.0000,0.0000
63_30_daily,2026-02-27,SUNTV,Largecap,Media,backtest,700,ok,2026-02-27,655.0000,609.7500,647.6500,5.9290,10.7757,16.5362,17.4130,11.1946,13.7937,12.6630,72.1025,3.5640,4.1849,-6.3277,8.3892,8.0000,6.9868,0.8376,1.1349,6.9084,-0.5608,-2.0831,0.0000,1.0000
Bullish_Scanner,2026-02-27,SUNTV,Largecap,Media,backtest,701,ok,2026-02-27,655.0000,609.7500,647.6500,5.9290,10.7757,16.5362,17.4130,11.1946,13.7937,12.6630,72.1025,3.5640,4.1849,-6.3277,8.3892,8.0000,6.9868,0.8376,1.1349,6.9084,-0.5608,-2.0831,0.0000,1.0000
Wkly_upswing,2026-03-02,ANANDRATHI,Largecap,Financials,backtest,702,ok,2026-03-06,1620.5000,1500.0000,1599.3500,0.0250,4.0871,8.6663,11.5307,4.9723,5.0316,15.5330,73.8589,2.0104,0.9170,-3.6942,8.6893,6.0000,7.5343,0.8245,1.3224,7.4360,-4.6498,-4.5281,0.0000,0.0000
63_30_daily,2026-03-05,SAILIFE,Largecap,Healthcare,backtest,703,ok,2026-03-05,1084.0000,1009.0000,1069.2000,6.4622,15.7393,32.0000,24.3111,13.7144,18.1303,24.9439,72.3572,3.3647,1.5226,-1.3653,8.9360,6.0000,7.0146,0.8027,1.3842,6.9188,-3.9188,-3.4263,0.0000,0.0000
63_30_daily,2026-03-09,APOLLOPIPE,Smallcap,Plastic products,backtest,704,ok,2026-03-09,416.9000,332.5500,395.8000,13.0534,10.5587,26.2923,29.7918,17.3114,29.8812,10.7325,76.3881,5.2534,29.1063,-20.0323,8.6892,6.0000,21.3113,0.7499,5.3310,20.2327,-6.4827,-6.0197,0.0000,0.0000
63_30_daily,2026-03-10,JPOLYINVST,Smallcap,Financials,backtest,705,ok,2026-03-10,1487.7000,1350.2000,1415.6000,7.6502,21.2298,39.2485,31.0498,17.7540,32.4285,48.2438,71.3798,6.9410,18.2659,-4.8464,8.6325,4.0000,9.7132,0.4756,5.0932,9.2425,-6.2075,-4.9665,0.0000,0.0000
63_30_daily,2026-03-10,NEOGEN,Midcap,Chemicals,backtest,706,ok,2026-03-10,1501.0000,1389.1000,1489.2000,6.3714,7.8427,12.5624,35.2834,9.7769,16.6701,5.6534,63.6365,4.7585,1.1723,-22.6791,8.0820,5.0000,7.5141,0.8945,0.7924,7.4550,-6.2075,-4.9665,0.0000,0.0000
Bullish_Scanner,2026-03-10,AUROPHARMA,Largecap,Healthcare,backtest,707,ok,2026-03-10,1291.8000,1249.0000,1285.9000,3.0947,6.2376,6.8290,9.6623,8.0620,8.4628,12.3031,67.1026,3.1057,1.0024,-0.4567,9.4230,7.0000,3.3284,0.8621,0.4588,3.3132,-6.2075,-4.9665,0.0000,0.0000
Bullish_Scanner,2026-03-11,AKUMS,Midcap,Healthcare,backtest,708,ok,2026-03-11,515.0000,494.0000,507.2500,1.3284,8.5723,8.2133,17.8418,5.6694,10.7961,5.3161,65.7020,3.3711,0.9477,-18.5729,8.2426,6.0000,4.1400,0.6310,1.5278,4.0777,-7.9749,-6.3531,0.0000,0.0000
Bullish_Scanner,2026-03-11,KTKBANK,Midcap,Bank,backtest,709,ok,2026-03-11,233.0000,221.0000,228.7300,3.3528,13.8640,10.6580,13.1207,10.3252,15.2589,20.2140,68.3720,3.9170,2.9914,-1.8326,8.9613,6.0000,5.2464,0.6442,1.8668,5.1502,-7.9749,-6.3531,0.0000,0.0000
63_30_daily,2026-03-12,VIDYAWIRES,Smallcap,Industrials,backtest,710,ok,2026-03-12,59.4700,52.3000,55.9000,3.4610,6.5777,15.4959,13.4334,10.8885,14.0993,,66.2744,5.0383,7.0513,,8.0181,5.0000,12.8265,0.5021,6.3864,12.0565,-8.9185,-7.0786,0.0000,0.0000
Bullish_Scanner,2026-03-12,COALINDIA,Largecap,Metals & Mining,backtest,711,ok,2026-03-12,474.0000,445.0000,470.1000,5.2266,4.6061,11.0691,22.2786,8.8339,9.5526,18.3397,69.0633,2.8079,2.7792,-0.8228,9.6800,5.0000,6.1689,0.8655,0.8296,6.1181,-8.9185,-7.0786,0.0000,0.0000
63_30_daily,2026-03-16,AEROFLEX,Midcap,Metals & Mining,backtest,712,ok,2026-03-16,251.0000,234.4500,246.9100,5.4315,14.4745,32.4767,35.6350,10.1225,24.1906,31.1910,68.4574,4.9671,2.0928,-1.6295,8.9377,5.0000,6.7028,0.7529,1.6565,6.5936,-8.0966,-7.5839,0.0000,0.0000
63_30_daily,2026-03-17,CHENNPETRO,Largecap,Energy,backtest,713,ok,2026-03-17,1077.7000,968.0000,1065.0500,7.7386,14.5646,19.8099,19.5275,13.3240,19.8126,31.9116,66.8797,6.4507,4.2792,-3.4406,9.4408,5.0000,10.3000,0.8847,1.1877,10.1791,-8.1829,-6.7145,1.0000,0.0000
63_30_daily,2026-03-18,EMMVEE,Largecap,Industrials,backtest,714,ok,2026-03-18,238.5600,216.3800,238.5600,9.9963,15.5982,10.1741,28.8399,16.2814,16.3014,,70.6322,5.4446,2.2486,,8.6042,8.0000,9.2974,1.0000,0.0000,9.2974,-7.5707,-5.7463,0.0000,0.0000
63_30_daily,2026-03-18,JAINREC,Midcap,Metals & Mining,backtest,715,ok,2026-03-18,451.8000,424.5000,438.9500,2.7745,1.1406,17.4605,9.3820,8.3499,9.7353,,68.6240,4.4026,2.5740,,8.6902,6.0000,6.2194,0.5293,2.9274,6.0425,-7.5707,-5.7463,0.0000,0.0000
63_30_daily,2026-03-18,KSB,Midcap,Industrials,backtest,716,ok,2026-03-18,823.0500,758.8500,811.3000,6.5957,6.1911,12.4931,5.8793,8.3525,10.9710,3.0597,68.0788,4.3079,0.5858,-11.0417,8.9557,8.0000,7.9132,0.8170,1.4483,7.8003,-7.5707,-5.7463,0.0000,0.0000
Bullish_Scanner,2026-03-18,GODAVARIB,Smallcap,FMCG,backtest,717,ok,2026-03-18,342.5500,304.7500,324.7500,5.5754,10.0661,15.8373,19.8384,12.5114,17.0207,19.0214,64.9324,6.1982,3.4019,-6.8684,8.2795,5.0000,11.6397,0.5291,5.4811,11.0349,-7.5707,-5.7463,0.0000,0.0000
Bullish_Scanner,2026-03-20,AETHER,Largecap,Chemicals,backtest,718,ok,2026-03-20,1180.0000,1076.4500,1155.5500,8.1419,15.5030,20.3573,36.5172,15.5868,16.4192,37.3080,71.2340,5.0431,6.5850,-2.0720,8.4851,6.0000,8.9611,0.7639,2.1159,8.7754,-9.1923,-7.9148,0.0000,0.0000
63_30_daily,2026-03-23,ACI,Midcap,Chemicals,backtest,719,ok,2026-03-23,622.0000,583.0500,612.1500,1.8129,6.4054,9.3516,18.9680,7.8716,8.9609,0.1820,62.0657,4.5402,2.8751,-15.8672,7.9878,6.0000,6.3628,0.7471,1.6091,6.2621,-11.9611,-10.0525,0.0000,0.0000
63_30_daily,2026-03-25,MAHSEAMLES,Midcap,Metals & Mining,backtest,720,ok,2026-03-25,581.8000,553.5000,579.7500,5.2942,2.7743,8.5979,5.1987,4.3312,7.7400,-4.0826,60.7039,3.4652,1.3637,-25.0775,8.1208,6.0000,4.8814,0.9276,0.3536,4.8642,-8.3313,-6.4817,0.0000,0.0000
63_30_daily,2026-03-25,TRIVENI,Midcap,FMCG,backtest,721,ok,2026-03-25,419.6000,372.0500,407.4000,10.0189,21.4488,7.2105,5.2577,9.7440,10.8216,11.8708,64.4888,4.8680,33.3979,-12.9673,8.6986,4.0000,11.6716,0.7434,2.9946,11.3322,-8.3313,-6.4817,0.0000,0.0000
Bullish_Scanner,2026-03-25,GRANULES,Largecap,Healthcare,backtest,722,ok,2026-03-25,640.0000,608.4500,629.0500,3.7437,7.1362,4.9116,1.8952,8.0540,8.8175,16.1785,64.5812,3.5638,4.0043,-1.7109,8.7095,7.0000,5.0155,0.6529,1.7407,4.9297,-8.3313,-6.4817,0.0000,0.0000
63_30_daily,2026-03-27,ACMESOLAR,Largecap,Realty,backtest,723,ok,2026-03-27,274.0000,251.1600,269.4100,6.0168,2.8165,15.1719,14.9507,11.8791,17.3724,5.3576,64.4408,5.7072,6.4761,-16.9257,8.8030,7.0000,8.4778,0.7990,1.7037,8.3358,-10.4499,-8.2164,0.0000,0.0000
63_30_daily,2026-03-27,DWARKESH,Smallcap,FMCG,backtest,724,ok,2026-03-27,42.5000,39.7300,42.0500,2.8369,11.6866,19.6642,13.9566,9.1712,15.3914,2.1987,64.2951,5.6922,2.8014,-20.0570,7.7958,6.0000,6.5874,0.8375,1.0702,6.5176,-10.4499,-8.2164,0.0000,0.0000
63_30_daily,2026-03-27,SPLPETRO,Midcap,Energy,backtest,725,ok,2026-03-27,786.9500,664.0000,755.2000,12.4646,15.8460,16.7865,17.6507,11.5860,20.7192,5.1418,66.3248,4.8123,9.7501,-22.8601,8.1271,4.0000,16.2805,0.7418,4.2042,15.6236,-10.4499,-8.2164,0.0000,0.0000
Bullish_Scanner,2026-03-27,ATHERENERG,Largecap,Auto,backtest,726,ok,2026-03-27,802.9000,759.0500,796.3500,2.5365,5.5747,12.7495,8.8058,10.0566,14.8680,38.3683,68.8500,4.5664,1.7748,-0.8158,9.2650,8.0000,5.5064,0.8506,0.8225,5.4615,-10.4499,-8.2164,0.0000,0.0000
63_30_daily,2026-03-30,ASTERDM,Largecap,Healthcare,backtest,727,ok,2026-03-30,709.6000,645.6500,670.0000,0.2994,6.8666,3.1642,8.6164,2.0847,8.8694,7.1087,58.6537,4.2841,0.8105,-8.4949,8.8035,5.0000,9.5448,0.3808,5.9104,9.0121,-12.4140,-9.9336,0.0000,0.0000
Wkly_upswing,2026-03-30,MBAPL,Smallcap,Chemicals,backtest,728,ok,2026-04-02,107.4000,90.8500,106.3500,5.3387,17.0998,18.1010,23.7203,14.9227,18.2550,25.2724,73.5832,4.2636,1.5999,-0.9777,8.2702,5.0000,15.5618,0.9366,0.9873,15.4097,-8.6569,-7.9511,0.0000,1.0000
63_30_daily,2026-04-01,AUROPHARMA,Largecap,Healthcare,backtest,729,ok,2026-04-01,1359.9000,1325.9000,1342.1000,2.8902,4.9582,9.9721,13.4489,5.2136,10.7155,16.2882,66.5764,2.7005,1.6349,-1.3089,9.3209,6.0000,2.5333,0.4765,1.3263,2.5002,-9.9261,-8.3092,0.0000,0.0000
Bullish_Scanner,2026-04-01,MBAPL,Smallcap,Chemicals,backtest,730,ok,2026-04-01,101.9900,93.4000,100.9600,9.6319,14.3375,7.6907,17.9301,10.0675,12.9501,19.1794,68.1126,3.9506,2.1212,-1.0099,8.2601,5.0000,8.5083,0.8801,1.0202,8.4224,-9.9261,-8.3092,0.0000,0.0000
63_30_daily,2026-04-06,ADANIPOWER,Largecap,Power & Utilities,backtest,731,ok,2026-04-06,165.1000,161.0500,163.2600,2.0566,6.2545,18.4588,11.6689,9.0486,12.3862,18.1425,68.0195,4.1415,3.7929,-10.6404,9.7785,7.0000,2.4807,0.5457,1.1270,2.4531,-6.1774,-6.7192,0.0000,0.0000
63_30_daily,2026-04-06,ZYDUSWELL,Midcap,FMCG,backtest,732,ok,2026-04-06,527.6500,447.2500,509.3500,14.9645,11.2239,35.0703,5.5210,21.5118,23.5096,17.8371,72.5304,6.3856,7.0069,-4.0591,9.3834,6.0000,15.7848,0.7724,3.5928,15.2374,-6.1774,-6.7192,0.0000,0.0000
Bullish_Scanner,2026-04-06,GRANULES,Largecap,Healthcare,backtest,733,ok,2026-04-06,649.0000,602.2000,644.0000,4.9544,2.3766,16.1721,4.6559,8.4929,10.6824,18.4350,64.6538,3.6252,1.2611,-0.7704,8.7558,5.0000,7.2671,0.8932,0.7764,7.2111,-6.1774,-6.7192,1.0000,0.0000
Wkly_upswing,2026-04-06,GAEL,Midcap,FMCG,backtest,734,ok,2026-04-10,154.8000,140.3500,151.8300,-0.6283,8.1795,15.0576,15.5567,11.0254,10.4938,27.5326,66.7237,3.9104,1.1049,-1.9186,8.0560,8.0000,9.5172,0.7945,1.9561,9.3346,-0.8697,-1.8626,0.0000,0.0000
Wkly_upswing,2026-04-06,PRECWIRE,Midcap,Metals & Mining,backtest,735,ok,2026-04-10,341.9000,291.5500,339.6500,3.2685,13.1978,-3.6864,49.8169,11.1229,16.0426,48.3137,62.5480,4.6813,1.0823,-4.6195,8.4650,5.0000,14.8241,0.9553,0.6624,14.7265,-0.8697,-1.8626,0.0000,0.0000
Wkly_upswing,2026-04-06,ROSSTECH,Midcap,Aerospace & Defence,backtest,736,ok,2026-04-10,957.9000,715.0000,916.4000,14.8011,26.5571,25.9051,59.6933,26.8536,28.9832,40.2431,75.6793,5.1767,22.8962,-4.3324,7.9262,8.0000,26.5059,0.8291,4.5286,25.3576,-0.8697,-1.8626,0.0000,0.0000
Wkly_upswing,2026-04-06,RPTECH,Midcap,I.T,backtest,737,ok,2026-04-10,407.0000,362.0500,404.7500,4.8032,10.9816,11.2256,9.8670,13.6308,12.2425,22.4316,71.2456,4.2125,1.6102,-0.9665,7.6769,8.0000,11.1056,0.9499,0.5559,11.0442,-0.8697,-1.8626,0.0000,0.0000
Wkly_upswing,2026-04-06,STEELCAS,Smallcap,"Castings, Forgings & Fasteners",backtest,738,ok,2026-04-10,285.0000,233.0000,281.1300,2.9856,20.3313,23.0813,33.4267,19.8407,22.4849,27.2165,75.9595,4.9011,1.4871,-1.3579,7.2968,8.0000,18.4968,0.9256,1.3766,18.2456,-0.8697,-1.8626,0.0000,0.0000
63_30_daily,2026-04-07,BODALCHEM,Smallcap,Chemicals,backtest,739,ok,2026-04-07,66.1000,59.0000,64.2600,5.9173,12.3230,43.4375,22.7742,26.4587,30.2270,8.0043,72.8660,7.6286,1.9260,-21.1437,7.5916,8.0000,11.0489,0.7408,2.8634,10.7413,-6.6311,-5.9269,0.0000,0.0000
Bullish_Scanner,2026-04-07,ALIVUS,Midcap,Healthcare,backtest,740,ok,2026-04-07,1042.6500,995.0000,1039.8000,3.4010,6.0155,14.2637,15.7133,8.5825,11.6256,10.3624,73.1665,3.8064,1.1888,-15.1253,7.9215,7.0000,4.5826,0.9402,0.2741,4.5701,-6.6311,-5.9269,0.0000,0.0000
63_30_daily,2026-04-08,SUYOG,Smallcap,Telecom,backtest,741,ok,2026-04-08,780.0000,680.1000,769.0500,14.2125,25.1811,9.8329,26.8118,15.9631,20.4079,5.5058,66.4978,6.3218,4.8348,-22.2396,7.5286,7.0000,12.9901,0.8904,1.4238,12.8077,-1.8531,-2.2802,0.0000,0.0000
Bullish_Scanner,2026-04-08,ANANDRATHI,Largecap,Financials,backtest,742,ok,2026-04-08,1705.1000,1660.3000,1699.2500,3.2163,11.9622,6.2463,7.3403,9.6101,11.6178,17.8850,75.9216,2.9206,2.3704,-0.3431,8.7789,9.0000,2.6365,0.8694,0.3443,2.6274,-1.8531,-2.2802,0.0000,0.0000
Bullish_Scanner,2026-04-08,ARFIN,Smallcap,Metals & Mining,backtest,743,ok,2026-04-08,87.8000,80.0000,86.5100,12.5699,18.0379,12.4090,15.5469,11.8025,14.5364,46.5933,70.5926,4.3182,3.2489,-1.4692,7.9660,7.0000,9.0163,0.8346,1.4912,8.8838,-1.8531,-2.2802,0.0000,0.0000
63_30_daily,2026-04-09,ELECTCAST,Smallcap,"Castings, Forgings & Fasteners",backtest,744,ok,2026-04-09,86.5000,81.6000,84.0900,1.9891,3.6229,37.6268,17.7236,11.5452,15.7627,-5.6224,61.3466,6.2527,0.9854,-39.3946,8.6223,6.0000,5.8271,0.5082,2.8660,5.6647,-1.0527,-3.0657,0.0000,0.0000
63_30_daily,2026-04-09,ZENTEC,Midcap,Aerospace & Defence,backtest,745,ok,2026-04-09,1582.0000,1441.0000,1533.2000,5.7088,13.9587,6.4205,15.2782,9.5131,11.9405,4.3183,66.5503,4.2181,6.0021,-32.3986,8.9202,8.0000,9.1965,0.6539,3.1829,8.9128,-1.0527,-3.0657,0.0000,0.0000
Bullish_Scanner,2026-04-09,BELRISE,Largecap,Auto,backtest,746,ok,2026-04-09,204.4000,193.3900,202.2300,4.1295,6.8079,4.7118,13.8106,7.6169,9.9105,28.8964,62.6776,4.2618,1.7972,-1.0616,9.0644,7.0000,5.4443,0.8029,1.0730,5.3865,-1.0527,-3.0657,0.0000,0.0000
Bullish_Scanner,2026-04-09,HONASA,Midcap,Services,backtest,747,ok,2026-04-09,348.6500,316.6000,332.3500,6.0466,8.0989,15.8822,10.7649,14.0186,14.1300,15.6717,71.1165,4.3908,15.2273,-4.6752,8.5677,7.0000,9.6434,0.4914,4.9045,9.1926,-1.0527,-3.0657,0.0000,0.0000
63_30_daily,2026-04-10,ACI,Midcap,Chemicals,backtest,748,ok,2026-04-10,630.8500,608.5500,615.7000,1.1749,5.4461,12.2209,19.8559,4.8187,6.8566,1.1239,60.8348,4.0888,0.6361,-15.3793,8.0670,6.0000,3.6219,0.3206,2.4606,3.5349,-0.8697,-1.8626,1.0000,0.0000
63_30_daily,2026-04-10,ATLANTAELE,Midcap,Industrials,backtest,749,ok,2026-04-10,1350.8000,1290.0000,1310.4000,2.5673,8.7288,29.9227,59.2611,14.1436,34.1289,,72.6109,6.1115,1.0144,-2.9908,8.5099,7.0000,4.6398,0.3355,3.0830,4.5010,-0.8697,-1.8626,0.0000,0.0000
63_30_daily,2026-04-10,HIRECT,Smallcap,Consumer Discretionary,backtest,750,ok,2026-04-10,847.4000,715.0000,840.4000,19.0031,21.2261,16.7709,21.3311,15.3884,20.9753,11.0647,64.7991,6.6333,21.0142,-20.2846,8.1454,4.0000,15.7544,0.9471,0.8329,15.6243,-0.8697,-1.8626,0.0000,0.0000
Bullish_Scanner,2026-04-10,INOXINDIA,Midcap,Industrials,backtest,751,ok,2026-04-10,1325.0000,1226.0000,1305.1000,6.6345,5.0551,9.4332,12.2667,8.5462,11.8525,11.4058,66.9295,4.0621,5.6695,-1.5019,8.3251,5.0000,7.5856,0.7990,1.5248,7.4717,-0.8697,-1.8626,0.0000,0.0000
Bullish_Scanner,2026-04-10,ISGEC,Midcap,Realty,backtest,752,ok,2026-04-10,1009.5000,961.3500,1001.1500,5.0580,9.5350,6.2792,20.6786,9.9675,15.3671,7.1467,70.2720,3.9847,1.4709,-21.8645,8.0116,7.0000,4.8095,0.8266,0.8340,4.7697,-0.8697,-1.8626,0.0000,0.0000
Bullish_Scanner,2026-04-10,SBC,Smallcap,Textiles,backtest,753,ok,2026-04-10,33.6200,32.2600,33.2200,3.2639,8.6331,3.2639,15.9107,5.7036,6.8401,35.2667,67.9312,3.7069,1.2804,-1.1898,8.5343,6.0000,4.0939,0.7059,1.2041,4.0452,-0.8697,-1.8626,0.0000,0.0000
63_30_daily,2026-04-13,ACMESOLAR,Largecap,Realty,backtest,754,ok,2026-04-13,289.1500,269.0500,284.0500,5.7324,1.3559,23.3713,27.1942,8.9489,18.0027,10.5962,65.1885,4.8689,3.0646,-12.4113,8.9544,5.0000,7.0762,0.7463,1.7955,6.9514,-0.1014,-2.6052,1.0000,0.0000
Bullish_Scanner,2026-04-13,AKUMS,Midcap,Healthcare,backtest,755,ok,2026-04-13,527.6000,498.8000,524.4000,1.6378,6.2937,3.3810,17.8957,7.8535,10.1748,10.7315,61.8018,4.2300,2.1040,-15.8199,7.9308,5.0000,5.4920,0.8889,0.6102,5.4587,-0.1014,-2.6052,1.0000,0.0000
Wkly_upswing,2026-04-13,AZAD,Midcap,Aerospace & Defence,backtest,756,ok,2026-04-17,1923.7000,1655.0000,1904.3000,2.3102,13.8323,27.3950,21.8830,19.9691,18.6116,18.7690,78.3732,4.1042,1.4497,-1.0085,8.7387,10.0000,14.1102,0.9278,1.0187,13.9679,4.0359,-0.2492,0.0000,0.0000
Wkly_upswing,2026-04-13,BHEL,Largecap,Industrials,backtest,757,ok,2026-04-17,317.8000,276.4900,316.7900,2.4348,14.2821,24.9665,18.4483,18.7178,20.1358,23.6901,74.9058,3.8412,1.7498,-0.3178,9.6208,8.0000,13.0402,0.9756,0.3188,12.9987,4.0359,-0.2492,1.0000,0.0000
Wkly_upswing,2026-04-13,ENGINERSIN,Midcap,Realty,backtest,758,ok,2026-04-17,247.5600,206.2300,241.8000,5.9040,15.9212,27.9433,22.8596,19.7412,20.6376,18.8223,72.9565,4.4136,6.5125,-5.3435,9.0240,8.0000,17.0926,0.8606,2.3821,16.6949,4.0359,-0.2492,0.0000,0.0000
Wkly_upswing,2026-04-13,GMDCLTD,Midcap,Metals & Mining,backtest,759,ok,2026-04-17,771.9000,590.2500,736.9000,-1.3190,21.9327,38.4890,28.7499,23.2506,27.0750,38.9459,79.1898,4.4176,4.4345,-4.5343,9.7471,7.0000,24.6506,0.8073,4.7496,23.5328,4.0359,-0.2492,0.0000,0.0000
Wkly_upswing,2026-04-13,IMFA,Midcap,Metals & Mining,backtest,760,ok,2026-04-17,1582.7000,1358.3000,1565.4000,0.8764,14.5052,31.5241,23.4056,19.6945,20.6794,37.3675,76.4527,4.3093,1.7098,-1.0931,8.4144,9.0000,14.3350,0.9229,1.1051,14.1783,4.0359,-0.2492,0.0000,0.0000
Wkly_upswing,2026-04-13,JAYNECOIND,Midcap,Metals & Mining,backtest,761,ok,2026-04-17,99.7000,79.3100,96.2300,-2.5025,17.2536,36.1296,10.1156,21.7185,24.3365,39.2089,72.6622,5.1328,0.9663,-3.4804,8.7362,7.0000,21.1888,0.8298,3.6059,20.4514,4.0359,-0.2492,0.0000,0.0000
Wkly_upswing,2026-04-13,KRN,Midcap,Industrials,backtest,762,ok,2026-04-17,1290.0000,937.1000,1269.9000,5.3509,31.7050,49.3561,76.0205,33.5967,44.5433,53.0957,81.3830,4.6106,2.4914,-1.5581,9.0801,9.0000,27.7896,0.9430,1.5828,27.3566,4.0359,-0.2492,0.0000,0.0000
Wkly_upswing,2026-04-13,LAURUSLABS,Largecap,Healthcare,backtest,763,ok,2026-04-17,1142.3500,1072.5500,1135.7500,0.6558,4.8030,18.2088,4.1495,9.2354,10.7266,19.0505,67.8425,2.8439,0.6430,-0.5778,9.2779,8.0000,6.1457,0.9054,0.5811,6.1102,4.0359,-0.2492,0.0000,0.0000
Wkly_upswing,2026-04-13,MAHLOG,Smallcap,Transportation,backtest,764,ok,2026-04-17,436.7000,371.5500,431.6000,3.1056,13.1027,14.8942,41.4850,15.8596,11.9913,24.2904,68.6920,4.6877,2.2391,-1.1679,7.9019,7.0000,15.0950,0.9217,1.1817,14.9187,4.0359,-0.2492,0.0000,0.0000
Wkly_upswing,2026-04-13,RAMRAT,Midcap,Metals & Mining,backtest,765,ok,2026-04-17,414.6500,317.5500,389.8000,12.8057,19.4423,30.0851,31.3121,22.6702,22.5266,20.5596,78.2074,4.8312,52.6022,-5.9930,7.9315,8.0000,24.9102,0.7441,6.3751,23.4173,4.0359,-0.2492,0.0000,0.0000
Wkly_upswing,2026-04-13,SAIL,Largecap,Metals & Mining,backtest,766,ok,2026-04-17,174.9900,160.7500,173.3300,1.1732,6.1096,19.7940,13.7038,9.7133,10.0153,23.6680,67.0216,3.9281,0.9190,-0.9486,9.6342,7.0000,8.2155,0.8834,0.9577,8.1376,4.0359,-0.2492,0.0000,0.0000
Wkly_upswing,2026-04-13,SALSTEEL,Smallcap,Metals & Mining,backtest,767,ok,2026-04-17,57.7500,42.1600,56.7900,0.6558,34.6692,41.4798,38.5798,35.1419,29.3268,69.7174,80.9646,6.4209,1.0273,-1.6623,7.0943,9.0000,27.4520,0.9384,1.6904,26.9957,4.0359,-0.2492,1.0000,0.0000
Wkly_upswing,2026-04-13,SYRMA,Largecap,Consumer Discretionary,backtest,768,ok,2026-04-17,993.0000,844.5000,978.1000,0.9652,15.4236,34.3913,38.5313,18.4667,19.3006,26.8678,74.8678,3.9797,1.0095,-1.5005,9.1456,7.0000,15.1825,0.8997,1.5234,14.9547,4.0359,-0.2492,0.0000,0.0000
Wkly_upswing,2026-04-13,TATAPOWER,Largecap,Power & Utilities,backtest,769,ok,2026-04-17,432.0000,390.2500,427.6000,0.2344,8.3354,9.4866,16.3854,7.7037,11.1521,10.4910,73.1124,2.7228,0.6928,-1.0185,9.6278,8.0000,9.7638,0.8946,1.0290,9.6644,4.0359,-0.2492,0.0000,1.0000
63_30_daily,2026-04-15,IGIL,Midcap,Miscellaneous,backtest,770,ok,2026-04-15,355.0000,341.0000,351.1000,4.0142,10.6001,9.4110,12.1904,7.1170,7.2091,2.5580,62.8493,3.6304,0.6738,-20.5656,8.3412,6.0000,3.9875,0.7214,1.1108,3.9437,2.5050,-0.9276,0.0000,0.0000
63_30_daily,2026-04-15,JINDALSAW,Midcap,Industrials,backtest,771,ok,2026-04-15,220.4000,208.2500,219.2400,6.9620,14.8455,10.2817,35.7355,12.7430,16.9204,14.4222,68.6952,4.3999,0.6516,-19.9562,8.9743,8.0000,5.5419,0.9045,0.5291,5.5127,2.5050,-0.9276,0.0000,1.0000
63_30_daily,2026-04-15,JSWENERGY,Largecap,Power & Utilities,backtest,772,ok,2026-04-15,534.8000,518.4000,528.2000,3.6499,8.2821,1.9101,6.8906,6.2675,8.3783,4.3709,62.8702,3.8818,1.3186,-5.2386,9.3079,6.0000,3.1049,0.5976,1.2495,3.0666,2.5050,-0.9276,0.0000,0.0000
63_30_daily,2026-04-15,WSTCSTPAPR,Smallcap,Building Materials,backtest,773,ok,2026-04-15,491.6000,463.0000,487.6500,5.8958,9.4981,22.6484,20.6308,13.0763,15.6901,6.7697,69.9027,4.3899,2.3839,-16.3551,7.6881,8.0000,5.8649,0.8619,0.8100,5.8177,2.5050,-0.9276,0.0000,0.0000
Bullish_Scanner,2026-04-15,GPIL,Midcap,Metals & Mining,backtest,774,ok,2026-04-15,304.9500,292.2000,303.3500,4.9291,6.4946,14.6014,17.0332,11.6242,14.7899,24.9026,69.8959,3.8699,2.4148,-0.5247,8.9431,5.0000,4.2031,0.8745,0.5274,4.1810,2.5050,-0.9276,0.0000,0.0000
Bullish_Scanner,2026-04-15,JINDALSAW,Midcap,Industrials,backtest,775,ok,2026-04-15,220.4000,208.2500,219.2400,6.9620,14.8455,10.2817,35.7355,12.7430,16.9204,14.4222,68.6952,4.3999,0.6516,-19.9562,8.9743,8.0000,5.5419,0.9045,0.5291,5.5127,2.5050,-0.9276,0.0000,1.0000
Bullish_Scanner,2026-04-15,KIRLOSENG,Largecap,Industrials,backtest,776,ok,2026-04-15,1613.2000,1500.0000,1597.0000,7.5421,14.2101,8.7208,41.8421,12.7622,16.1107,45.8375,70.0370,4.6413,4.3584,-1.0042,8.7357,7.0000,7.0883,0.8569,1.0144,7.0171,2.5050,-0.9276,0.0000,0.0000
Bullish_Scanner,2026-04-15,NMDC,Largecap,Metals & Mining,backtest,777,ok,2026-04-15,87.9700,86.6300,87.1700,1.5849,6.6430,7.7903,6.1495,8.9251,7.7881,14.0450,67.7995,3.1416,0.8500,-0.9094,9.3084,8.0000,1.5372,0.4030,0.9178,1.5233,2.5050,-0.9276,0.0000,0.0000
Bullish_Scanner,2026-04-15,TATAPOWER,Largecap,Power & Utilities,backtest,778,ok,2026-04-15,423.9000,410.0000,421.8500,3.0033,8.8084,4.8987,14.4931,7.1828,10.3542,9.0794,70.9840,3.1096,1.6358,-0.4836,9.6150,7.0000,3.2950,0.8525,0.4860,3.2791,2.5050,-0.9276,0.0000,0.0000
63_30_daily,2026-04-16,HEG,Midcap,Industrials,backtest,779,date_not_in_data,2026-04-16,,,,,,,,,,,,,,,,,,,,,,,0.0000,0.0000
63_30_daily,2026-04-16,SGFIN,Smallcap,Financials,backtest,780,ok,2026-04-16,532.7000,467.5000,516.7000,11.5019,14.4915,36.5486,29.1750,20.1251,27.9946,31.5634,75.7963,5.7501,15.0031,-3.0036,8.3376,7.0000,12.6185,0.7546,3.0966,12.2395,4.5166,-0.9699,0.0000,1.0000
Bullish_Scanner,2026-04-16,IGIL,Midcap,Miscellaneous,backtest,781,ok,2026-04-16,384.9500,357.0000,368.9500,5.0840,10.0030,19.4593,18.0640,11.5402,12.3423,7.7511,69.3671,3.6755,2.4668,-16.5271,8.3828,7.0000,7.5756,0.4275,4.3366,7.2607,4.5166,-0.9699,0.0000,1.0000
Bullish_Scanner,2026-04-16,NLCINDIA,Largecap,Power & Utilities,backtest,782,ok,2026-04-16,307.4500,276.0500,297.7500,8.1940,10.4619,14.7399,14.4532,10.6004,13.5285,18.0003,69.2904,3.8395,17.1305,-3.1550,9.0815,4.0000,10.5458,0.6911,3.2578,10.2131,4.5166,-0.9699,0.0000,0.0000
Bullish_Scanner,2026-04-16,SENORES,Midcap,Healthcare,backtest,783,ok,2026-04-16,896.5000,847.6500,890.3000,4.2689,13.6674,22.4453,10.8510,14.0822,13.6731,19.7266,72.8944,4.0536,1.8919,-0.6916,8.2395,8.0000,5.4869,0.8731,0.6964,5.4490,4.5166,-0.9699,0.0000,0.0000
Bullish_Scanner,2026-04-16,SGFIN,Smallcap,Financials,backtest,784,ok,2026-04-16,532.7000,467.5000,516.7000,11.5019,14.4915,36.5486,29.1750,20.1251,27.9946,31.5634,75.7963,5.7501,15.0031,-3.0036,8.3376,7.0000,12.6185,0.7546,3.0966,12.2395,4.5166,-0.9699,0.0000,1.0000
Bullish_Scanner,2026-04-16,VISHNU,Smallcap,Chemicals,backtest,785,ok,2026-04-16,598.9000,534.0000,586.7000,8.9710,12.3623,15.4580,13.0988,13.9738,14.8134,16.0345,74.0419,3.5544,5.9161,-2.0371,7.6852,9.0000,11.0619,0.8120,2.0794,10.8365,4.5166,-0.9699,0.0000,0.0000
63_30_daily,2026-04-17,IOLCP,Midcap,Healthcare,backtest,786,ok,2026-04-17,93.7300,85.4500,91.1300,6.4976,12.7288,32.7265,20.5583,16.2321,20.6630,2.9961,74.1164,4.4097,2.8748,-28.0515,8.2007,8.0000,9.0859,0.6860,2.8531,8.8339,4.0359,-0.2492,0.0000,0.0000
63_30_daily,2026-04-17,PREMIERENE,Largecap,Services,backtest,787,ok,2026-04-17,1050.8000,1004.0000,1034.6000,3.1403,8.1708,30.0157,42.0373,11.8852,25.0750,10.1928,81.0315,3.3146,2.8707,-11.1092,9.4267,7.0000,4.5235,0.6538,1.5658,4.4538,4.0359,-0.2492,0.0000,0.0000
Bullish_Scanner,2026-04-17,CGPOWER,Largecap,Industrials,backtest,788,ok,2026-04-17,776.5000,748.3500,774.8000,2.5003,7.5215,10.8996,34.3040,10.3323,10.7807,12.0351,67.2989,3.2506,1.4603,-2.8525,9.3011,7.0000,3.6332,0.9396,0.2194,3.6252,4.0359,-0.2492,0.0000,0.0000
Bullish_Scanner,2026-04-17,NAVA,Midcap,Miscellaneous,backtest,789,ok,2026-04-17,736.8000,623.4500,703.1000,12.2267,18.2774,30.6513,23.5242,21.6099,23.0465,18.0769,77.8339,4.1495,77.1047,-4.5738,9.0337,8.0000,16.1215,0.7027,4.7931,15.3841,4.0359,-0.2492,0.0000,0.0000
63_30_daily,2026-04-20,GUJALKALI,Smallcap,Chemicals,backtest,790,ok,2026-04-20,745.5500,704.0000,734.8000,1.6954,18.9093,77.4236,54.4346,21.6360,41.3610,35.5944,80.1061,5.6653,0.0562,-1.4419,9.9269,7.0000,5.6546,0.7413,1.4630,5.5731,3.3234,-0.1437,0.0000,0.0000
63_30_daily,2026-04-20,SUVEN,Smallcap,Healthcare,backtest,791,ok,2026-04-20,217.5000,196.0800,210.1800,7.1909,7.4979,52.9917,39.7845,30.3866,37.0145,9.0076,80.8535,6.3949,1.8945,-29.9377,8.1089,8.0000,10.1913,0.6583,3.4827,9.8483,3.3234,-0.1437,0.0000,0.0000
Bullish_Scanner,2026-04-20,NTPC,Largecap,Power & Utilities,backtest,792,ok,2026-04-20,400.8500,390.6500,398.0000,1.1179,4.6955,3.8216,14.9127,5.2966,6.0140,15.2922,66.5259,2.5808,0.7089,-0.7110,9.7216,9.0000,2.5628,0.7206,0.7161,2.5446,3.3234,-0.1437,0.0000,0.0000
Wkly_upswing,2026-04-20,ARIHANT,Smallcap,Realty,backtest,793,ok,2026-04-24,1100.0000,875.0000,939.0500,1.1308,2268.3479,,,,,,96.4873,,,,,,23.9604,0.2847,17.1397,20.4545,6.1534,-1.5882,0.0000,0.0000
Wkly_upswing,2026-04-20,CGPOWER,Largecap,Industrials,backtest,794,ok,2026-04-24,846.9000,764.2000,823.1500,-1.7486,6.2403,23.9497,43.3435,12.1217,15.0490,18.4203,70.7562,3.2128,1.2033,-2.8043,9.3943,8.0000,10.0468,0.7128,2.8853,9.7650,6.1534,-1.5882,0.0000,1.0000
Wkly_upswing,2026-04-20,HSCL,Largecap,Chemicals,backtest,795,ok,2026-04-24,605.0000,482.6500,566.1500,5.5856,14.7098,29.2137,23.4114,18.3931,21.1690,20.9320,81.8688,3.7995,21.8137,-6.4215,9.5816,7.0000,21.6109,0.6825,6.8621,20.2231,6.1534,-1.5882,0.0000,1.0000
Wkly_upswing,2026-04-20,MAHABANK,Largecap,Bank,backtest,796,ok,2026-04-24,82.1500,72.3100,77.9000,0.7632,7.1085,25.0000,18.4071,10.9813,13.4236,28.2616,65.8668,3.8098,0.9208,-5.1735,9.3255,6.0000,12.6316,0.5681,5.4557,11.9781,6.1534,-1.5882,1.0000,0.0000
Wkly_upswing,2026-04-20,MMFL,Smallcap,"Castings, Forgings & Fasteners",backtest,797,ok,2026-04-24,526.9500,459.0000,498.9000,0.2512,7.4636,20.7406,26.3038,12.6535,11.4793,34.7022,67.1558,4.8543,0.5912,-5.3231,7.7431,7.0000,13.6200,0.5872,5.6224,12.8950,6.1534,-1.5882,0.0000,0.0000
Wkly_upswing,2026-04-20,NESTLEIND,Largecap,FMCG,backtest,798,ok,2026-04-24,1430.9000,1274.6000,1421.3000,0.7657,10.5554,21.8118,8.8285,12.9024,12.7561,14.9762,79.2343,2.5354,1.5455,-0.6709,9.4856,9.0000,10.9970,0.9386,0.6754,10.9232,6.1534,-1.5882,0.0000,0.0000
Wkly_upswing,2026-04-20,RHETAN,Smallcap,Metals & Mining,backtest,799,ok,2026-04-24,29.4900,24.9200,28.8300,0.4180,12.1790,18.3012,6.9759,13.1187,13.0677,,76.3570,3.7337,3.0889,-2.2380,7.6159,8.0000,15.8515,0.8556,2.2893,15.4968,6.1534,-1.5882,0.0000,1.0000
Wkly_upswing,2026-04-20,SIGMAADV,Midcap,Aerospace & Defence,backtest,800,ok,2026-04-24,239.7000,199.9300,236.6600,-0.7007,20.6833,44.4282,36.0349,29.8706,36.3654,44.1462,79.3486,4.1769,3.1177,-1.2682,7.7755,8.0000,16.8047,0.9236,1.2845,16.5916,6.1534,-1.5882,0.0000,0.0000
Wkly_upswing,2026-04-20,TORNTPOWER,Largecap,Power & Utilities,backtest,801,ok,2026-04-24,1744.4000,1551.8000,1699.5000,-2.1589,8.5942,24.7065,28.6136,14.7574,14.7334,25.4285,72.5942,3.1526,3.8294,-2.5740,9.0877,9.0000,11.3327,0.7669,2.6420,11.0410,6.1534,-1.5882,0.0000,0.0000
63_30_daily,2026-04-21,ANTHEM,Largecap,Healthcare,backtest,802,ok,2026-04-21,767.1000,730.0000,737.8000,1.8779,1.0754,13.7878,19.6465,7.6149,8.9190,4.2189,66.4070,3.4983,2.4053,-15.5352,8.4429,6.0000,5.0285,0.2102,3.9713,4.8364,3.3594,0.8192,0.0000,0.0000
63_30_daily,2026-04-21,JAGSNPHARM,Smallcap,Healthcare,backtest,803,ok,2026-04-21,201.7900,186.1000,196.5000,5.9756,0.9660,6.0328,12.6333,4.2111,8.7026,-6.8114,62.6291,2.8666,7.2493,-34.8583,7.5354,5.0000,7.9847,0.6628,2.6921,7.7754,3.3594,0.8192,0.0000,0.0000
63_30_daily,2026-04-21,PRAJIND,Midcap,Industrials,backtest,804,ok,2026-04-21,368.0000,356.5500,364.2000,2.1599,6.1343,18.8642,20.5761,8.8854,13.8919,1.2806,70.4917,3.7126,0.9630,-32.5368,8.8821,7.0000,3.1439,0.6681,1.0434,3.1114,3.3594,0.8192,0.0000,0.0000
Bullish_Scanner,2026-04-21,CEIGALL,Midcap,Realty,backtest,805,ok,2026-04-21,325.0000,306.8000,322.5000,4.5889,8.2578,16.1534,15.1991,12.9281,13.4760,21.5117,76.4007,3.2625,2.0324,-0.7692,7.9200,8.0000,5.6434,0.8626,0.7752,5.6000,3.3594,0.8192,0.0000,0.0000
Bullish_Scanner,2026-04-21,HSCL,Largecap,Chemicals,backtest,806,ok,2026-04-21,513.4500,487.0000,506.5500,3.5890,7.6506,11.6856,9.6429,9.1638,9.6144,8.3294,69.6400,3.7798,2.0620,-5.2203,9.2025,6.0000,5.2216,0.7391,1.3622,5.1514,3.3594,0.8192,0.0000,0.0000
63_30_daily,2026-04-22,RISHABH,Smallcap,Industrials,backtest,807,ok,2026-04-22,514.8500,468.8000,504.0500,5.1857,5.6819,30.4140,48.2500,19.3449,20.1149,30.2743,73.2039,6.3096,4.6791,-2.0977,7.8049,8.0000,9.1360,0.7655,2.1426,8.9444,5.9818,0.1198,0.0000,0.0000
63_30_daily,2026-04-22,URBANCO,Largecap,I.T,backtest,808,ok,2026-04-22,149.5000,137.1500,148.1800,7.9714,8.7959,30.0623,18.4398,17.5001,24.3956,,77.2042,3.9522,4.6912,-26.3446,9.0883,8.0000,8.3345,0.8931,0.8908,8.2609,5.9818,0.1198,0.0000,0.0000
Bullish_Scanner,2026-04-22,BALRAMCHIN,Midcap,FMCG,backtest,809,ok,2026-04-22,544.4500,509.6000,541.5500,6.4263,11.5793,11.9830,31.7961,10.2891,12.8199,10.3778,70.4363,3.0864,2.5896,-13.7385,8.7003,5.0000,6.4352,0.9168,0.5355,6.4010,5.9818,0.1198,0.0000,0.0000
Bullish_Scanner,2026-04-22,NTPC,Largecap,Power & Utilities,backtest,810,ok,2026-04-22,407.2500,393.2000,405.4000,2.3221,3.2603,8.3812,19.6753,6.5629,7.5508,17.2179,69.6216,2.6658,1.1800,-0.4543,9.7315,8.0000,3.4657,0.8683,0.4563,3.4500,5.9818,0.1198,1.0000,0.0000
Bullish_Scanner,2026-04-22,SANGAMIND,Smallcap,Textiles,backtest,811,ok,2026-04-22,548.0000,503.9500,538.4000,7.4651,19.4189,24.5576,20.7852,19.7942,19.0879,23.3569,80.5776,3.7353,40.1917,-1.7518,7.3740,7.0000,8.1816,0.7821,1.7831,8.0383,5.9818,0.1198,0.0000,0.0000
63_30_daily,2026-04-23,BAJAJHIND,Smallcap,FMCG,backtest,812,ok,2026-04-23,20.3000,19.3000,19.7300,2.6535,4.5575,22.0916,25.1110,12.2937,17.7236,-1.3870,72.3873,4.0909,1.6602,-33.4345,8.4009,8.0000,5.0684,0.4300,2.8890,4.9261,4.5796,-0.6024,0.0000,0.0000
63_30_daily,2026-04-23,DHAMPURSUG,Smallcap,FMCG,backtest,813,ok,2026-04-23,155.2000,147.9300,150.5300,2.4920,6.3215,18.8457,36.2509,8.9006,17.9604,14.5451,69.6152,4.1952,1.2788,-7.0573,8.1095,7.0000,4.8296,0.3576,3.1024,4.6843,4.5796,-0.6024,0.0000,0.0000
63_30_daily,2026-04-23,MAGADSUGAR,Smallcap,FMCG,backtest,814,ok,2026-04-23,548.8000,519.8500,527.4000,2.3879,2.4675,14.7894,24.9023,7.9875,14.2964,2.4082,69.2760,3.6899,2.6523,-35.7613,7.3318,7.0000,5.4892,0.2608,4.0576,5.2751,4.5796,-0.6024,0.0000,0.0000
63_30_daily,2026-04-23,MARINE,Midcap,Industrials,backtest,815,ok,2026-04-23,244.4500,215.0000,236.4700,8.7719,14.1981,38.5052,34.3885,25.7856,26.5447,18.2383,78.2749,4.8381,5.3713,-8.3450,8.1288,8.0000,12.4540,0.7290,3.3746,12.0475,4.5796,-0.6024,0.0000,0.0000
63_30_daily,2026-04-23,NOCIL,Smallcap,Chemicals,backtest,816,ok,2026-04-23,183.9000,174.6100,182.6000,2.8848,5.0391,26.8408,32.5975,9.4724,19.4970,9.5110,73.9620,3.7177,0.1381,-13.4597,9.2499,7.0000,5.0876,0.8601,0.7119,5.0517,4.5796,-0.6024,0.0000,0.0000
63_30_daily,2026-04-23,RENUKA,Smallcap,FMCG,backtest,817,ok,2026-04-23,30.2000,28.6700,28.8900,1.0847,3.5484,16.1640,24.6333,5.5728,13.1574,3.4266,68.1565,3.8817,2.5006,-19.4142,8.5747,4.0000,5.2960,0.1438,4.5344,5.0662,4.5796,-0.6024,0.0000,0.0000
63_30_daily,2026-04-23,STAR,Midcap,Healthcare,backtest,818,ok,2026-04-23,1080.9000,1002.0500,1069.0000,6.6813,7.5561,18.2980,29.5993,9.3022,16.7214,20.1767,78.2701,3.1632,3.7129,-1.1009,8.4854,8.0000,7.3761,0.8491,1.1132,7.2949,4.5796,-0.6024,0.0000,0.0000
63_30_daily,2026-04-23,WELCORP,Largecap,Industrials,backtest,819,ok,2026-04-23,1234.9500,1122.0000,1204.1000,5.6970,11.7909,49.7916,60.4718,26.5037,38.9096,40.4059,87.8984,3.9882,5.0064,-2.4981,9.0534,9.0000,9.3804,0.7269,2.5621,9.1461,4.5796,-0.6024,0.0000,0.0000
Bullish_Scanner,2026-04-23,RHETAN,Smallcap,Metals & Mining,backtest,820,ok,2026-04-23,28.8000,25.9500,28.7100,9.0391,12.1046,14.7941,7.3271,13.6422,12.8706,,75.8955,3.5553,6.4008,-0.3125,7.5874,7.0000,9.9268,0.9684,0.3135,9.8958,4.5796,-0.6024,0.0000,0.0000
63_30_daily,2026-04-24,SBCL,Midcap,Metals & Mining,backtest,821,ok,2026-04-24,625.0000,520.1000,592.3000,12.9697,13.2505,49.7409,40.6554,26.6485,28.4991,22.9842,78.7167,5.0945,20.9527,-5.2320,8.4650,5.0000,17.7106,0.6883,5.5209,16.7840,6.1534,-1.5882,0.0000,0.0000
63_30_daily,2026-04-27,ADVENZYMES,Smallcap,Healthcare,backtest,822,ok,2026-04-27,334.4000,299.0500,330.5500,10.5334,10.6073,23.0182,23.1557,13.6721,13.0789,6.9331,72.9959,3.6076,8.4544,-9.7474,7.8647,7.0000,10.6943,0.8911,1.1647,10.5712,5.1514,-0.6410,0.0000,0.0000
63_30_daily,2026-04-27,ASAL,Smallcap,Auto,backtest,823,ok,2026-04-27,556.6000,502.7000,532.3000,11.2667,13.2794,31.6108,31.0922,18.1510,19.1737,7.9035,74.8429,4.5919,41.4702,-18.6894,7.5324,7.0000,10.1259,0.5492,4.5651,9.6838,5.1514,-0.6410,0.0000,0.0000
63_30_daily,2026-04-27,BHAGYANGR,Smallcap,Power & Utilities,backtest,824,ok,2026-04-27,255.9900,223.0000,249.2600,13.6409,16.0482,70.2247,56.4426,35.1988,49.5586,88.2402,83.6101,6.5763,2.3029,-2.6290,7.9989,8.0000,13.2352,0.7960,2.7000,12.8872,5.1514,-0.6410,0.0000,0.0000
63_30_daily,2026-04-27,ENGINERSIN,Midcap,Realty,backtest,825,ok,2026-04-27,264.6000,243.1800,257.5300,6.0274,6.3910,37.4666,54.0712,17.5477,23.2271,26.3806,77.0709,3.8753,2.8296,-2.6720,9.1628,8.0000,8.3175,0.6699,2.7453,8.0952,5.1514,-0.6410,0.0000,0.0000
63_30_daily,2026-04-27,GKSL,Smallcap,Healthcare,backtest,826,ok,2026-04-27,119.5000,112.0100,115.4400,2.6681,2.5222,12.9550,16.1836,6.5726,6.0604,,65.7247,3.3338,2.2078,,7.5919,8.0000,6.4882,0.4579,3.5170,6.2678,5.1514,-0.6410,0.0000,0.0000
63_30_daily,2026-04-27,KIRLPNU,Smallcap,Industrials,backtest,827,ok,2026-04-27,755.0000,673.5000,724.1500,8.2922,6.1959,35.0396,35.6086,18.7126,24.9976,22.9692,80.2832,3.8548,21.5163,-6.5613,8.4325,6.0000,11.2546,0.6215,4.2602,10.7947,5.1514,-0.6410,1.0000,0.0000
63_30_daily,2026-04-27,NTPCGREEN,Largecap,Power & Utilities,backtest,828,ok,2026-04-27,119.9500,110.6800,118.8600,7.7509,5.1858,24.2006,31.6279,14.3869,23.1753,21.0108,73.5795,3.6471,2.0253,-0.9087,9.2263,8.0000,7.7991,0.8824,0.9170,7.7282,5.1514,-0.6410,0.0000,0.0000
63_30_daily,2026-04-27,PITTIENG,Smallcap,Industrials,backtest,829,ok,2026-04-27,1013.0000,918.0000,991.6500,8.5728,4.3293,31.8771,36.6474,18.4551,16.8287,12.1640,71.9525,4.4691,6.0646,-5.5571,7.9327,6.0000,9.5800,0.7753,2.1530,9.3781,5.1514,-0.6410,0.0000,0.0000
63_30_daily,2026-04-27,TALBROAUTO,Smallcap,Auto,backtest,830,ok,2026-04-27,299.0000,277.0000,295.3700,6.3323,4.9607,31.8322,19.8985,12.7390,13.9937,7.1868,72.6823,3.9077,2.4862,-9.3957,7.6233,7.0000,7.4483,0.8350,1.2290,7.3579,5.1514,-0.6410,0.0000,0.0000
63_30_daily,2026-04-27,TARIL,Midcap,Industrials,backtest,831,ok,2026-04-27,358.0000,327.7000,342.6500,5.9360,6.6283,22.4406,47.3763,15.5221,17.3950,-8.5644,65.9213,5.2240,3.4812,-42.3148,9.3390,8.0000,8.8428,0.4934,4.4798,8.4637,5.1514,-0.6410,0.0000,0.0000
63_30_daily,2026-04-27,TATAPOWER,Largecap,Power & Utilities,backtest,832,ok,2026-04-27,455.9500,435.2000,453.2000,4.1839,4.5203,17.7908,31.2672,10.6621,15.2330,16.8174,78.1212,2.5974,1.7524,-0.6031,9.6026,8.0000,4.5786,0.8675,0.6068,4.5509,5.1514,-0.6410,0.0000,0.0000
63_30_daily,2026-04-27,USHAMART,Midcap,Metals & Mining,backtest,833,ok,2026-04-27,470.0000,446.1000,460.3500,3.6824,3.3914,17.0332,12.5963,7.2358,9.8648,9.6777,66.0418,3.0125,11.2095,-7.3929,8.3515,6.0000,5.1917,0.5962,2.0962,5.0851,5.1514,-0.6410,0.0000,0.0000
63_30_daily,2026-04-27,VIJAYA,Midcap,Healthcare,backtest,834,ok,2026-04-27,1120.0000,1065.5500,1112.0500,4.3639,8.6623,25.1181,11.6180,14.0114,14.4842,10.1901,79.3670,3.3599,2.0047,-5.7585,8.1605,9.0000,4.8964,0.8540,0.7149,4.8616,5.1514,-0.6410,0.0000,0.0000
Bullish_Scanner,2026-04-27,MWL,Smallcap,Metals & Mining,backtest,835,ok,2026-04-27,31.0200,27.9850,30.1400,6.4266,8.5735,20.9228,9.3614,11.5759,12.3763,25.8985,76.5670,3.4340,2.0272,-2.8369,7.3226,8.0000,10.0697,0.7100,2.9197,9.7840,5.1514,-0.6410,0.0000,0.0000
Wkly_upswing,2026-04-27,ADANIPORTS,Largecap,Transportation,backtest,836,ok,2026-04-30,1677.0000,1593.0000,1657.3000,-0.2288,3.3939,26.2609,16.8924,8.5295,12.1575,14.6748,71.8758,2.6756,1.7303,-1.1747,9.7668,7.0000,5.0685,0.7655,1.1887,5.0089,7.4610,-0.5803,0.0000,0.0000
Wkly_upswing,2026-04-27,AUSOMENT,Smallcap,Consumer Discretionary,backtest,837,ok,2026-04-30,159.4000,132.3500,147.7900,3.4003,14.0443,56.6900,18.9744,25.2123,37.6601,35.7291,80.4546,5.8080,2.2804,-16.9719,6.3655,9.0000,18.3030,0.5708,7.8557,16.9699,7.4610,-0.5803,0.0000,0.0000
Wkly_upswing,2026-04-27,BBOX,Midcap,I.T,backtest,838,ok,2026-04-30,655.8500,550.9500,639.6000,3.4533,16.6515,43.0392,29.0948,19.5698,23.1217,23.2354,72.9366,4.3521,1.8164,-2.4777,8.6875,8.0000,16.4009,0.8451,2.5407,15.9945,7.4610,-0.5803,0.0000,1.0000
Wkly_upswing,2026-04-27,NTPC,Largecap,Power & Utilities,backtest,839,ok,2026-04-30,414.4000,393.1500,399.1500,-0.5358,-0.7707,7.6892,11.4477,2.6535,4.6487,14.7397,58.3298,2.3818,0.5948,-3.6800,9.6819,4.0000,5.3238,0.2824,3.8206,5.1279,7.4610,-0.5803,0.0000,1.0000
63_30_daily,2026-04-28,ATGL,Largecap,Energy,backtest,840,ok,2026-04-28,684.9000,636.8500,653.8500,2.8713,6.3776,25.5472,24.4717,12.6934,19.9124,10.9750,69.5485,4.7734,3.7648,-18.0639,9.4610,7.0000,7.3488,0.3538,4.7488,7.0156,2.9573,-0.8825,0.0000,0.0000
63_30_daily,2026-04-28,AVL,Midcap,Consumer Discretionary,backtest,841,ok,2026-04-28,550.0000,519.6500,542.7000,4.8898,6.8517,12.9801,11.6552,9.6441,12.2352,10.4693,70.2515,3.9880,1.3392,-9.3536,8.0369,6.0000,5.5924,0.7595,1.3451,5.5182,2.9573,-0.8825,0.0000,0.0000
63_30_daily,2026-04-28,DHANBANK,Smallcap,Bank,backtest,842,ok,2026-04-28,33.4000,27.6600,31.8200,14.0502,15.4991,47.1785,31.8690,24.0111,31.2750,23.9186,79.8351,4.8375,19.2586,-5.0149,7.8265,6.0000,18.0390,0.7247,4.9654,17.1856,2.9573,-0.8825,0.0000,1.0000
63_30_daily,2026-04-28,EMIL,Midcap,Consumer Discretionary,backtest,843,ok,2026-04-28,127.0000,110.6600,122.7500,11.0759,13.0607,33.9627,42.8488,20.3455,24.5293,3.0738,74.9107,4.5668,42.8728,-27.1513,8.3974,8.0000,13.3116,0.7399,3.4623,12.8661,2.9573,-0.8825,0.0000,0.0000
63_30_daily,2026-04-28,KIOCL,Largecap,Metals & Mining,backtest,844,ok,2026-04-28,442.0000,412.0000,419.9000,1.4496,3.4746,26.2098,21.6044,12.4057,20.7359,11.2358,67.9271,5.0675,2.0720,-33.8271,8.3995,7.0000,7.1446,0.2633,5.2632,6.7873,2.9573,-0.8825,0.0000,0.0000
63_30_daily,2026-04-28,PTC,Smallcap,Power & Utilities,backtest,845,ok,2026-04-28,206.7900,195.6900,205.7100,5.3842,10.0760,26.7155,22.4464,16.5021,21.0315,20.5007,75.2106,3.5410,2.9295,-0.6232,8.6347,6.0000,5.3959,0.9027,0.5250,5.3678,2.9573,-0.8825,1.0000,0.0000
63_30_daily,2026-04-28,URJA,Smallcap,Auto,backtest,846,ok,2026-04-28,13.0900,10.9200,12.6400,15.8570,19.9241,40.9142,30.1751,24.8087,31.2947,6.5412,75.9773,4.5208,11.0558,-27.7301,7.5088,7.0000,17.1677,0.7926,3.5601,16.5775,2.9573,-0.8825,0.0000,0.0000
Bullish_Scanner,2026-04-28,BBOX,Midcap,I.T,backtest,847,ok,2026-04-28,655.8500,582.0000,639.8500,10.3856,20.8632,33.6362,34.6911,23.6515,23.6361,23.5161,77.6794,4.1461,20.8769,-2.4396,8.6501,8.0000,11.5418,0.7833,2.5006,11.2602,2.9573,-0.8825,0.0000,0.0000
Bullish_Scanner,2026-04-28,DHANBANK,Smallcap,Bank,backtest,848,ok,2026-04-28,33.4000,27.6600,31.8200,14.0502,15.4991,47.1785,31.8690,24.0111,31.2750,23.9186,79.8351,4.8375,19.2586,-5.0149,7.8265,6.0000,18.0390,0.7247,4.9654,17.1856,2.9573,-0.8825,0.0000,1.0000
Bullish_Scanner,2026-04-28,RKFORGE,Midcap,"Castings, Forgings & Fasteners",backtest,849,ok,2026-04-28,617.7500,565.0000,602.3000,6.9425,8.6890,19.2083,20.9802,13.3554,11.5604,9.3714,69.3339,3.7659,7.5891,-14.2023,8.6448,6.0000,8.7581,0.7071,2.5652,8.5391,2.9573,-0.8825,0.0000,0.0000
Bullish_Scanner,2026-04-28,RRKABEL,Largecap,Industrials,backtest,850,ok,2026-04-28,1620.0000,1504.6000,1609.0000,6.6622,10.3869,19.4772,20.9229,14.1722,12.8143,17.4932,71.0693,3.7166,8.1251,-0.6790,8.6647,7.0000,7.1722,0.9047,0.6837,7.1235,2.9573,-0.8825,0.0000,0.0000
63_30_daily,2026-04-29,ARIS,Smallcap,Services,backtest,851,ok,2026-04-29,139.8000,132.0300,137.6200,7.1473,7.7260,36.5955,32.8507,16.6167,23.3097,1.9333,72.7496,4.9178,4.2117,-33.9952,8.2230,6.0000,5.6460,0.7194,1.5841,5.5579,5.9512,0.0158,0.0000,0.0000
63_30_daily,2026-04-29,BAJEL,Smallcap,Realty,backtest,852,ok,2026-04-29,201.7300,178.0500,186.8600,3.0270,3.4147,29.3865,15.2603,9.8824,15.1347,0.0189,66.2845,4.4258,6.4754,-29.1929,7.9144,7.0000,12.6726,0.3720,7.9578,11.7385,5.9512,0.0158,0.0000,0.0000
63_30_daily,2026-04-29,EMMVEE,Largecap,Industrials,backtest,853,ok,2026-04-29,299.5000,285.5000,290.8400,6.8165,9.8836,30.2463,52.3121,17.4534,29.2347,,72.6158,5.7914,5.8947,,9.1336,8.0000,4.8136,0.3814,2.9776,4.6745,5.9512,0.0158,1.0000,0.0000
63_30_daily,2026-04-29,GREENPLY,Smallcap,Building Materials,backtest,854,ok,2026-04-29,294.6600,272.0100,284.4500,11.7287,17.3183,49.8920,26.0581,27.1367,32.7013,5.5464,79.5573,4.7460,254.1407,-19.1789,8.9324,8.0000,7.9627,0.5492,3.5894,7.6868,5.9512,0.0158,0.0000,0.0000
63_30_daily,2026-04-29,INDIAGLYCO,Smallcap,FMCG,backtest,855,ok,2026-04-29,1039.0000,962.1500,1030.8000,7.1852,5.5013,16.4943,21.5279,9.8814,12.9326,9.8610,70.1578,3.1189,4.1825,-15.6465,8.0916,6.0000,7.4554,0.8933,0.7955,7.3965,5.9512,0.0158,0.0000,0.0000
63_30_daily,2026-04-29,INDOBORAX,Smallcap,Chemicals,backtest,856,ok,2026-04-29,294.0000,242.5000,281.1000,13.9302,10.4519,15.2144,15.4178,11.1223,13.3389,12.0157,79.5494,2.8475,9.6649,-6.8743,7.4697,6.0000,18.3209,0.7495,4.5891,17.5170,5.9512,0.0158,0.0000,0.0000
63_30_daily,2026-04-29,POLYPLEX,Smallcap,Industrials,backtest,857,ok,2026-04-29,978.0000,930.0500,954.8500,1.0958,8.3825,22.6998,12.7598,10.8879,13.5327,2.6224,69.0641,3.0872,2.2344,-31.6989,7.8711,7.0000,5.0217,0.5172,2.4245,4.9029,5.9512,0.0158,0.0000,0.0000
63_30_daily,2026-04-29,SGFIN,Smallcap,Financials,backtest,858,ok,2026-04-29,581.0000,534.2000,565.7500,4.2185,6.0947,24.6969,61.6891,14.8253,30.2488,41.4837,73.1681,5.2762,1.6569,-2.6248,8.4585,5.0000,8.2722,0.6741,2.6955,8.0551,5.9512,0.0158,1.0000,0.0000
63_30_daily,2026-04-29,UNIPARTS,Smallcap,Industrials,backtest,859,ok,2026-04-29,559.0000,535.0000,538.9000,2.1515,5.4599,17.1394,26.4282,7.8377,12.3959,19.0201,65.8936,3.8107,8.5455,-3.5957,7.7424,6.0000,4.4535,0.1625,3.7298,4.2934,5.9512,0.0158,0.0000,0.0000
Bullish_Scanner,2026-04-29,BANDHANBNK,Largecap,Bank,backtest,860,ok,2026-04-29,204.4400,186.0100,198.3000,10.9992,12.3385,33.1677,29.3120,18.0199,17.0909,22.4465,72.9197,3.6615,13.3006,-3.0033,9.4485,8.0000,9.2940,0.6668,3.0963,9.0149,5.9512,0.0158,0.0000,0.0000
Bullish_Scanner,2026-04-29,COALINDIA,Largecap,Metals & Mining,backtest,861,ok,2026-04-29,485.7000,464.0500,479.9000,2.7623,8.0491,7.8306,8.0734,6.8023,8.1891,18.2194,68.1041,2.4499,1.3269,-1.1942,9.7887,8.0000,4.5114,0.7321,1.2086,4.4575,5.9512,0.0158,1.0000,0.0000
Bullish_Scanner,2026-04-29,EMCURE,Largecap,Healthcare,backtest,862,ok,2026-04-29,1769.0000,1653.0000,1729.9000,7.5675,8.2608,4.6711,20.4834,7.3242,12.6906,20.2985,66.3649,4.2009,4.6422,-2.2103,8.7319,6.0000,6.7056,0.6629,2.2602,6.5574,5.9512,0.0158,0.0000,0.0000
Bullish_Scanner,2026-04-29,RBLBANK,Largecap,Bank,backtest,863,ok,2026-04-29,345.6500,321.8000,341.2000,6.3757,7.4138,15.4067,14.7469,8.0217,9.3807,15.4737,64.8138,3.1444,3.3455,-1.2874,9.3842,5.0000,6.9900,0.8134,1.3042,6.9000,5.9512,0.0158,0.0000,0.0000
63_30_daily,2026-04-30,BAJAJHIND,Smallcap,FMCG,backtest,864,ok,2026-04-30,20.6300,19.5900,20.3000,3.3079,2.8890,23.2544,25.2313,9.9556,19.3528,2.5452,70.7238,4.1274,2.4992,-31.5115,8.3758,6.0000,5.1231,0.6827,1.6256,5.0412,7.4610,-0.5803,1.0000,0.0000
63_30_daily,2026-04-30,CEMPRO,Largecap,Realty,backtest,865,ok,2026-04-30,815.2500,722.0000,815.2500,19.9956,22.7879,59.5557,28.6086,28.4885,37.8422,11.9189,80.6190,4.1985,51.2470,-13.6388,9.0129,5.0000,11.4382,1.0000,0.0000,11.4382,7.4610,-0.5803,0.0000,0.0000
63_30_daily,2026-04-30,GLOBUSSPR,Smallcap,FMCG,backtest,866,ok,2026-04-30,1125.0000,1055.0000,1106.4500,3.6778,9.1981,37.8668,19.0371,13.1001,20.0101,6.5226,73.0600,3.8695,3.1001,-15.0975,8.0442,6.0000,6.3265,0.7350,1.6765,6.2222,7.4610,-0.5803,0.0000,0.0000
63_30_daily,2026-04-30,INNOVACAP,Midcap,Healthcare,backtest,867,ok,2026-04-30,763.4000,716.2500,752.0500,3.2468,3.8815,9.0165,11.0365,5.3727,8.1081,-2.6695,63.6791,3.7308,1.8220,-26.3202,7.7079,5.0000,6.2695,0.7593,1.5092,6.1763,7.4610,-0.5803,0.0000,0.0000
63_30_daily,2026-04-30,URBANCO,Largecap,I.T,backtest,868,ok,2026-04-30,156.0000,143.4500,151.6600,2.8552,5.0059,27.5955,21.3766,11.9650,24.5446,,73.1899,4.2581,1.8642,-24.6148,9.0080,6.0000,8.2751,0.6542,2.8617,8.0449,7.4610,-0.5803,1.0000,0.0000
63_30_daily,2026-05-04,ADANIPORTS,Largecap,Transportation,backtest,869,ok,2026-05-04,1748.6000,1687.3000,1742.6000,5.1469,9.9363,25.7832,22.7356,12.7962,17.5743,20.4522,78.2107,2.7557,1.8765,-0.3431,9.7934,7.0000,3.5177,0.9021,0.3443,3.5057,6.3489,0.0361,0.0000,1.0000
63_30_daily,2026-05-04,AVALON,Midcap,Consumer Discretionary,backtest,870,ok,2026-05-04,1169.9000,1050.4000,1140.0000,7.8269,9.5469,21.6844,32.8284,8.3297,14.1902,18.0886,63.9358,4.9411,2.3349,-13.5053,8.3868,5.0000,10.4825,0.7498,2.6228,10.2145,6.3489,0.0361,0.0000,0.0000
63_30_daily,2026-05-04,BHEL,Largecap,Industrials,backtest,871,ok,2026-05-04,399.0000,353.7000,377.0500,6.9919,11.7549,49.7181,43.5287,21.1330,34.9820,44.8717,81.5824,3.9815,5.1274,-5.5013,9.9082,8.0000,12.0143,0.5155,5.8215,11.3534,6.3489,0.0361,0.0000,0.0000
63_30_daily,2026-05-04,CESC,Midcap,Power & Utilities,backtest,872,ok,2026-05-04,204.5000,189.1500,198.7200,5.9670,10.0454,29.7806,32.3388,15.2498,22.9148,20.2503,82.1187,3.9582,9.5047,-2.8264,8.9246,7.0000,7.7244,0.6235,2.9086,7.5061,6.3489,0.0361,0.0000,0.0000
63_30_daily,2026-05-04,CGCL,Largecap,Financials,backtest,873,ok,2026-05-04,195.7500,184.0000,194.8500,4.6568,6.2548,10.7228,10.8740,7.1582,12.4682,6.5823,67.3600,3.3066,4.5019,-8.9486,8.5226,5.0000,6.0303,0.9234,0.4619,6.0026,6.3489,0.0361,0.0000,0.0000
63_30_daily,2026-05-04,EPIGRAL,Smallcap,Chemicals,backtest,874,ok,2026-05-04,1400.0000,1225.0000,1328.7000,9.2995,10.4626,52.8911,27.3799,16.8532,34.2742,-5.7677,77.3969,4.3036,10.0608,-37.1476,8.1608,6.0000,13.1708,0.5926,5.3662,12.5000,6.3489,0.0361,0.0000,0.0000
63_30_daily,2026-05-04,INDGN,Midcap,Healthcare,backtest,875,ok,2026-05-04,538.9000,505.0000,533.3500,6.7234,8.4596,14.8100,10.5618,8.7820,12.5667,2.2381,70.6128,3.3126,4.3060,-15.7292,8.1867,6.0000,6.3561,0.8363,1.0406,6.2906,6.3489,0.0361,0.0000,0.0000
63_30_daily,2026-05-04,KSL,Smallcap,Metals & Mining,backtest,876,ok,2026-05-04,900.0000,851.5000,885.8500,4.2544,10.9879,44.9718,24.6447,19.7596,24.2822,13.8091,78.3765,3.7268,2.9701,-10.4116,7.7292,9.0000,5.4750,0.7082,1.5973,5.3889,6.3489,0.0361,0.0000,0.0000
63_30_daily,2026-05-04,MANORAMA,Midcap,FMCG,backtest,877,ok,2026-05-04,1573.7000,1500.0000,1530.2000,1.4049,8.4402,25.3030,13.2894,11.1260,13.0903,11.0815,68.2668,3.4711,1.7880,-13.0568,8.2087,7.0000,4.8164,0.4098,2.8428,4.6832,6.3489,0.0361,0.0000,0.0000
63_30_daily,2026-05-04,NESCO,Midcap,Realty,backtest,878,ok,2026-05-04,1290.0000,1231.0000,1285.3000,4.6917,9.9863,23.2074,12.7852,9.9402,14.8309,2.2868,70.5997,3.2966,1.6564,-21.5754,7.7570,5.0000,4.5904,0.9203,0.3657,4.5736,6.3489,0.0361,0.0000,0.0000
63_30_daily,2026-05-04,NOCIL,Smallcap,Chemicals,backtest,879,ok,2026-05-04,191.0000,179.0000,190.2300,6.0545,2.6384,16.1994,43.7977,9.2488,21.2455,14.3421,72.8215,3.6324,1.6550,-9.8436,8.2725,6.0000,6.3082,0.9358,0.4048,6.2827,6.3489,0.0361,1.0000,0.0000
63_30_daily,2026-05-04,SATIN,Smallcap,Financials,backtest,880,ok,2026-05-04,189.8000,176.1600,188.5500,7.0334,12.6546,28.8086,19.0717,14.0615,21.1210,25.3786,71.5345,4.5668,2.7179,-0.6586,7.7839,4.0000,7.2342,0.9084,0.6630,7.1865,6.3489,0.0361,0.0000,0.0000
63_30_daily,2026-05-04,SUNFLAG,Midcap,Metals & Mining,backtest,881,ok,2026-05-04,326.9500,293.1000,321.1500,9.7536,11.8600,50.6827,31.1084,19.3684,31.2699,22.7948,76.7461,4.5266,4.5526,-1.7740,8.0127,4.0000,10.5402,0.8287,1.8060,10.3533,6.3489,0.0361,0.0000,0.0000
63_30_daily,2026-05-04,SURYODAY,Smallcap,Bank,backtest,882,ok,2026-05-04,159.5000,152.1700,155.9000,1.9687,7.3691,24.6103,12.5225,9.5669,17.5378,14.7816,71.4588,3.2599,1.2085,-3.4555,7.5436,8.0000,4.7017,0.5089,2.3092,4.5956,6.3489,0.0361,0.0000,0.0000
63_30_daily,2026-05-04,UNIVCABLES,Midcap,Industrials,backtest,883,ok,2026-05-04,993.5500,841.6500,968.2500,15.6188,18.1585,41.4536,33.2118,20.6640,34.9633,27.1534,74.3932,5.6553,10.5230,-3.9435,8.0804,6.0000,15.6881,0.8334,2.6130,15.2886,6.3489,0.0361,0.0000,0.0000
63_30_daily,2026-05-04,VIJAYA,Midcap,Healthcare,backtest,884,ok,2026-05-04,1173.0000,1136.0000,1153.8000,2.1424,8.2821,30.4392,20.3505,12.5280,17.5984,14.0602,83.0126,3.2684,1.5788,-1.6368,8.2895,8.0000,3.2068,0.4811,1.6641,3.1543,6.3489,0.0361,1.0000,0.0000
63_30_daily,2026-05-04,VINDHYATEL,Smallcap,Realty,backtest,885,ok,2026-05-04,1520.0000,1387.8000,1470.0000,7.3776,16.8847,35.9601,20.4030,15.5644,28.2343,7.4049,70.5810,5.7694,3.8016,-22.1810,7.8513,6.0000,8.9932,0.6218,3.4014,8.6974,6.3489,0.0361,0.0000,0.0000
Bullish_Scanner,2026-05-04,PTC,Smallcap,Power & Utilities,backtest,886,ok,2026-05-04,217.5900,208.6600,217.0900,4.5209,18.2086,29.7454,25.9150,18.2349,26.7127,26.8542,78.4828,3.9523,1.4152,-0.2298,8.7037,5.0000,4.1135,0.9440,0.2303,4.1040,6.3489,0.0361,0.0000,1.0000
Wkly_upswing,2026-05-04,KERNEX,Smallcap,Consumer Discretionary,backtest,887,ok,2026-05-08,1626.0000,1333.0000,1583.8000,4.3003,17.4229,38.7716,33.2156,23.5867,42.2049,37.8147,86.6822,4.0285,3.1847,-2.5953,8.5289,8.0000,18.4998,0.8560,2.6645,18.0197,0.7451,0.7579,0.0000,1.0000
Wkly_upswing,2026-05-04,MSPL,Smallcap,Metals & Mining,backtest,888,ok,2026-05-08,42.1800,35.5100,42.1800,4.9776,18.7834,21.3813,36.7261,16.6950,27.8748,24.9487,78.6733,3.3089,0.9306,0.0000,7.6017,8.0000,15.8132,1.0000,0.0000,15.8132,0.7451,0.7579,0.0000,0.0000
63_30_daily,2026-05-05,AADHARHFC,Midcap,Financials,backtest,889,ok,2026-05-05,523.0000,494.1000,517.4500,3.5832,4.8000,17.8433,8.5256,6.7623,9.5663,5.3392,67.0453,2.9837,2.3174,-5.5403,8.2778,5.0000,5.5851,0.8080,1.0726,5.5258,5.8103,-0.1860,0.0000,0.0000
63_30_daily,2026-05-05,DSSL,Smallcap,I.T,backtest,890,ok,2026-05-05,1338.6000,1215.0000,1250.4000,12.0932,18.0681,42.1071,33.5612,19.5200,30.3192,29.8828,80.8634,4.3200,30.4467,-6.5890,8.1923,6.0000,9.8848,0.2864,7.0537,9.2335,5.8103,-0.1860,0.0000,0.0000
63_30_daily,2026-05-05,GABRIEL,Largecap,Auto,backtest,891,ok,2026-05-05,1108.5000,1019.9000,1081.8000,5.1619,6.7390,23.3946,17.3255,10.0595,15.5974,2.2288,69.4719,3.8395,7.1962,-22.0605,8.6299,6.0000,8.1901,0.6986,2.4681,7.9928,5.8103,-0.1860,0.0000,0.0000
63_30_daily,2026-05-05,GOODLUCK,Midcap,Metals & Mining,backtest,892,ok,2026-05-05,463.3333,429.1667,458.1667,5.6982,11.1381,31.4305,28.4219,15.4070,21.8147,21.3250,74.9248,3.6808,5.6410,-1.1151,8.1483,6.0000,7.4573,0.8488,1.1277,7.3741,5.8103,-0.1860,0.0000,0.0000
63_30_daily,2026-05-05,METROPOLIS,Midcap,Healthcare,backtest,893,ok,2026-05-05,516.2000,492.6000,506.3000,2.8229,6.2539,20.0474,6.2038,7.5289,9.4858,3.7332,68.6877,3.0283,2.7341,-10.5082,8.0109,5.0000,4.6613,0.5805,1.9554,4.5719,5.8103,-0.1860,0.0000,0.0000
63_30_daily,2026-05-05,MUTHOOTMF,Smallcap,Financials,backtest,894,ok,2026-05-05,210.0000,200.0000,205.7800,1.1105,11.5037,34.6199,18.6736,13.6894,21.5091,20.4730,72.1614,4.4934,0.6549,-2.0095,8.4802,5.0000,4.8596,0.5780,2.0507,4.7619,5.8103,-0.1860,0.0000,0.0000
63_30_daily,2026-05-05,NORTHARC,Smallcap,Financials,backtest,895,ok,2026-05-05,278.4000,256.3000,272.9000,4.0213,3.6618,24.0229,12.9553,10.3788,13.6825,7.5577,71.2260,3.2461,2.7367,-5.8966,7.9628,6.0000,8.0982,0.7511,2.0154,7.9382,5.8103,-0.1860,0.0000,0.0000
63_30_daily,2026-05-05,SUMICHEM,Largecap,Chemicals,backtest,896,ok,2026-05-05,480.2000,445.8500,476.9500,6.2249,7.2280,24.4326,15.3167,10.6606,16.9875,-1.2941,67.6326,3.9732,6.0734,-28.2782,8.0788,6.0000,7.2020,0.9054,0.6814,7.1533,5.8103,-0.1860,0.0000,0.0000
Bullish_Scanner,2026-05-05,CREDITACC,Midcap,Financials,backtest,897,ok,2026-05-05,1568.0000,1319.3000,1523.7000,15.4056,22.7306,29.3573,22.3855,20.7455,23.7288,16.8697,84.6106,3.5510,29.3871,-2.8253,9.1997,7.0000,16.3221,0.8219,2.9074,15.8610,5.8103,-0.1860,0.0000,0.0000
63_30_daily,2026-05-06,CROMPTON,Midcap,Consumer Discretionary,backtest,898,ok,2026-05-06,286.9000,276.1000,284.0500,3.1034,5.3481,20.7798,22.0723,9.9411,12.6509,2.5006,67.7198,3.4217,1.6327,-21.6954,9.1518,6.0000,3.8021,0.7361,1.0033,3.7644,5.9330,1.1694,0.0000,0.0000
63_30_daily,2026-05-06,DHANBANK,Smallcap,Bank,backtest,899,ok,2026-05-06,33.9900,30.6100,33.6300,9.6154,5.6883,42.1386,39.9501,20.1844,34.7518,30.8044,77.4910,5.4501,3.0655,-1.0591,7.9965,4.0000,10.0506,0.8935,1.0705,9.9441,5.9330,1.1694,1.0000,1.0000
63_30_daily,2026-05-06,ELECON,Midcap,Industrials,backtest,900,ok,2026-05-06,579.0000,534.0000,557.6500,5.3760,16.3710,42.4030,24.7400,19.5744,31.0366,11.7562,76.3399,5.1011,3.4946,-22.1431,8.8554,7.0000,8.0696,0.5256,3.8286,7.7720,5.9330,1.1694,0.0000,0.0000
63_30_daily,2026-05-06,INDIASHLTR,Midcap,Financials,backtest,901,ok,2026-05-06,858.0000,831.2000,839.9000,0.4785,3.3342,8.0327,5.0794,4.6138,11.5451,0.3108,66.4001,2.7639,1.9376,-16.9854,7.9381,6.0000,3.1909,0.3246,2.1550,3.1235,5.9330,1.1694,0.0000,0.0000
63_30_daily,2026-05-06,KPEL,Smallcap,Realty,backtest,902,ok,2026-05-06,410.0000,387.0000,408.1500,2.5631,12.3143,41.6548,42.8846,18.0438,33.9951,9.4833,78.6699,4.3601,2.4693,-30.0754,8.2811,8.0000,5.6352,0.9196,0.4533,5.6098,5.9330,1.1694,0.0000,0.0000
63_30_daily,2026-05-06,KPIGREEN,Midcap,Power & Utilities,backtest,903,ok,2026-05-06,507.3000,452.0000,482.3500,5.8133,4.9385,23.5686,20.0921,9.4478,19.9142,6.6886,69.6941,3.9309,13.8237,-14.3250,8.8937,5.0000,11.4647,0.5488,5.1726,10.9008,5.9330,1.1694,0.0000,0.0000
63_30_daily,2026-05-06,LICHSGFIN,Largecap,Financials,backtest,904,ok,2026-05-06,585.0000,560.0500,582.1500,4.2999,5.8455,12.4819,14.3264,6.9583,11.1283,5.9214,68.3582,2.6264,2.8485,-9.9536,8.9424,6.0000,4.2858,0.8858,0.4896,4.2650,5.9330,1.1694,0.0000,0.0000
63_30_daily,2026-05-06,MARKSANS,Midcap,Healthcare,backtest,905,ok,2026-05-06,207.0000,188.3000,196.2000,4.9647,6.5725,18.0008,8.9758,7.4998,12.1175,6.6267,64.1078,3.9792,9.7666,-27.5212,8.3950,6.0000,9.5311,0.4225,5.5046,9.0338,5.9330,1.1694,0.0000,0.0000
63_30_daily,2026-05-06,MOTILALOFS,Largecap,Financials,backtest,906,ok,2026-05-06,900.0000,850.0500,881.7000,4.5040,12.6485,25.0905,11.4524,11.0558,19.2860,2.1924,71.0014,3.3166,1.5651,-19.6336,9.1059,6.0000,5.6652,0.6336,2.0755,5.5500,5.9330,1.1694,0.0000,0.0000
63_30_daily,2026-05-06,ONMOBILE,Smallcap,Telecom-Service,backtest,907,ok,2026-05-06,61.8000,53.5000,59.1700,11.0131,6.4209,40.7804,17.3309,16.0572,19.7148,5.1874,70.0943,5.5240,1.6411,-21.2012,7.3478,5.0000,14.0274,0.6831,4.4448,13.4304,5.9330,1.1694,0.0000,0.0000
63_30_daily,2026-05-06,PANACEABIO,Smallcap,Healthcare,backtest,908,ok,2026-05-06,407.4500,368.4000,398.6500,7.5398,5.7427,23.7659,7.6124,12.6170,17.3466,3.9384,66.8328,5.0349,3.8729,-31.4917,7.7561,6.0000,9.7956,0.7746,2.2075,9.5840,5.9330,1.1694,0.0000,0.0000
63_30_daily,2026-05-06,RAYMOND,Midcap,Transportation,backtest,909,ok,2026-05-06,527.9500,445.6500,518.6500,17.0900,9.9184,47.2183,26.2076,20.2395,30.8064,3.5920,73.1610,4.9717,11.0104,-67.6612,8.6496,5.0000,15.8681,0.8870,1.7931,15.5886,5.9330,1.1694,0.0000,0.0000
63_30_daily,2026-05-06,RAYMONDREL,Smallcap,Realty,backtest,910,ok,2026-05-06,569.6000,489.0000,569.6000,19.9916,33.1152,35.1845,18.9516,25.7770,34.2658,5.9060,76.9961,4.7333,29.6466,-45.7524,8.7369,6.0000,14.1503,1.0000,0.0000,14.1503,5.9330,1.1694,0.0000,0.0000
63_30_daily,2026-05-06,STAR,Midcap,Healthcare,backtest,911,ok,2026-05-06,1117.0000,1045.7000,1098.0000,4.3627,4.3776,11.9209,25.4140,7.0969,16.0385,22.4172,69.5203,3.4826,1.7068,-1.7010,8.4801,6.0000,6.4936,0.7335,1.7304,6.3832,5.9330,1.1694,1.0000,0.0000
63_30_daily,2026-05-06,WSTCSTPAPR,Smallcap,Building Materials,backtest,912,ok,2026-05-06,535.3500,495.7000,528.6500,6.4325,7.9428,19.3341,33.0774,9.7638,20.1611,16.3592,70.7210,4.1007,4.1852,-9.3225,7.9510,7.0000,7.5002,0.8310,1.2674,7.4064,5.9330,1.1694,1.0000,0.0000
Bullish_Scanner,2026-05-06,ARMANFIN,Smallcap,Financials,backtest,913,ok,2026-05-06,1818.0000,1685.0000,1787.8000,6.5118,19.4814,17.9832,12.1722,14.5024,18.0644,15.5899,69.5683,4.4372,3.9410,-2.5510,7.9372,7.0000,7.4393,0.7729,1.6892,7.3157,5.9330,1.1694,0.0000,0.0000
Bullish_Scanner,2026-05-06,SOTL,Smallcap,Energy,backtest,914,ok,2026-05-06,467.9000,397.0000,420.8000,7.9113,14.2857,31.3358,19.2575,15.8877,19.6127,11.1074,76.7740,4.0875,103.6598,-11.9020,7.8327,4.0000,16.8489,0.3357,11.1930,15.1528,5.9330,1.1694,0.0000,0.0000
Bullish_Scanner,2026-05-06,SUNPHARMA,Largecap,Healthcare,backtest,915,ok,2026-05-06,1857.8000,1818.4000,1850.2000,1.6147,5.8891,9.1821,8.7010,7.6061,5.9515,8.7191,67.2664,2.5051,0.5269,-0.4091,10.0250,8.0000,2.1295,0.8071,0.4108,2.1208,5.9330,1.1694,0.0000,0.0000
63_30_daily,2026-05-07,ARIS,Smallcap,Services,backtest,916,ok,2026-05-07,147.5000,137.5000,145.5200,6.5612,5.7405,34.5166,52.7609,14.9511,26.9598,8.2733,74.5795,4.9723,1.9440,-30.2062,8.2794,6.0000,6.8719,0.8020,1.3606,6.7797,5.2025,1.2773,1.0000,0.0000
63_30_daily,2026-05-07,ASAL,Smallcap,Auto,backtest,917,ok,2026-05-07,561.2500,524.2000,556.6000,6.1808,6.9151,30.6726,21.3959,13.2106,22.3186,13.3346,75.0236,4.2843,3.0471,-14.9775,7.6180,6.0000,6.6565,0.8745,0.8354,6.6013,5.2025,1.2773,1.0000,0.0000
63_30_daily,2026-05-07,BORORENEW,Midcap,Building Materials,backtest,918,ok,2026-05-07,568.9000,546.0000,565.5500,3.7992,11.9125,34.1119,10.1900,12.7509,23.5570,3.4876,74.8063,3.2396,2.6519,-21.5603,8.5078,5.0000,4.0492,0.8537,0.5924,4.0253,5.2025,1.2773,0.0000,0.0000
63_30_daily,2026-05-07,CARBORUNIV,Largecap,Industrials,backtest,919,ok,2026-05-07,1023.3500,987.8000,1003.4000,1.5793,2.7968,17.2265,24.7932,7.3807,17.5302,13.9899,70.9674,2.9631,1.1236,-3.8428,8.2813,7.0000,3.5430,0.4388,1.9882,3.4739,5.2025,1.2773,0.0000,0.0000
63_30_daily,2026-05-07,COSMOFIRST,Smallcap,Industrials,backtest,920,ok,2026-05-07,782.9000,723.0500,769.0500,6.0978,7.9293,23.3935,19.2973,11.2196,15.2779,-3.1666,70.2632,3.7231,4.2858,-41.1681,7.8311,7.0000,7.7823,0.7686,1.8009,7.6447,5.2025,1.2773,0.0000,0.0000
63_30_daily,2026-05-07,DCXINDIA,Smallcap,Aerospace & Defence,backtest,921,ok,2026-05-07,222.7000,206.3100,220.9200,6.5856,10.8202,30.0677,28.5615,13.8293,21.1621,5.2167,73.3604,4.1330,3.1369,-39.2660,8.5094,6.0000,7.4190,0.8914,0.8057,7.3597,5.2025,1.2773,0.0000,0.0000
63_30_daily,2026-05-07,E2E,Midcap,I.T,backtest,922,ok,2026-05-07,327.7400,317.5000,327.7400,4.9977,11.5407,39.7016,33.6405,16.4979,28.9778,29.0714,73.0090,4.5247,0.9781,-15.8497,8.3150,4.0000,3.1244,1.0000,0.0000,3.1244,5.2025,1.2773,1.0000,0.0000
63_30_daily,2026-05-07,GODREJIND,Largecap,Chemicals,backtest,923,ok,2026-05-07,1226.8500,1027.5000,1226.8500,19.9971,27.8102,44.1318,21.6691,27.9899,33.1781,17.0106,83.7456,3.8470,9.4432,-11.7374,8.6083,6.0000,16.2489,1.0000,0.0000,16.2489,5.2025,1.2773,0.0000,1.0000
63_30_daily,2026-05-07,HARSHA,Smallcap,Industrials,backtest,924,ok,2026-05-07,469.0000,393.6500,438.7500,11.6981,11.4427,28.1583,10.4190,13.4270,20.3509,13.2238,73.2162,3.9072,40.5379,-6.4499,7.8561,5.0000,17.1738,0.5985,6.8946,16.0661,5.2025,1.2773,0.0000,0.0000
63_30_daily,2026-05-07,IIFLCAPS,Midcap,Financials,backtest,925,ok,2026-05-07,359.0000,335.0000,350.4500,5.3985,11.6047,33.2307,4.5028,12.6016,18.3849,10.6606,71.0508,4.1653,4.8064,-14.7945,8.4385,7.0000,6.8483,0.6438,2.4397,6.6852,5.2025,1.2773,0.0000,0.0000
63_30_daily,2026-05-07,KERNEX,Smallcap,Consumer Discretionary,backtest,926,ok,2026-05-07,1530.0000,1364.9000,1518.5000,11.2536,12.4648,44.4746,27.5729,20.5728,37.5372,32.3709,84.5746,3.9365,5.1552,-0.7516,8.4758,8.0000,10.8726,0.9303,0.7573,10.7908,5.2025,1.2773,0.0000,0.0000
63_30_daily,2026-05-07,LXCHEM,Smallcap,Chemicals,backtest,927,ok,2026-05-07,164.9000,154.5000,163.9200,6.0628,11.4647,39.1393,10.8616,15.5770,26.6341,-4.5018,73.3988,4.0538,2.3942,-31.9834,8.1422,5.0000,6.3446,0.9058,0.5979,6.3068,5.2025,1.2773,0.0000,0.0000
63_30_daily,2026-05-07,MEIL,Smallcap,Industrials,backtest,928,ok,2026-05-07,355.3000,330.0000,342.6500,-1.1254,14.6178,39.0738,24.8270,14.8108,31.3833,-6.1424,72.4746,4.8765,0.8944,-40.2737,7.7254,6.0000,7.3836,0.5000,3.6918,7.1207,5.2025,1.2773,0.0000,0.0000
63_30_daily,2026-05-07,MOSCHIP,Smallcap,I.T,backtest,929,ok,2026-05-07,235.0000,209.5700,228.0600,8.9528,11.8654,37.7590,13.4740,15.8173,24.5980,11.7129,72.7923,4.1330,6.2086,-20.9360,8.8172,5.0000,11.1506,0.7271,3.0431,10.8213,5.2025,1.2773,0.0000,0.0000
63_30_daily,2026-05-07,ONIDA,Smallcap,Consumer Discretionary,backtest,930,ok,2026-05-07,39.7500,33.4400,39.7500,19.9819,17.6384,39.7679,16.9118,21.6806,37.2924,46.6492,79.5050,5.2740,4.3235,0.0000,7.8128,7.0000,15.8742,1.0000,0.0000,15.8742,5.2025,1.2773,0.0000,0.0000
63_30_daily,2026-05-07,PLATIND,Smallcap,Chemicals,backtest,931,ok,2026-05-07,258.8900,238.4800,257.2500,7.9612,8.3203,27.2633,9.6174,13.0322,18.6515,0.9514,71.1267,3.7382,5.3227,-24.8686,7.3759,5.0000,7.9339,0.9196,0.6375,7.8837,5.2025,1.2773,0.0000,0.0000
63_30_daily,2026-05-07,SCILAL,Smallcap,Services,backtest,932,ok,2026-05-07,55.0000,47.7700,52.0700,12.6569,16.3056,25.9555,15.9947,15.0350,19.7496,9.6740,73.8215,4.2045,33.6551,-13.7057,7.9520,5.0000,13.8852,0.5947,5.6270,13.1455,5.2025,1.2773,0.0000,1.0000
63_30_daily,2026-05-07,SYRMA,Largecap,Consumer Discretionary,backtest,933,ok,2026-05-07,1104.3500,1059.0000,1093.4000,3.2142,12.0230,35.2465,28.6050,13.4247,27.5569,37.3363,77.0480,3.6328,0.7987,-0.9915,9.1727,6.0000,4.1476,0.7585,1.0015,4.1065,5.2025,1.2773,0.0000,0.0000
63_30_daily,2026-05-07,TANLA,Midcap,I.T,backtest,934,ok,2026-05-07,589.0000,563.5500,574.0000,2.1261,6.3061,34.7102,15.7025,12.7663,24.4072,1.8971,66.0210,5.4486,0.7106,-25.0653,9.0259,6.0000,4.4338,0.4106,2.6132,4.3209,5.2025,1.2773,0.0000,0.0000
63_30_daily,2026-05-07,TVSELECT,Smallcap,I.T,backtest,935,ok,2026-05-07,530.0000,489.0000,510.7500,4.3199,8.8555,31.3151,28.7984,13.3753,25.9112,10.6064,70.8705,5.0535,1.7409,-30.9190,7.8329,6.0000,8.0274,0.5305,3.7690,7.7358,5.2025,1.2773,0.0000,0.0000
Bullish_Scanner,2026-05-07,GODREJIND,Largecap,Chemicals,backtest,936,ok,2026-05-07,1226.8500,1027.5000,1226.8500,19.9971,27.8102,44.1318,21.6691,27.9899,33.1781,17.0106,83.7456,3.8470,9.4432,-11.7374,8.6083,6.0000,16.2489,1.0000,0.0000,16.2489,5.2025,1.2773,0.0000,1.0000
Bullish_Scanner,2026-05-07,RBLBANK,Largecap,Bank,backtest,937,ok,2026-05-07,349.9000,331.3000,345.7500,2.9477,1.3335,10.6046,13.0641,6.7888,10.2168,16.2493,64.5112,3.5203,0.8922,-1.1861,9.3387,6.0000,5.3796,0.7769,1.2003,5.3158,5.2025,1.2773,1.0000,0.0000
Bullish_Scanner,2026-05-07,SCILAL,Smallcap,Services,backtest,938,ok,2026-05-07,55.0000,47.7700,52.0700,12.6569,16.3056,25.9555,15.9947,15.0350,19.7496,9.6740,73.8215,4.2045,33.6551,-13.7057,7.9520,5.0000,13.8852,0.5947,5.6270,13.1455,5.2025,1.2773,0.0000,1.0000
63_30_daily,2026-05-08,DMCC,Smallcap,Chemicals,backtest,939,ok,2026-05-08,332.9000,315.4000,320.2500,2.5128,15.5970,47.3498,43.1925,14.9013,32.1811,17.4893,71.1739,4.8560,1.7293,-8.5000,7.6197,7.0000,5.4645,0.2771,3.9500,5.2568,0.7451,0.7579,0.0000,0.0000
63_30_daily,2026-05-08,JAGSNPHARM,Smallcap,Healthcare,backtest,940,ok,2026-05-08,225.1200,211.5900,217.3400,1.5465,3.3132,12.7048,27.7944,7.7277,15.3611,3.8408,71.7356,4.3842,1.1596,-27.9496,7.6605,8.0000,6.2253,0.4250,3.5796,6.0101,0.7451,0.7579,1.0000,0.0000
63_30_daily,2026-05-08,MIDHANI,Midcap,Aerospace & Defence,backtest,941,ok,2026-05-08,438.7000,406.1000,421.2500,1.8250,8.0405,31.3123,16.3996,11.4256,22.2769,16.3703,75.2130,4.0568,2.5728,-10.1812,8.7081,8.0000,7.7389,0.4647,4.1424,7.4310,0.7451,0.7579,0.0000,0.0000
63_30_daily,2026-05-08,NEOGEN,Midcap,Chemicals,backtest,942,ok,2026-05-08,1883.0000,1760.0000,1772.4000,2.4449,8.2382,33.3935,29.9604,11.8982,24.0473,29.1840,75.5447,4.8929,1.7918,-5.8736,8.3090,6.0000,6.9397,0.1008,6.2401,6.5321,0.7451,0.7579,1.0000,0.0000
63_30_daily,2026-05-08,NRBBEARING,Midcap,Industrials,backtest,943,ok,2026-05-08,350.0000,303.6000,318.0000,5.9470,11.9640,25.7812,15.7626,11.7409,19.7173,15.3540,74.0871,4.0656,31.7110,-9.1429,8.2221,6.0000,14.5912,0.3103,10.0629,13.2571,0.7451,0.7579,0.0000,0.0000
63_30_daily,2026-05-08,RPTECH,Midcap,I.T,backtest,944,ok,2026-05-08,538.0000,510.6500,530.6000,3.6429,15.7883,41.2297,38.5379,13.6590,33.0922,53.2013,76.7919,4.7366,1.3338,-1.3755,8.0731,6.0000,5.1545,0.7294,1.3947,5.0836,0.7451,0.7579,0.0000,0.0000
63_30_daily,2026-05-08,SHREEPUSHK,Smallcap,Chemicals,backtest,945,ok,2026-05-08,423.0000,387.9500,411.8000,6.1203,4.2532,18.2993,21.7083,11.9539,23.3987,12.4862,69.9675,5.0345,0.7263,-13.4874,8.2960,5.0000,8.5114,0.6805,2.7198,8.2860,0.7451,0.7579,0.0000,0.0000
Bullish_Scanner,2026-05-08,METROPOLIS,Midcap,Healthcare,backtest,946,ok,2026-05-08,574.9000,511.0000,549.5000,8.6828,15.3200,20.5044,11.4322,13.7993,18.2022,12.4087,79.1576,3.3485,56.3997,-4.4182,8.5145,6.0000,11.6288,0.6025,4.6224,11.1150,0.7451,0.7579,0.0000,1.0000
63_30_daily,2026-05-11,ADVENZYMES,Smallcap,Healthcare,backtest,947,ok,2026-05-11,419.0000,374.8500,390.4000,9.2792,10.3916,33.7673,35.8149,19.4149,29.4189,25.8300,82.9858,4.2301,23.7598,-6.8258,8.4213,7.0000,11.3089,0.3522,7.3258,10.5370,0.1714,-0.5982,1.0000,0.0000
63_30_daily,2026-05-11,DBL,Midcap,Realty,backtest,948,ok,2026-05-11,497.0000,471.4500,487.3500,1.7963,2.6216,13.1530,7.0393,5.3166,10.8584,4.1987,67.7866,2.6118,1.7926,-16.6923,7.8309,6.0000,5.2426,0.6223,1.9801,5.1408,0.1714,-0.5982,0.0000,0.0000
63_30_daily,2026-05-11,GREAVESCOT,Midcap,Industrials,backtest,949,ok,2026-05-11,178.8500,168.3200,177.0800,3.3380,5.6185,20.7501,4.9550,8.6760,17.8954,-4.9094,67.8972,3.6908,2.5999,-27.5154,8.3046,8.0000,5.9465,0.8319,0.9996,5.8876,0.1714,-0.5982,0.0000,0.0000
63_30_daily,2026-05-11,IOLCP,Midcap,Healthcare,backtest,950,ok,2026-05-11,113.4000,96.5000,108.7700,12.2613,14.5068,34.5497,43.8947,17.9923,33.8919,22.8753,76.8138,4.4524,11.5827,-14.1244,8.4137,6.0000,15.5374,0.7260,4.2567,14.9030,0.1714,-0.5982,1.0000,0.0000
63_30_daily,2026-05-11,SCI,Midcap,Transportation,backtest,951,ok,2026-05-11,368.7500,334.4000,340.6500,0.4719,6.9377,42.6090,53.5843,14.0450,29.1208,43.6908,75.7045,4.5231,2.0144,-7.6203,9.7820,8.0000,10.0837,0.1820,8.2489,9.3153,0.1714,-0.5982,0.0000,0.0000
63_30_daily,2026-05-11,SERVOTECH,Smallcap,Industrials,backtest,952,ok,2026-05-11,102.2000,94.5000,96.5000,1.5255,0.3431,26.9904,21.0335,7.3815,23.8351,-2.1802,68.4487,5.4249,2.7000,-42.7300,8.2625,7.0000,7.9793,0.2597,5.9067,7.5342,0.1714,-0.5982,0.0000,0.0000
63_30_daily,2026-05-11,TATACONSUM,Largecap,FMCG,backtest,953,ok,2026-05-11,1279.4000,1200.0000,1271.0000,8.0599,9.5312,17.9035,9.6351,10.6218,14.3883,12.4691,76.2677,2.7610,11.5049,-0.6566,9.4788,4.0000,6.2471,0.8942,0.6609,6.2060,0.1714,-0.5982,0.0000,1.0000
Bullish_Scanner,2026-05-11,KIMS,Largecap,Healthcare,backtest,954,ok,2026-05-11,791.1500,709.8500,777.8500,8.3960,13.8539,17.5000,30.6981,14.2863,15.1391,12.8678,76.5487,3.0638,6.3277,-2.5739,8.6920,8.0000,10.4519,0.8364,1.7098,10.2762,0.1714,-0.5982,0.0000,0.0000
Bullish_Scanner,2026-05-11,SANSTAR,Smallcap,FMCG,backtest,955,ok,2026-05-11,102.8000,95.3400,99.3600,4.0855,8.9713,22.6213,11.6279,11.2399,16.6268,10.5549,77.7978,3.2192,6.8960,-7.3912,7.3483,8.0000,7.5081,0.5389,3.4622,7.2568,0.1714,-0.5982,0.0000,0.0000
Bullish_Scanner,2026-05-11,TATACONSUM,Largecap,FMCG,backtest,956,ok,2026-05-11,1279.4000,1200.0000,1271.0000,8.0599,9.5312,17.9035,9.6351,10.6218,14.3883,12.4691,76.2677,2.7610,11.5049,-0.6566,9.4788,4.0000,6.2471,0.8942,0.6609,6.2060,0.1714,-0.5982,0.0000,1.0000
Wkly_upswing,2026-05-11,POCL,Smallcap,Metals & Mining,backtest,957,ok,2026-05-15,647.6000,520.2000,617.9200,0.0194,7.9148,23.5939,26.3640,15.9642,29.7395,23.5232,72.8130,4.9914,1.2960,-4.5831,8.7338,6.0000,20.6176,0.7670,4.8032,19.6726,-2.2865,-0.6549,0.0000,1.0000
Wkly_upswing,2026-05-11,TATASTEEL,Largecap,Metals & Mining,backtest,958,ok,2026-05-15,224.4000,211.5000,216.8400,-1.9400,1.0956,2.9190,4.1949,1.3816,6.2520,18.6300,58.1908,2.3161,1.2954,-3.3690,9.7459,5.0000,5.9491,0.4140,3.4864,5.7487,-2.2865,-0.6549,0.0000,0.0000
63_30_daily,2026-05-13,VERANDA,Smallcap,Services,backtest,959,ok,2026-05-13,245.0000,217.0200,239.2500,11.6217,7.7703,61.9289,21.4529,28.9142,45.1517,17.9395,78.1745,6.4816,16.5469,-12.2018,8.1856,7.0000,11.6949,0.7945,2.4033,11.4204,-1.8037,-1.9255,0.0000,0.0000
63_30_daily,2026-05-14,ALKYLAMINE,Midcap,Chemicals,backtest,960,ok,2026-05-14,1889.0000,1664.0000,1750.0000,6.9225,0.8646,24.5818,11.0124,11.7711,22.0438,1.6452,65.3485,5.2735,47.2629,-28.2434,8.7922,4.0000,12.8571,0.3822,7.9429,11.9111,-2.2355,-0.6159,0.0000,0.0000
63_30_daily,2026-05-14,BALAMINES,Midcap,Chemicals,backtest,961,ok,2026-05-14,1623.4000,1496.0000,1623.4000,19.9941,6.3618,43.5684,45.9236,21.2819,39.5341,26.7928,72.6881,5.2619,10.4633,-16.5347,8.5661,7.0000,7.8477,1.0000,0.0000,7.8477,-2.2355,-0.6159,0.0000,0.0000
63_30_daily,2026-05-14,CARERATING,Smallcap,Financials,backtest,962,ok,2026-05-14,1787.2000,1690.0000,1735.7000,7.9281,5.1430,12.1326,8.5966,6.4631,9.4321,8.9134,63.8680,3.9255,7.8556,-11.6242,8.2067,3.0000,5.6000,0.4702,2.9671,5.4387,-2.2355,-0.6159,0.0000,0.0000
63_30_daily,2026-05-14,DIACABS,Largecap,Industrials,backtest,963,ok,2026-05-14,191.9900,174.5100,191.9900,9.9977,13.0018,35.9029,43.1586,15.8800,32.5149,32.7172,74.3660,5.4486,4.3220,0.0000,8.9653,7.0000,9.1046,1.0000,0.0000,9.1046,-2.2355,-0.6159,0.0000,0.0000
63_30_daily,2026-05-14,INDOAMIN,Smallcap,Chemicals,backtest,964,ok,2026-05-14,134.9500,119.4000,128.0600,8.8575,4.7783,17.0139,11.2308,9.8501,21.5833,2.3388,67.8951,4.1069,31.3412,-27.3418,7.4433,6.0000,12.1427,0.5569,5.3803,11.5228,-2.2355,-0.6159,0.0000,0.0000
63_30_daily,2026-05-14,POCL,Smallcap,Metals & Mining,backtest,965,ok,2026-05-14,647.6000,590.9200,617.8000,5.7877,7.5332,27.7396,24.5564,17.2394,30.5482,23.7889,72.7976,4.8490,5.4078,-4.6016,8.7198,6.0000,9.1745,0.4742,4.8236,8.7523,-2.2355,-0.6159,0.0000,0.0000
63_30_daily,2026-05-15,CROMPTON,Midcap,Consumer Discretionary,backtest,966,ok,2026-05-15,310.5000,284.0000,301.9500,4.4990,2.9492,15.7030,14.2020,9.9501,18.1154,9.7107,70.4626,3.7203,2.7644,-16.7609,9.2910,7.0000,8.7763,0.6774,2.8316,8.5346,-2.2865,-0.6549,1.0000,0.0000
63_30_daily,2026-05-15,HCG,Midcap,Healthcare,backtest,967,ok,2026-05-15,662.1500,615.0500,637.2000,3.2739,5.5316,12.2028,7.0834,7.2890,12.3470,-0.8186,67.9612,3.6824,4.4504,-20.8103,7.9169,7.0000,7.3917,0.4703,3.9156,7.1132,-2.2865,-0.6549,0.0000,0.0000
Bullish_Scanner,2026-05-15,CARERATING,Smallcap,Financials,backtest,968,ok,2026-05-15,1838.0000,1740.3000,1800.4000,3.7276,9.0953,14.5511,11.5075,9.6625,13.2526,12.9706,68.6442,3.9098,2.0928,-8.3299,8.2410,4.0000,5.4266,0.6151,2.0884,5.3156,-2.2865,-0.6549,0.0000,1.0000
Bullish_Scanner,2026-05-15,HESTERBIO,Smallcap,Healthcare,backtest,969,ok,2026-05-15,1990.0000,1732.9000,1831.4000,5.2408,11.2434,23.5096,15.5676,12.5872,21.4746,9.1717,73.7045,5.9763,25.7845,-22.0681,7.4615,7.0000,14.0384,0.3831,8.6600,12.9196,-2.2865,-0.6549,0.0000,0.0000
Bullish_Scanner,2026-05-15,NAZARA,Midcap,I.T,backtest,970,ok,2026-05-15,314.0000,263.2000,299.9500,12.7632,11.6716,15.2856,7.9734,10.7650,18.1315,10.5091,71.2583,3.9226,25.4641,-17.4260,9.1647,6.0000,16.9362,0.7234,4.6841,16.1783,-2.2865,-0.6549,0.0000,0.0000
63_30_daily,2026-05-18,BBOX,Midcap,I.T,backtest,971,ok,2026-05-18,966.0000,840.1000,935.2000,6.4239,18.6651,72.7852,71.7539,35.1289,62.2155,75.3315,90.5622,5.6829,1.8032,-3.1884,9.1737,9.0000,13.4624,0.7554,3.2934,13.0331,-2.8891,-0.4999,0.0000,0.0000
63_30_daily,2026-05-18,FCL,Midcap,Chemicals,backtest,972,ok,2026-05-18,30.5200,26.5000,30.5200,19.9686,7.7303,31.4951,26.9023,22.3320,31.6970,26.6158,74.1235,5.5093,13.7380,-14.7248,8.5219,6.0000,13.1717,1.0000,0.0000,13.1717,-2.8891,-0.4999,0.0000,0.0000
Bullish_Scanner,2026-05-18,SANSTAR,Smallcap,FMCG,backtest,973,ok,2026-05-18,113.0000,99.2700,109.3600,8.7402,10.0644,24.8972,22.7109,17.1675,26.1626,21.4665,85.5217,3.7576,27.5410,-3.2212,7.8103,9.0000,12.5549,0.7349,3.3285,12.1504,-2.8891,-0.4999,1.0000,0.0000
Wkly_upswing,2026-05-18,PRECOT,Smallcap,Textiles,backtest,974,ok,2026-05-22,783.9000,575.6000,732.6000,-4.7830,9.8515,33.2000,51.5515,17.1916,30.2972,55.0504,67.9970,5.9836,0.5560,-6.5442,6.8030,7.0000,28.4330,0.7537,7.0025,26.5723,-1.8771,0.1214,0.0000,0.0000
63_30_daily,2026-05-19,DSSL,Smallcap,I.T,backtest,975,ok,2026-05-19,1575.8000,1392.1000,1547.8000,11.9323,14.3047,47.9591,61.9377,25.5274,47.6518,58.0648,78.3133,6.8166,2.3588,-1.7769,8.4678,6.0000,11.8685,0.8476,1.8090,11.6576,-3.0653,-0.5299,1.0000,0.0000
63_30_daily,2026-05-19,SPARC,Midcap,Healthcare,backtest,976,ok,2026-05-19,189.4500,162.3600,179.7700,10.8118,8.0154,24.4083,34.4678,15.5732,29.8428,30.8613,68.9482,6.5826,11.7000,-12.0499,8.9832,6.0000,15.0693,0.6427,5.3847,14.2993,-3.0653,-0.5299,0.0000,0.0000
63_30_daily,2026-05-19,TATATECH,Largecap,I.T,backtest,977,ok,2026-05-19,672.0000,629.4000,668.5500,6.2202,8.5485,15.9771,11.9006,10.2781,16.5651,3.7918,72.1910,3.3740,1.7241,-16.1167,9.2378,7.0000,6.3720,0.9190,0.5160,6.3393,-3.0653,-0.5299,0.0000,0.0000
Bullish_Scanner,2026-05-19,ZYDUSLIFE,Largecap,Healthcare,backtest,978,ok,2026-05-19,1048.0000,995.0000,1018.9000,2.8050,9.4826,8.7987,11.9117,8.0491,11.0468,8.0411,67.4140,2.7042,5.4790,-3.7911,9.1145,7.0000,5.2017,0.4509,2.8560,5.0573,-3.0653,-0.5299,0.0000,0.0000
63_30_daily,2026-05-20,ASIANENE,Smallcap,Energy,backtest,979,ok,2026-05-20,375.7500,327.0000,354.7500,10.8594,23.1343,13.5382,17.2146,14.1308,21.3296,15.2380,70.6012,5.7318,28.4836,-9.4217,8.3122,6.0000,13.7421,0.5692,5.9197,12.9741,-3.7336,-0.2883,0.0000,0.0000
63_30_daily,2026-05-20,AVALON,Midcap,Consumer Discretionary,backtest,980,ok,2026-05-20,1499.0000,1335.1000,1464.4000,7.9384,13.2910,35.0611,37.4959,21.0170,37.1968,47.6758,74.3039,6.4985,7.9964,-2.3082,9.0655,6.0000,11.1923,0.7889,2.3627,10.9340,-3.7336,-0.2883,1.0000,0.0000
63_30_daily,2026-05-20,CARYSIL,Smallcap,Consumer Discretionary,backtest,981,ok,2026-05-20,1070.0000,909.0500,1022.3000,11.1679,14.8974,15.1887,4.1145,11.1060,18.6394,14.7348,70.0590,4.1444,14.0103,-4.6273,8.1325,5.0000,15.7439,0.7036,4.6660,15.0421,-3.7336,-0.2883,0.0000,0.0000
63_30_daily,2026-05-20,NOVARTIND,Smallcap,Healthcare,backtest,982,ok,2026-05-20,1348.0000,1209.0000,1323.0000,9.3569,6.5475,33.7850,84.0696,19.5835,54.0732,76.4283,80.5052,5.0024,2.3217,-1.8546,7.6719,7.0000,10.5064,0.8201,1.8896,10.3116,-3.7336,-0.2883,0.0000,0.0000
63_30_daily,2026-05-20,RAYMOND,Midcap,Transportation,backtest,983,ok,2026-05-20,551.3000,509.8500,541.5000,4.1246,15.5447,20.9921,34.2340,13.1614,30.1827,10.5354,68.6181,5.8251,1.6735,-30.9223,8.8727,4.0000,7.6547,0.7636,1.8098,7.5186,-3.7336,-0.2883,1.0000,0.0000
63_30_daily,2026-05-21,CENTENKA,Smallcap,Textiles,backtest,984,ok,2026-05-21,540.1000,450.1500,539.6500,19.8956,24.1431,23.6595,20.3904,22.5704,27.4915,18.7228,81.7945,3.3448,49.5057,-0.0833,7.5460,6.0000,16.6682,0.9950,0.0834,16.6543,-2.9674,-0.2129,0.0000,1.0000
63_30_daily,2026-05-21,INDOBORAX,Smallcap,Chemicals,backtest,985,ok,2026-05-21,329.9000,275.2000,324.3500,17.9669,15.1811,27.4460,32.0375,19.0323,25.6396,27.9980,76.9010,4.6588,21.6388,-1.6823,7.8087,5.0000,16.8645,0.8985,1.7111,16.5808,-2.9674,-0.2129,1.0000,1.0000
63_30_daily,2026-05-21,POLYPLEX,Smallcap,Industrials,backtest,986,ok,2026-05-21,1011.9000,892.8000,983.8500,10.7191,9.9274,11.6742,17.9676,7.0432,13.3308,7.6314,65.5437,3.4714,26.4086,-29.6245,8.1764,6.0000,12.1055,0.7645,2.8510,11.7699,-2.9674,-0.2129,1.0000,1.0000
63_30_daily,2026-05-21,SANDHAR,Smallcap,Auto,backtest,987,ok,2026-05-21,604.4000,532.0000,586.2000,10.5308,15.7012,20.4067,17.6872,14.4413,18.7342,16.1097,72.3822,4.5871,51.1730,-3.0113,8.3966,7.0000,12.3507,0.7486,3.1047,11.9788,-2.9674,-0.2129,0.0000,0.0000
63_30_daily,2026-05-21,SANGHVIMOV,Smallcap,Miscellaneous,backtest,988,ok,2026-05-21,378.2500,342.3000,352.2000,9.3449,12.3445,11.1532,29.4377,10.5675,22.3995,9.8574,67.7002,5.0174,40.2122,-14.4938,8.3673,6.0000,10.2073,0.2754,7.3964,9.5043,-2.9674,-0.2129,0.0000,0.0000
63_30_daily,2026-05-21,SHYAMMETL,Largecap,Metals & Mining,backtest,989,ok,2026-05-21,938.0000,919.5500,934.7500,1.3169,5.8967,15.0391,4.7163,6.0000,11.9228,7.8257,64.9556,3.5105,1.1133,-6.6184,8.8917,7.0000,1.9738,0.8238,0.3477,1.9670,-2.9674,-0.2129,0.0000,0.0000
Bullish_Scanner,2026-05-21,CENTENKA,Smallcap,Textiles,backtest,990,ok,2026-05-21,540.1000,450.1500,539.6500,19.8956,24.1431,23.6595,20.3904,22.5704,27.4915,18.7228,81.7945,3.3448,49.5057,-0.0833,7.5460,6.0000,16.6682,0.9950,0.0834,16.6543,-2.9674,-0.2129,0.0000,1.0000
Bullish_Scanner,2026-05-21,INDOBORAX,Smallcap,Chemicals,backtest,991,ok,2026-05-21,329.9000,275.2000,324.3500,17.9669,15.1811,27.4460,32.0375,19.0323,25.6396,27.9980,76.9010,4.6588,21.6388,-1.6823,7.8087,5.0000,16.8645,0.8985,1.7111,16.5808,-2.9674,-0.2129,0.0000,1.0000
Bullish_Scanner,2026-05-21,POLYPLEX,Smallcap,Industrials,backtest,992,ok,2026-05-21,1011.9000,892.8000,983.8500,10.7191,9.9274,11.6742,17.9676,7.0432,13.3308,7.6314,65.5437,3.4714,26.4086,-29.6245,8.1764,6.0000,12.1055,0.7645,2.8510,11.7699,-2.9674,-0.2129,0.0000,1.0000
63_30_daily,2026-05-22,SFL,Midcap,Consumer Discretionary,backtest,993,ok,2026-05-22,659.0000,596.1000,638.5000,7.2298,5.5459,15.3047,11.3436,14.3517,19.4315,5.3322,69.1094,5.2254,7.6546,-17.0672,8.5486,5.0000,9.8512,0.6741,3.2106,9.5448,-1.8771,0.1214,0.0000,0.0000
Bullish_Scanner,2026-05-22,ENTERO,Midcap,Healthcare,backtest,994,ok,2026-05-22,1374.0000,1297.5000,1354.4000,4.1926,13.5956,7.7572,24.1316,10.2972,13.5725,18.9517,69.3309,4.1057,2.8179,-10.3521,8.1440,6.0000,5.6483,0.7438,1.4471,5.5677,-1.8771,0.1214,0.0000,0.0000
Bullish_Scanner,2026-05-22,JSWCEMENT,Midcap,Building Materials,backtest,995,ok,2026-05-22,142.5000,130.1000,137.9900,8.2614,12.0322,10.1277,12.0776,10.9976,12.9521,8.1278,72.2929,2.9935,37.1790,-14.8998,9.0447,5.0000,8.9862,0.6363,3.2683,8.7018,-1.8771,0.1214,0.0000,0.0000
Bullish_Scanner,2026-05-22,SHYAMMETL,Largecap,Metals & Mining,backtest,996,ok,2026-05-22,952.5000,925.6500,947.8000,1.3961,8.0422,14.6139,10.5177,6.7484,13.0715,9.3591,67.0528,3.4064,1.2679,-5.3147,8.8981,7.0000,2.8329,0.8250,0.4959,2.8189,-1.8771,0.1214,0.0000,1.0000
63_30_daily,2026-05-25,CORDSCABLE,Smallcap,Industrials,backtest,997,ok,2026-05-25,235.6000,197.4100,235.6000,19.9959,22.8235,34.3292,38.0846,17.3283,35.3908,32.8887,71.4356,5.8095,7.5601,0.0000,7.4587,5.0000,16.2097,1.0000,0.0000,16.2097,0.5597,1.4397,0.0000,0.0000
63_30_daily,2026-05-25,E2E,Midcap,I.T,backtest,998,ok,2026-05-25,375.7300,355.1100,370.1800,3.4485,22.3978,27.5207,28.5972,15.0008,35.0452,42.2116,69.6248,5.4736,2.3223,-4.9529,8.5979,6.0000,5.5703,0.7308,1.4993,5.4880,0.5597,1.4397,2.0000,0.0000
63_30_daily,2026-05-25,JAYKAY,Smallcap,Aerospace & Defence,backtest,999,ok,2026-05-25,209.1000,172.0000,197.7100,13.4634,26.0825,23.4762,24.7067,15.2899,28.0708,,71.6698,5.8585,24.0794,,7.8401,4.0000,18.7649,0.6930,5.7610,17.7427,0.5597,1.4397,0.0000,0.0000
63_30_daily,2026-05-25,LLOYDSENGG,Midcap,Industrials,backtest,1000,ok,2026-05-25,75.9500,70.0000,74.6300,7.5825,8.4266,29.9495,48.1636,15.0863,38.5717,32.6943,77.1608,5.1942,1.9746,-11.4394,8.9340,6.0000,7.9727,0.7782,1.7687,7.8341,0.5597,1.4397,0.0000,0.0000
63_30_daily,2026-05-25,RAIN,Midcap,Miscellaneous,backtest,1001,ok,2026-05-25,183.0000,157.1000,178.9800,14.4959,17.2486,39.6100,22.9849,22.2203,38.2360,33.0021,77.1719,5.4667,3.7250,-2.1967,9.2071,6.0000,14.4709,0.8448,2.2461,14.1530,0.5597,1.4397,0.0000,1.0000
Bullish_Scanner,2026-05-25,RAIN,Midcap,Miscellaneous,backtest,1002,ok,2026-05-25,183.0000,157.1000,178.9800,14.4959,17.2486,39.6100,22.9849,22.2203,38.2360,33.0021,77.1719,5.4667,3.7250,-2.1967,9.2071,6.0000,14.4709,0.8448,2.2461,14.1530,0.5597,1.4397,0.0000,1.0000
Wkly_upswing,2026-05-25,FEDFINA,Midcap,Financials,backtest,1003,ok,2026-05-29,166.4400,153.0000,161.6900,-0.2714,4.1683,8.6992,19.7349,5.5611,11.8583,11.9075,63.2565,3.8235,0.7869,-9.4072,8.2949,4.0000,8.3122,0.6466,2.9377,8.0750,-2.6053,-0.5696,0.0000,0.0000
Wkly_upswing,2026-05-25,WANBURY,Smallcap,Healthcare,backtest,1004,ok,2026-05-29,315.2000,280.0000,308.6500,2.8148,9.0636,19.6503,20.7079,15.9275,21.2746,24.4307,77.7002,3.9423,3.1327,-3.8324,7.2001,8.0000,11.4045,0.8139,2.1222,11.1675,-2.6053,-0.5696,0.0000,0.0000
63_30_daily,2026-05-26,AMBIKCO,Smallcap,Textiles,backtest,1005,ok,2026-05-26,1750.0000,1550.0000,1666.7000,3.8378,8.9204,14.7707,18.8802,6.4046,16.6784,21.6975,68.4145,4.4043,6.3683,-4.7600,7.5535,7.0000,11.9998,0.5835,4.9979,11.4286,-0.7430,0.9713,0.0000,0.0000
63_30_daily,2026-05-26,ATGL,Largecap,Energy,backtest,1006,ok,2026-05-26,731.4000,656.5000,713.1000,8.1848,14.4072,12.1932,35.6735,12.1363,20.3424,21.2085,71.9582,4.1133,7.3840,-10.6391,9.5372,8.0000,10.5034,0.7557,2.5663,10.2406,-0.7430,0.9713,1.0000,0.0000
63_30_daily,2026-05-26,BLUEJET,Midcap,Healthcare,backtest,1007,ok,2026-05-26,521.5500,477.8500,499.5500,3.7703,14.2612,12.6000,27.6316,9.0441,21.6181,-7.0206,69.1079,4.9802,5.2003,-51.3962,8.5464,7.0000,8.7479,0.4966,4.4040,8.3789,-0.7430,0.9713,0.0000,0.0000
63_30_daily,2026-05-26,GALAPREC,Smallcap,"Castings, Forgings & Fasteners",backtest,1008,ok,2026-05-26,950.0000,874.9000,930.2000,6.1812,10.9825,22.9529,21.4677,12.2335,19.1719,20.1730,71.5825,4.9882,6.1704,-5.0816,7.5709,6.0000,8.0735,0.7364,2.1286,7.9053,-0.7430,0.9713,0.0000,0.0000
63_30_daily,2026-05-26,GREAVESCOT,Midcap,Industrials,backtest,1009,ok,2026-05-26,183.4900,171.5000,181.5100,5.7504,6.7078,10.5622,13.2385,7.3519,18.0246,-1.4261,66.2860,4.1584,2.5678,-25.7020,8.3440,6.0000,6.6057,0.8349,1.0909,6.5344,-0.7430,0.9713,1.0000,0.0000
63_30_daily,2026-05-26,HIKAL,Smallcap,Healthcare,backtest,1010,ok,2026-05-26,220.3700,212.3000,218.0500,1.8640,7.0027,15.2789,7.0815,7.3913,17.4989,-2.1686,66.4092,3.8566,1.7982,-48.4515,7.8316,7.0000,3.7010,0.7125,1.0640,3.6620,-0.7430,0.9713,0.0000,0.0000
63_30_daily,2026-05-26,INDOAMIN,Smallcap,Chemicals,backtest,1011,ok,2026-05-26,135.9000,131.0500,134.5700,2.3735,7.0224,18.0749,19.2362,9.8360,23.0595,8.3816,69.7325,4.9921,1.0847,-23.6482,7.5232,6.0000,3.6041,0.7258,0.9883,3.5688,-0.7430,0.9713,1.0000,0.0000
63_30_daily,2026-05-26,MARKOLINES,Smallcap,Realty,backtest,1012,ok,2026-05-26,176.5000,166.3100,171.5600,3.3432,4.9297,12.0355,6.8577,7.2022,11.1120,,71.3470,3.6547,1.9900,-8.7447,7.9187,7.0000,5.9396,0.5152,2.8795,5.7734,-0.7430,0.9713,0.0000,0.0000
63_30_daily,2026-05-26,MUNJALAU,Smallcap,Auto,backtest,1013,ok,2026-05-26,97.0000,93.2000,95.4300,2.3159,7.6602,17.5391,16.0525,9.3227,18.1567,14.6456,68.7720,4.6212,1.4552,-16.6914,7.6169,7.0000,3.9820,0.5868,1.6452,3.9175,-0.7430,0.9713,0.0000,0.0000
63_30_daily,2026-05-26,RAINBOW,Midcap,Healthcare,backtest,1014,ok,2026-05-26,1390.2000,1343.8000,1365.4000,1.1407,1.0883,8.8489,12.1847,4.5054,9.9319,3.5584,67.7702,2.9641,0.7366,-17.0323,8.4260,7.0000,3.3983,0.4655,1.8163,3.3376,-0.7430,0.9713,0.0000,0.0000
63_30_daily,2026-05-26,REDTAPE,Midcap,Consumer Discretionary,backtest,1015,ok,2026-05-26,157.5000,131.3100,148.4900,11.5041,15.6554,13.5939,19.1829,12.9227,19.9871,15.8785,75.6426,5.0634,31.4609,-9.1804,8.2441,5.0000,17.6376,0.6560,6.0677,16.6286,-0.7430,0.9713,0.0000,0.0000
Bullish_Scanner,2026-05-26,ADOR,Smallcap,Industrials,backtest,1016,ok,2026-05-26,1169.0000,1075.0000,1151.8000,6.6679,9.1547,12.9936,7.3039,7.5687,15.9513,12.5585,68.1968,3.3736,1.9231,-8.5873,7.7053,8.0000,8.1611,0.8170,1.4933,8.0411,-0.7430,0.9713,0.0000,0.0000
Bullish_Scanner,2026-05-26,ICEMAKE,Smallcap,Industrials,backtest,1017,ok,2026-05-26,920.0000,815.0000,885.9500,8.5523,18.5773,9.1340,7.8257,12.6787,14.1373,17.3472,74.6821,3.3898,24.8250,-3.7011,7.6806,7.0000,11.8517,0.6757,3.8433,11.4130,-0.7430,0.9713,0.0000,0.0000
Bullish_Scanner,2026-05-26,MUFIN,Smallcap,Financials,backtest,1018,ok,2026-05-26,127.9000,123.6000,125.0800,1.3286,4.9769,6.7327,7.1257,6.7632,13.1989,18.3525,70.5369,3.0792,1.8542,-2.2048,8.3981,7.0000,3.4378,0.3442,2.2546,3.3620,-0.7430,0.9713,0.0000,0.0000
63_30_daily,2026-05-27,EXIDEIND,Largecap,Auto,backtest,1019,ok,2026-05-27,397.4000,364.1500,394.1500,7.6177,16.0801,10.6386,17.3240,11.2805,18.9836,9.0905,74.0403,2.7754,6.2152,-8.5499,9.2530,6.0000,8.4359,0.9023,0.8246,8.3669,-0.3690,0.9402,0.0000,1.0000
63_30_daily,2026-05-27,IFCI,Midcap,Financials,backtest,1020,ok,2026-05-27,68.7000,64.2000,68.3800,6.1801,11.3499,13.9667,16.4509,10.0755,16.9373,22.4936,68.2209,3.8253,3.6981,-8.2148,9.2368,4.0000,6.5809,0.9289,0.4680,6.5502,-0.3690,0.9402,0.0000,0.0000
63_30_daily,2026-05-27,MANCREDIT,Smallcap,Financials,backtest,1021,ok,2026-05-27,198.9500,170.5200,191.5400,12.0969,12.9563,9.2018,8.9719,11.9986,12.2038,10.0715,77.1837,3.2750,15.4494,-11.2213,7.3615,6.0000,14.8428,0.7394,3.8686,14.2900,-0.3690,0.9402,0.0000,0.0000
63_30_daily,2026-05-27,MOTILALOFS,Largecap,Financials,backtest,1022,ok,2026-05-27,909.0000,872.8000,894.1000,2.7052,5.6294,14.2328,20.3041,5.0548,15.0817,4.2205,67.4070,2.8177,1.3076,-18.5033,9.0564,6.0000,4.0488,0.5884,1.6665,3.9824,-0.3690,0.9402,1.0000,0.0000
63_30_daily,2026-05-27,PSPPROJECT,Smallcap,Realty,backtest,1023,ok,2026-05-27,879.0000,824.5500,869.8500,4.0428,13.3872,14.9303,17.1989,8.9491,19.9770,11.1223,67.7599,3.9432,2.2440,-15.5403,8.0348,7.0000,6.2597,0.8320,1.0519,6.1945,-0.3690,0.9402,0.0000,0.0000
63_30_daily,2026-05-27,WOCKPHARMA,Largecap,Healthcare,backtest,1024,ok,2026-05-27,1789.0000,1706.0000,1771.0000,4.1642,9.8703,24.9559,30.0294,11.9045,25.5398,26.0763,72.2823,3.8667,0.6303,-5.2333,9.7171,5.0000,4.6866,0.7831,1.0164,4.6395,-0.3690,0.9402,0.0000,0.0000
Bullish_Scanner,2026-05-27,EXIDEIND,Largecap,Auto,backtest,1025,ok,2026-05-27,397.4000,364.1500,394.1500,7.6177,16.0801,10.6386,17.3240,11.2805,18.9836,9.0905,74.0403,2.7754,6.2152,-8.5499,9.2530,6.0000,8.4359,0.9023,0.8246,8.3669,-0.3690,0.9402,0.0000,1.0000
Bullish_Scanner,2026-05-27,JSWENERGY,Largecap,Power & Utilities,backtest,1026,ok,2026-05-27,608.9000,579.1000,602.0500,4.5226,12.0927,3.6409,22.8047,9.3985,13.8043,17.9626,70.6068,3.1559,2.7513,-1.1250,9.3712,10.0000,4.9498,0.7701,1.1378,4.8941,-0.3690,0.9402,0.0000,0.0000
63_30_daily,2026-05-29,BLUSPRING,Smallcap,Miscellaneous,backtest,1027,ok,2026-05-29,80.9700,70.0000,79.0300,14.9360,13.5162,26.1452,46.2435,15.1093,26.9436,14.5996,71.0782,5.4518,10.9393,-21.6594,7.4056,8.0000,13.8808,0.8232,2.4548,13.5482,-2.6053,-0.5696,0.0000,0.0000
63_30_daily,2026-05-29,GTLINFRA,Smallcap,Telecom,backtest,1028,ok,2026-05-29,1.5200,1.3600,1.4200,3.6496,9.2308,15.4471,26.7857,7.0890,17.6666,9.6779,63.3776,6.3380,2.7929,-34.5622,8.1084,5.0000,11.2676,0.3750,7.0423,10.5263,-2.6053,-0.5696,0.0000,0.0000
63_30_daily,2026-05-29,ORCHPHARMA,Midcap,Healthcare,backtest,1029,ok,2026-05-29,828.0000,750.9000,792.5000,4.0914,12.0062,29.3139,25.6740,12.7532,30.8862,12.1975,77.6727,4.5507,3.3525,-11.8465,7.8245,6.0000,9.7287,0.5396,4.4795,9.3116,-2.6053,-0.5696,0.0000,0.0000
63_30_daily,2026-06-01,ICIL,Midcap,Textiles,backtest,1030,ok,2026-06-01,353.9000,318.9000,334.7500,7.2573,10.5150,20.6915,23.2783,11.4681,22.7339,22.6141,74.4889,4.0734,15.6219,-5.4111,8.3796,7.0000,10.4556,0.4529,5.7207,9.8898,-2.5626,-1.2862,0.0000,0.0000
63_30_daily,2026-06-01,SAREGAMA,Midcap,Media,backtest,1031,ok,2026-06-01,477.5000,438.6000,459.7500,8.3933,14.2804,33.7066,39.4238,19.9671,29.1454,16.8752,75.6437,6.0973,2.0867,-23.7562,9.5947,5.0000,8.4611,0.5437,3.8608,8.1466,-2.5626,-1.2862,0.0000,1.0000
63_30_daily,2026-06-01,WELSPUNLIV,Largecap,Textiles,backtest,1032,ok,2026-06-01,146.0000,141.7800,145.1300,5.1895,4.2601,12.5388,14.7817,5.7976,13.7338,14.1432,65.4286,3.3118,2.7161,-5.0507,8.5717,6.0000,2.9077,0.7938,0.5995,2.8904,-2.5626,-1.2862,0.0000,0.0000
Bullish_Scanner,2026-06-01,SAREGAMA,Midcap,Media,backtest,1033,ok,2026-06-01,477.5000,438.6000,459.7500,8.3933,14.2804,33.7066,39.4238,19.9671,29.1454,16.8752,75.6437,6.0973,2.0867,-23.7562,9.5947,5.0000,8.4611,0.5437,3.8608,8.1466,-2.5626,-1.2862,0.0000,1.0000
Wkly_upswing,2026-06-01,ACMESOLAR,Largecap,Realty,backtest,1034,ok,2026-06-05,360.0000,295.9000,356.6500,3.1227,15.0113,19.4607,54.2404,18.8051,22.8095,35.9701,77.9326,4.1718,2.2562,-0.9306,9.0075,8.0000,17.9728,0.9477,0.9393,17.8056,-3.9461,-1.3452,0.0000,0.0000
Wkly_upswing,2026-06-01,SILVERTUC,Smallcap,I.T,backtest,1035,ok,2026-06-05,183.9900,168.9000,178.8300,3.3222,6.2504,6.5860,32.8702,13.6883,25.6641,-59.2476,69.3663,4.9880,1.5671,-83.9966,7.8616,7.0000,8.4382,0.6581,2.8854,8.2015,-3.9461,-1.3452,0.0000,0.0000
Wkly_upswing,2026-06-01,ZENTEC,Midcap,Aerospace & Defence,backtest,1036,ok,2026-06-05,1885.0000,1582.3000,1815.3000,0.3039,9.0467,11.9450,29.1937,11.2146,15.5008,26.0726,69.9871,3.9883,1.8801,-19.9603,9.1812,6.0000,16.6749,0.7697,3.8396,16.0584,-3.9461,-1.3452,0.0000,0.0000
63_30_daily,2026-06-02,COFORGE,Largecap,I.T,backtest,1037,ok,2026-06-02,1554.0000,1462.0000,1519.5000,3.9899,8.6910,31.9469,28.1413,11.7682,20.4511,-2.6477,70.2506,3.7686,2.1142,-23.7964,9.8708,7.0000,6.0546,0.6250,2.2705,5.9202,-2.6359,-0.8663,0.0000,0.0000
63_30_daily,2026-06-02,UNIVCABLES,Midcap,Industrials,backtest,1038,ok,2026-06-02,1280.8000,1085.1000,1239.2000,13.3035,6.2870,27.9835,78.3406,15.4132,40.7494,56.1242,70.3804,6.6408,2.2512,-3.2480,8.7546,6.0000,15.7925,0.7874,3.3570,15.2795,-2.6359,-0.8663,1.0000,0.0000
63_30_daily,2026-06-03,NH,Largecap,Healthcare,backtest,1039,ok,2026-06-03,1989.0000,1920.5000,1980.6000,2.3989,4.7161,12.2916,10.8338,5.2430,10.6520,9.3119,63.4745,3.1491,0.9557,-16.4374,8.9207,7.0000,3.4585,0.8774,0.4241,3.4439,-2.6098,-1.1807,0.0000,0.0000
63_30_daily,2026-06-03,PNBGILTS,Smallcap,Financials,backtest,1040,ok,2026-06-03,90.9000,77.0100,86.0200,8.5700,9.9157,20.7976,10.9077,13.0266,19.1954,2.6130,66.6280,6.9386,8.9081,-28.1970,8.4876,5.0000,16.1474,0.6487,5.6731,15.2805,-2.6098,-1.1807,0.0000,0.0000
63_30_daily,2026-06-03,SOTL,Smallcap,Energy,backtest,1041,ok,2026-06-03,525.3000,436.0000,514.6000,17.5557,21.3822,31.9656,41.8217,20.4081,35.9031,35.2814,80.1016,4.6187,19.9560,-2.0369,8.3554,5.0000,17.3533,0.8802,2.0793,16.9998,-2.6098,-1.1807,0.0000,0.0000
63_30_daily,2026-06-03,SOUTHBANK,Midcap,Bank,backtest,1042,ok,2026-06-03,44.3000,42.0000,43.6000,3.6122,7.0201,6.4713,7.3892,7.5985,11.8258,16.9404,67.2429,2.9063,2.0780,-6.9172,8.8385,6.0000,5.2752,0.6957,1.6055,5.1919,-2.6098,-1.1807,0.0000,0.0000
63_30_daily,2026-06-03,SPECTRUM,Midcap,Industrials,backtest,1043,ok,2026-06-03,1687.9000,1473.7000,1621.1000,10.0020,17.1908,39.9309,24.2794,15.8798,22.0368,22.0081,74.5168,5.4756,12.0972,-9.9389,7.7304,5.0000,13.2133,0.6881,4.1207,12.6903,-2.6098,-1.1807,0.0000,0.0000
63_30_daily,2026-06-03,STALLION,Smallcap,Chemicals,backtest,1044,ok,2026-06-03,195.0200,178.7900,193.5000,8.7629,6.8235,22.7247,54.8124,18.0263,31.5682,2.3415,70.7653,5.8822,3.6055,-54.3417,8.6247,6.0000,8.3876,0.9063,0.7855,8.3222,-2.6098,-1.1807,0.0000,0.0000
Bullish_Scanner,2026-06-03,SPAL,Smallcap,Readymade Garments/Apparels,backtest,1045,ok,2026-06-03,849.5000,797.7000,843.9000,4.5595,12.5275,5.7254,20.4539,6.5715,9.4307,14.9977,64.1119,4.0975,1.6933,-6.7514,7.3931,6.0000,6.1382,0.8919,0.6636,6.0977,-2.6098,-1.1807,0.0000,0.0000
63_30_daily,2026-06-04,ANANTRAJ,Largecap,Realty,backtest,1046,ok,2026-06-04,592.9500,542.0000,589.3500,7.5456,15.9453,5.8744,20.4476,13.7533,18.7521,6.7329,70.8800,3.5596,4.2898,-20.7490,9.2758,7.0000,8.6451,0.9293,0.6108,8.5926,-3.7582,-1.1043,0.0000,0.0000
63_30_daily,2026-06-04,BCG,Smallcap,I.T,backtest,1047,ok,2026-06-04,11.5900,11.1500,11.5900,4.9819,12.6336,21.2343,19.6078,15.7784,21.1709,-1.3756,70.1106,4.4496,1.9165,-47.3182,7.8351,7.0000,3.7964,1.0000,0.0000,3.7964,-3.7582,-1.1043,0.0000,0.0000
63_30_daily,2026-06-04,SIYSIL,Smallcap,Textiles,backtest,1048,ok,2026-06-04,633.4500,572.3000,621.3500,4.9046,7.1755,9.0949,20.3700,6.1103,12.5658,0.3333,62.6385,4.1793,1.8967,-26.7967,8.0152,7.0000,9.8415,0.8021,1.9474,9.6535,-3.7582,-1.1043,0.0000,0.0000
63_30_daily,2026-06-04,V2RETAIL,Midcap,Consumer Discretionary,backtest,1049,ok,2026-06-04,259.2500,241.2100,256.4000,4.3761,8.6211,23.1153,33.0082,10.6546,21.7101,22.6096,70.1902,4.5947,2.3483,-1.0993,8.6466,6.0000,7.0359,0.8420,1.1115,6.9585,-3.7582,-1.1043,0.0000,0.0000
63_30_daily,2026-06-05,CHEMCON,Smallcap,Chemicals,backtest,1050,ok,2026-06-05,214.4500,184.2100,207.8800,13.2306,11.4877,21.9023,29.7871,15.1202,26.7747,4.1885,69.7452,5.4300,33.6088,-29.5322,7.7383,5.0000,14.5468,0.7827,3.1605,14.1012,-3.9461,-1.3452,0.0000,0.0000
63_30_daily,2026-06-05,GREAVESCOT,Midcap,Industrials,backtest,1051,ok,2026-06-05,193.4000,181.4400,192.2000,5.0445,5.8079,14.3980,28.5791,10.1243,19.9912,4.9064,71.4104,3.8249,2.9872,-21.3262,8.4177,7.0000,6.2227,0.8997,0.6243,6.1841,-3.9461,-1.3452,2.0000,0.0000
63_30_daily,2026-06-05,JASH,Smallcap,Industrials,backtest,1052,ok,2026-06-05,450.0000,423.3000,448.9000,5.3509,11.4172,6.6778,15.7854,10.7295,12.6930,2.6137,64.7194,4.5826,2.4706,-27.9339,7.8542,7.0000,5.9479,0.9588,0.2450,5.9333,-3.9461,-1.3452,0.0000,0.0000
63_30_daily,2026-06-05,RAMCOSYS,Smallcap,I.T,backtest,1053,ok,2026-06-05,571.9500,478.0500,562.2500,17.9587,23.5579,35.5799,34.8483,30.0940,34.7904,13.6586,76.0453,5.9519,23.5355,-17.6009,8.7193,5.0000,16.7008,0.8967,1.7252,16.4175,-3.9461,-1.3452,0.0000,0.0000
63_30_daily,2026-06-05,RPEL,Midcap,Building Materials,backtest,1054,ok,2026-06-05,1120.0000,1008.8500,1110.1500,9.8941,15.0295,45.1746,65.3608,22.2222,44.1729,42.3664,83.2706,4.7783,2.2115,-0.8795,8.3949,6.0000,10.0122,0.9114,0.8873,9.9241,-3.9461,-1.3452,0.0000,0.0000
63_30_daily,2026-06-05,TVSSCS,Midcap,Transportation,backtest,1055,ok,2026-06-05,130.3900,124.0000,129.6700,5.7236,10.6494,6.2346,15.8388,10.2805,15.6155,11.9091,64.9102,4.1495,7.4727,-11.7891,7.8553,6.0000,4.9279,0.8873,0.5553,4.9007,-3.9461,-1.3452,0.0000,0.0000
Bullish_Scanner,2026-06-05,SAILIFE,Largecap,Healthcare,backtest,1056,ok,2026-06-05,1190.0000,1157.0000,1186.4000,2.3376,2.2759,8.8740,10.9615,4.9401,12.2975,26.6173,64.1588,3.8725,0.8104,-0.3025,9.0260,5.0000,2.7815,0.8909,0.3034,2.7731,-3.9461,-1.3452,0.0000,0.0000
63_30_daily,2026-06-08,OCCLLTD,Smallcap,Chemicals,backtest,1057,ok,2026-06-08,138.7500,115.5000,134.4200,16.2099,17.6749,31.5650,63.6076,25.6872,34.7858,25.9350,76.4357,5.9860,34.5891,-15.6818,7.7859,5.0000,17.2965,0.8138,3.2212,16.7568,-4.3562,-2.3748,0.0000,1.0000
63_30_daily,2026-06-08,SFL,Midcap,Consumer Discretionary,backtest,1058,ok,2026-06-08,678.0000,629.8500,671.3500,4.4496,10.6925,15.5806,28.4389,11.2202,20.7896,11.2330,70.7434,4.0723,1.4881,-12.8004,8.6288,4.0000,7.1721,0.8619,0.9905,7.1018,-4.3562,-2.3748,1.0000,0.0000
Bullish_Scanner,2026-06-08,OCCLLTD,Smallcap,Chemicals,backtest,1059,ok,2026-06-08,138.7500,115.5000,134.4200,16.2099,17.6749,31.5650,63.6076,25.6872,34.7858,25.9350,76.4357,5.9860,34.5891,-15.6818,7.7859,5.0000,17.2965,0.8138,3.2212,16.7568,-4.3562,-2.3748,0.0000,1.0000
Wkly_upswing,2026-06-08,INOXINDIA,Midcap,Industrials,backtest,1060,ok,2026-06-12,1980.0000,1543.5000,1808.2000,-2.1960,14.5300,26.4918,51.1241,16.9187,22.9257,45.9134,70.9583,5.4830,1.4100,-8.6768,8.9569,7.0000,24.1400,0.6064,9.5012,22.0455,-0.2816,-0.4064,0.0000,0.0000
Wkly_upswing,2026-06-08,MAHABANK,Largecap,Bank,backtest,1061,ok,2026-06-12,87.6200,77.8000,87.3000,5.0794,10.2412,11.2102,30.0849,8.6571,12.9661,34.8303,69.4490,2.7352,2.7515,-0.3652,9.0656,7.0000,11.2486,0.9674,0.3666,11.2075,-0.2816,-0.4064,2.0000,0.0000
Bullish_Scanner,2026-06-09,FEDERALBNK,Largecap,Bank,backtest,1062,ok,2026-06-09,315.9000,306.3500,315.1000,3.4471,7.5243,7.7449,15.2946,8.2567,9.6477,23.3958,74.4467,2.5876,0.7030,-0.2532,9.7778,7.0000,3.0308,0.9162,0.2539,3.0231,-2.4091,-1.9324,0.0000,0.0000
Bullish_Scanner,2026-06-09,RBLBANK,Largecap,Bank,backtest,1063,ok,2026-06-09,362.0000,345.9500,361.0000,4.6528,4.8961,6.9630,21.1816,6.3297,10.2903,17.9298,64.2655,2.9541,1.1539,-0.2762,9.1358,6.0000,4.4460,0.9377,0.2770,4.4337,-2.4091,-1.9324,2.0000,0.0000
63_30_daily,2026-06-10,AEGISLOG,Largecap,Services,backtest,1064,ok,2026-06-10,832.9000,787.1000,801.0000,2.3446,5.3254,21.5847,23.9267,9.6933,15.3780,11.0466,67.8620,3.5398,5.6819,-15.2022,8.9226,5.0000,5.7179,0.3035,3.9825,5.4989,-0.7040,-2.0720,0.0000,0.0000
63_30_daily,2026-06-10,EASEMYTRIP,Smallcap,I.T,backtest,1065,ok,2026-06-10,9.1400,7.8500,8.8200,12.0712,27.8261,20.0000,20.0000,15.6797,16.7964,14.3702,66.8692,5.2883,15.1346,-22.4956,8.7872,3.0000,14.6259,0.7519,3.6281,14.1138,-0.7040,-2.0720,0.0000,0.0000
63_30_daily,2026-06-10,ELECTHERM,Smallcap,Metals & Mining,backtest,1066,ok,2026-06-10,1179.9000,981.2500,1146.8000,12.5583,14.8120,58.8256,83.0487,33.8410,48.1265,35.7541,71.0232,10.5854,13.9009,-10.4342,8.2993,6.0000,17.3221,0.8334,2.8863,16.8362,-0.7040,-2.0720,0.0000,0.0000
63_30_daily,2026-06-11,VINCOFE,Smallcap,Consumer Discretionary,backtest,1067,ok,2026-06-11,169.5000,152.4300,158.8500,1.6835,5.6675,22.2487,22.2770,11.2138,14.5502,7.2609,68.3444,5.2529,12.9164,-11.6764,8.6177,7.0000,10.7460,0.3761,6.7044,10.0708,-1.0721,-2.2851,0.0000,0.0000
63_30_daily,2026-06-12,BETA,Smallcap,Healthcare,backtest,1068,ok,2026-06-12,1771.2000,1525.0000,1771.2000,20.0000,20.7609,26.1898,59.6827,26.1318,28.5270,15.9950,75.8582,4.6643,7.8553,-11.4400,7.6634,4.0000,13.9002,1.0000,0.0000,13.9002,-0.2816,-0.4064,0.0000,0.0000
63_30_daily,2026-06-12,MANALIPETC,Smallcap,Energy,backtest,1069,ok,2026-06-12,68.6000,59.7500,65.2000,10.0979,0.9600,15.3982,32.6821,8.1278,16.7066,7.3903,63.1925,5.1665,6.4887,-19.6054,8.0761,6.0000,13.5736,0.6158,5.2147,12.9009,-0.2816,-0.4064,0.0000,0.0000
63_30_daily,2026-06-12,ORCHPHARMA,Midcap,Healthcare,backtest,1070,ok,2026-06-12,935.0000,847.0000,917.1000,8.4107,8.6290,27.5078,69.5664,16.6898,36.7969,29.1086,81.7673,5.2218,4.7668,-1.9144,8.0095,5.0000,9.5955,0.7966,1.9518,9.4118,-0.2816,-0.4064,1.0000,0.0000
63_30_daily,2026-06-15,CYIENTDLM,Midcap,Aerospace & Defence,backtest,1071,ok,2026-06-15,490.1500,453.0000,468.5500,4.1917,7.6631,12.5646,53.4720,7.4003,18.8788,16.7841,65.0591,4.4537,3.0391,-7.3096,8.0147,5.0000,7.9287,0.4186,4.6100,7.5793,0.8899,0.4385,0.0000,0.0000
63_30_daily,2026-06-15,GAIL,Largecap,Energy,backtest,1072,ok,2026-06-15,177.2100,172.1100,175.4100,2.8798,4.0391,8.1910,18.6967,6.2434,8.6383,4.4552,67.4362,2.4001,1.4714,-13.5016,9.3330,6.0000,2.9075,0.6471,1.0262,2.8779,0.8899,0.4385,0.0000,0.0000
63_30_daily,2026-06-15,GALAPREC,Smallcap,"Castings, Forgings & Fasteners",backtest,1073,ok,2026-06-15,1082.9000,956.1000,1034.0500,11.3198,18.4547,20.7791,37.8642,15.1821,25.3718,32.6088,71.8352,4.9110,43.6459,-4.5110,8.0863,6.0000,12.2625,0.6147,4.7241,11.7093,0.8899,0.4385,1.0000,0.0000
63_30_daily,2026-06-15,JASH,Smallcap,Industrials,backtest,1074,ok,2026-06-15,514.8000,475.9000,503.2500,7.8663,16.1436,30.2070,38.6364,19.5752,22.4316,15.4945,73.5129,4.7172,5.8559,-19.2085,7.9970,7.0000,7.7298,0.7031,2.2951,7.5563,0.8899,0.4385,1.0000,0.0000
63_30_daily,2026-06-15,JAYBARMARU,Smallcap,Auto,backtest,1075,ok,2026-06-15,159.1200,148.0000,159.1200,9.9958,13.0435,86.0182,80.0000,30.1499,53.6557,66.2399,79.2127,6.2958,1.0467,0.0000,8.5927,6.0000,6.9884,1.0000,0.0000,6.9884,0.8899,0.4385,0.0000,0.0000
63_30_daily,2026-06-15,MAITHANALL,Smallcap,Metals & Mining,backtest,1076,ok,2026-06-15,1089.0000,1035.0000,1062.9000,4.7708,8.1722,6.4177,14.6973,6.9343,7.6968,4.0999,60.0266,4.2072,3.4066,-15.9098,7.8183,5.0000,5.0804,0.5167,2.4555,4.9587,0.8899,0.4385,0.0000,0.0000
63_30_daily,2026-06-15,MOTILALOFS,Largecap,Financials,backtest,1077,ok,2026-06-15,945.5500,903.0000,939.4500,5.7403,14.4066,11.4016,38.1036,9.1464,14.0721,10.0045,65.4681,3.7332,2.6619,-14.3697,8.9458,5.0000,4.5292,0.8566,0.6493,4.5000,0.8899,0.4385,2.0000,0.0000
63_30_daily,2026-06-15,QUADFUTURE,Smallcap,Industrials,backtest,1078,ok,2026-06-15,386.8500,340.0000,379.9000,11.0007,10.8712,32.2081,27.9987,20.4493,22.1280,15.0800,75.8903,5.8361,2.6767,-28.4557,8.7126,7.0000,12.3322,0.8517,1.8294,12.1106,0.8899,0.4385,0.0000,0.0000
63_30_daily,2026-06-15,RATEGAIN,Midcap,I.T,backtest,1079,ok,2026-06-15,842.9500,801.1500,824.5500,5.2998,10.5665,31.8542,67.2515,11.5512,27.7673,31.8699,74.9406,3.9875,0.9572,-2.1828,8.9521,5.0000,5.0694,0.5598,2.2315,4.9588,0.8899,0.4385,0.0000,0.0000
63_30_daily,2026-06-15,VAIBHAVGBL,Smallcap,Consumer Discretionary,backtest,1080,ok,2026-06-15,245.9900,231.6900,242.2200,5.1028,8.4583,13.4573,15.8393,6.7239,9.9448,5.8053,62.7898,4.2202,2.1303,-17.4015,7.9494,5.0000,5.9037,0.7364,1.5564,5.8132,0.8899,0.4385,0.0000,0.0000
63_30_daily,2026-06-15,YESBANK,Largecap,Bank,backtest,1081,ok,2026-06-15,24.0000,23.2500,23.7800,3.3015,3.3913,7.7481,26.4894,4.9704,12.2439,11.3387,63.8015,2.8716,1.4149,-2.1399,9.4252,5.0000,3.1539,0.7067,0.9251,3.1250,0.8899,0.4385,0.0000,0.0000
Bullish_Scanner,2026-06-15,SPAL,Smallcap,Readymade Garments/Apparels,backtest,1082,ok,2026-06-15,931.2500,796.4000,867.8500,9.0195,6.5370,11.0279,24.9064,9.0901,9.9826,18.0349,64.6054,4.6169,180.7928,-6.8081,8.3675,6.0000,15.5384,0.5298,7.3054,14.4805,0.8899,0.4385,1.0000,0.0000
Wkly_upswing,2026-06-15,AEROENTER,Smallcap,Metals & Mining,backtest,1083,ok,2026-06-19,137.9500,106.0300,135.8700,9.2027,23.7657,38.5298,83.4594,29.6469,37.8160,57.5474,82.7687,5.5662,5.8811,-1.5078,8.2242,7.0000,23.4930,0.9348,1.5309,23.1388,1.5151,0.7042,0.0000,0.0000
Wkly_upswing,2026-06-15,AVL,Midcap,Consumer Discretionary,backtest,1084,ok,2026-06-19,636.9000,547.5500,629.9000,2.0164,17.3217,18.6588,39.3122,14.4638,17.4251,21.9581,75.3943,4.2025,2.6276,-1.0991,8.2634,7.0000,14.1848,0.9217,1.1113,14.0289,1.5151,0.7042,0.0000,1.0000
Wkly_upswing,2026-06-15,EQUITASBNK,Midcap,Bank,backtest,1085,ok,2026-06-19,80.1400,76.1000,77.2500,-0.5791,2.2637,12.0215,37.5779,5.4917,11.2023,22.8529,63.0032,3.5996,0.6093,-3.6062,8.5886,5.0000,5.2298,0.2847,3.7411,5.0412,1.5151,0.7042,0.0000,0.0000
Wkly_upswing,2026-06-15,IRISDOREME,Smallcap,Readymade Garments/Apparels,backtest,1086,ok,2026-06-19,41.3700,36.0000,39.9100,-0.0501,9.1033,12.8996,36.0723,8.4643,11.0209,18.5513,70.9402,4.2829,0.8068,-40.0120,7.1284,5.0000,13.4553,0.7281,3.6582,12.9804,1.5151,0.7042,0.0000,0.0000
Wkly_upswing,2026-06-15,KPIL,Largecap,Realty,backtest,1087,ok,2026-06-19,1409.9000,1296.0000,1398.7000,2.2516,7.4600,9.5473,31.0135,7.2405,10.5183,15.8530,69.0926,3.4348,1.1985,-0.7944,8.6374,6.0000,8.1433,0.9017,0.8007,8.0786,1.5151,0.7042,0.0000,0.0000
Wkly_upswing,2026-06-15,NUVAMA,Largecap,Financials,backtest,1088,ok,2026-06-19,1779.0000,1615.8000,1739.6000,1.1160,9.5397,16.0507,51.1381,9.9419,17.7123,25.6244,73.7177,3.4692,0.7665,-2.2147,8.9140,5.0000,9.3815,0.7586,2.2649,9.1737,1.5151,0.7042,0.0000,0.0000
Wkly_upswing,2026-06-15,NYKAA,Largecap,I.T,backtest,1089,ok,2026-06-19,303.7500,270.2500,302.3000,1.4089,10.5302,10.1275,26.2740,11.4593,12.6810,17.7376,73.6767,2.7066,1.4119,-0.4774,9.4438,5.0000,11.0817,0.9567,0.4797,11.0288,1.5151,0.7042,0.0000,1.0000
Wkly_upswing,2026-06-15,STARHEALTH,Largecap,Financials,backtest,1090,ok,2026-06-19,595.8000,520.0000,580.2500,2.5811,11.6724,10.1775,28.1896,9.3965,12.3903,21.4928,77.3965,3.0633,3.1270,-2.6099,8.7408,6.0000,13.0633,0.7949,2.6799,12.7224,1.5151,0.7042,0.0000,0.0000
Wkly_upswing,2026-06-15,THELEELA,Midcap,Services,backtest,1091,ok,2026-06-19,502.0000,433.0000,494.2000,7.9983,14.9837,21.4848,21.3058,15.5949,16.4009,16.4088,78.7038,3.8121,9.6197,-1.5538,8.3797,5.0000,13.9620,0.8870,1.5783,13.7450,1.5151,0.7042,0.0000,0.0000
Wkly_upswing,2026-06-15,WELSPUNLIV,Largecap,Textiles,backtest,1092,ok,2026-06-19,165.5000,139.5000,162.2300,-0.4724,17.0998,11.4983,43.3380,12.7564,18.8126,25.6088,74.0189,3.3784,1.9372,-1.9758,8.6664,6.0000,16.0266,0.8742,2.0157,15.7100,1.5151,0.7042,0.0000,1.0000
63_30_daily,2026-06-16,CHAMBLFERT,Midcap,Chemicals,backtest,1093,ok,2026-06-16,497.8000,474.2000,490.0000,3.3537,7.7515,7.1507,18.6297,5.4228,7.6455,4.9165,62.5889,2.8105,3.6597,-15.6191,8.7742,7.0000,4.8163,0.6695,1.5918,4.7409,1.4343,0.8967,0.0000,0.0000
63_30_daily,2026-06-16,RELIGARE,Midcap,Financials,backtest,1094,ok,2026-06-16,247.4900,239.0400,245.7700,2.1106,8.4120,12.7385,11.2484,5.0331,8.0156,2.9927,65.9758,2.7395,0.6498,-16.6881,8.4117,6.0000,3.4382,0.7964,0.6998,3.4143,1.4343,0.8967,0.0000,0.0000
63_30_daily,2026-06-16,VARROC,Midcap,Auto,backtest,1095,ok,2026-06-16,625.0000,583.0500,623.0000,6.8611,7.4045,13.3449,30.1034,7.8484,13.4600,7.5599,65.8751,3.8913,4.2602,-10.3210,7.9234,6.0000,6.7335,0.9523,0.3210,6.7120,1.4343,0.8967,0.0000,0.0000
Bullish_Scanner,2026-06-16,AVL,Midcap,Consumer Discretionary,backtest,1096,ok,2026-06-16,593.7000,567.2000,590.9000,4.1417,9.8123,7.1733,33.0257,9.6808,12.1291,14.7811,68.2271,4.2514,2.7306,-1.3028,8.1370,7.0000,4.4847,0.8943,0.4739,4.4635,1.4343,0.8967,0.0000,0.0000
Bullish_Scanner,2026-06-16,FACT,Largecap,Chemicals,backtest,1097,ok,2026-06-16,1058.6000,906.3500,997.8000,10.1264,13.8976,15.2660,23.8657,12.4066,13.1299,14.7849,74.7129,3.9798,42.4255,-8.0369,8.9670,7.0000,15.2586,0.6007,6.0934,14.3822,1.4343,0.8967,0.0000,0.0000
Bullish_Scanner,2026-06-16,MMTC,Midcap,Services,backtest,1098,ok,2026-06-16,77.5900,69.3500,75.7400,7.9071,13.2476,22.4180,44.1294,14.5484,17.2903,19.0830,69.3542,4.8040,11.1200,-2.3843,9.0507,6.0000,10.8793,0.7755,2.4426,10.6199,1.4343,0.8967,0.0000,0.0000
63_30_daily,2026-06-17,NBCC,Largecap,Miscellaneous,backtest,1099,ok,2026-06-17,113.2000,108.8200,112.8300,3.3810,9.5437,21.2183,35.7272,10.5586,17.0506,9.6417,69.1082,3.7351,1.3305,-10.5943,9.3549,7.0000,3.8819,0.9155,0.3279,3.8693,1.9803,1.1860,0.0000,0.0000
63_30_daily,2026-06-17,RICOAUTO,Smallcap,Auto,backtest,1100,ok,2026-06-17,145.0000,131.7200,143.2900,7.5105,6.3298,25.9360,31.2540,13.9447,19.5183,27.7258,67.1786,5.9908,2.1020,-1.1793,8.8949,7.0000,9.2679,0.8712,1.1934,9.1586,1.9803,1.1860,0.0000,0.0000
Bullish_Scanner,2026-06-17,EVEREADY,Smallcap,Industrials,backtest,1101,ok,2026-06-17,369.0000,345.0000,361.3500,4.4817,8.1401,12.4475,19.7713,9.9289,12.9028,5.1954,68.7824,4.1106,5.7984,-23.9583,7.9441,6.0000,6.6418,0.6813,2.1171,6.5041,1.9803,1.1860,0.0000,0.0000
63_30_daily,2026-06-18,BHARATCOAL,Midcap,Metals & Mining,backtest,1102,ok,2026-06-18,44.4000,40.4100,42.5500,5.2957,16.0982,17.8344,22.3053,9.6522,17.8977,,63.9632,5.5363,3.9078,,9.3282,7.0000,9.3772,0.5363,4.3478,8.9865,2.1514,1.4295,0.0000,0.0000
63_30_daily,2026-06-18,LANDMARK,Smallcap,Consumer Discretionary,backtest,1103,ok,2026-06-18,461.9500,422.0000,447.6000,5.8782,6.6603,23.9031,20.3388,11.6613,11.0185,-6.9511,71.6156,4.0566,2.5480,-32.4683,7.9922,6.0000,8.9254,0.6408,3.2060,8.6481,2.1514,1.4295,0.0000,0.0000
63_30_daily,2026-06-18,PANAMAPET,Smallcap,Energy,backtest,1104,ok,2026-06-18,418.9500,375.1000,408.2500,9.1286,8.6205,26.5107,49.4600,16.0238,31.3190,39.9170,71.1473,6.2610,1.6091,-2.5540,8.6231,6.0000,10.7410,0.7560,2.6209,10.4666,2.1514,1.4295,0.0000,0.0000
63_30_daily,2026-06-18,RELAXO,Midcap,Consumer Discretionary,backtest,1105,ok,2026-06-18,375.7000,361.1500,367.8500,0.9883,9.2516,26.2788,28.7990,11.2792,18.3060,-2.2343,69.6788,4.7069,0.2962,-30.0665,8.6033,5.0000,3.9554,0.4605,2.1340,3.8728,2.1514,1.4295,0.0000,0.0000
Bullish_Scanner,2026-06-18,BEPL,Smallcap,Energy,backtest,1106,ok,2026-06-18,109.8000,102.1200,107.0600,5.4363,13.6397,12.3989,21.7283,10.5529,11.0917,15.1042,71.1488,3.3940,8.4328,-11.9572,7.8614,6.0000,7.1735,0.6432,2.5593,6.9945,2.1514,1.4295,0.0000,0.0000
Bullish_Scanner,2026-06-18,GMRAIRPORT,Largecap,Miscellaneous,backtest,1107,ok,2026-06-18,111.1500,108.3700,110.5500,1.1251,10.4396,16.9841,20.1369,9.2559,12.3179,14.8155,70.9712,3.2267,0.6040,-0.5398,9.4043,7.0000,2.5147,0.7842,0.5427,2.5011,2.1514,1.4295,0.0000,0.0000
Bullish_Scanner,2026-06-18,JSWINFRA,Largecap,Transportation,backtest,1108,ok,2026-06-18,309.9000,297.2000,307.9500,2.8901,11.7989,17.1358,18.4423,9.7059,11.9641,10.4847,69.3851,3.2844,2.9852,-11.7622,8.8922,6.0000,4.1240,0.8465,0.6332,4.0981,2.1514,1.4295,0.0000,0.0000
Bullish_Scanner,2026-06-18,NYKAA,Largecap,I.T,backtest,1109,ok,2026-06-18,303.7500,281.8000,298.1000,6.1043,14.5437,9.0743,22.3476,10.4770,11.5676,16.2618,71.9345,2.8202,4.5431,-1.8601,9.4237,4.0000,7.3633,0.7426,1.8953,7.2263,2.1514,1.4295,0.0000,0.0000
Bullish_Scanner,2026-06-18,OLECTRA,Midcap,Auto,backtest,1110,ok,2026-06-18,1454.0000,1343.0000,1446.6000,6.7680,15.5062,18.4961,36.9951,13.7461,16.1264,14.8735,68.4280,4.7604,3.7378,-15.6108,9.1533,4.0000,7.6732,0.9333,0.5115,7.6341,2.1514,1.4295,0.0000,0.0000
Bullish_Scanner,2026-06-18,WELSPUNLIV,Largecap,Textiles,backtest,1111,ok,2026-06-18,165.5000,147.8100,163.0000,11.1490,20.2508,15.0724,41.4808,13.9541,20.1317,26.4397,75.3645,3.4347,15.7804,-1.5106,8.6466,6.0000,10.8528,0.8587,1.5337,10.6888,2.1514,1.4295,0.0000,0.0000
63_30_daily,2026-06-19,GARFIBRES,Midcap,Textiles,backtest,1112,ok,2026-06-19,818.6500,695.0000,796.4000,14.1629,15.0119,28.0180,30.1520,18.3270,22.7930,15.9737,81.2215,3.5297,100.5065,-17.8969,8.3497,7.0000,15.5261,0.8201,2.7938,15.1041,1.5151,0.7042,0.0000,1.0000
63_30_daily,2026-06-19,GREAVESCOT,Midcap,Industrials,backtest,1113,ok,2026-06-19,201.0000,190.1200,198.5400,3.3847,7.2957,17.3058,48.7860,7.4798,15.6913,9.0367,67.6746,3.9844,1.8750,-18.7311,8.4712,6.0000,5.4800,0.7739,1.2390,5.4129,1.5151,0.7042,3.0000,0.0000
63_30_daily,2026-06-19,PWL,Largecap,Services,backtest,1114,ok,2026-06-19,123.5000,112.9800,122.6100,6.5989,14.8141,11.6158,42.1565,13.9927,13.7158,,68.3290,5.1796,1.4099,-24.3101,9.2207,9.0000,8.5800,0.9154,0.7259,8.5182,1.5151,0.7042,0.0000,0.0000
63_30_daily,2026-06-19,SPECTRUM,Midcap,Industrials,backtest,1115,ok,2026-06-19,1853.0000,1718.1000,1805.0000,1.9371,12.9184,27.7243,26.2944,14.1542,30.3795,34.7691,71.1583,6.2703,0.6107,-2.5904,7.8210,5.0000,7.4737,0.6442,2.6593,7.2801,1.5151,0.7042,1.0000,0.0000
Bullish_Scanner,2026-06-19,GARFIBRES,Midcap,Textiles,backtest,1116,ok,2026-06-19,818.6500,695.0000,796.4000,14.1629,15.0119,28.0180,30.1520,18.3270,22.7930,15.9737,81.2215,3.5297,100.5065,-17.8969,8.3497,7.0000,15.5261,0.8201,2.7938,15.1041,1.5151,0.7042,0.0000,1.0000
Bullish_Scanner,2026-06-22,ABCAPITAL,Largecap,Financials,backtest,1117,ok,2026-06-22,392.9000,375.0500,391.9500,4.2698,6.4503,9.6977,25.9277,8.8402,11.0051,17.4704,67.7914,2.9969,3.3054,-0.2418,9.1330,6.0000,4.5542,0.9468,0.2424,4.5431,1.6172,1.0719,0.0000,0.0000
Bullish_Scanner,2026-06-22,ACE,Midcap,Industrials,backtest,1118,ok,2026-06-22,1017.0000,975.6500,1011.7000,3.6950,8.9079,14.7182,22.0165,11.0328,11.9173,6.6952,73.6049,3.1115,2.7166,-18.1472,8.5608,7.0000,4.0872,0.8718,0.5239,4.0659,1.6172,1.0719,0.0000,0.0000
Bullish_Scanner,2026-06-22,GPTINFRA,Smallcap,Realty,backtest,1119,ok,2026-06-22,139.0400,123.0000,135.5600,11.6731,17.2664,16.2906,30.8242,15.7683,16.4663,21.4837,77.9383,3.2405,39.6474,-3.7899,7.7508,7.0000,11.8324,0.7830,2.5671,11.5362,1.6172,1.0719,0.0000,0.0000
Bullish_Scanner,2026-06-22,HAPPYFORGE,Midcap,"Castings, Forgings & Fasteners",backtest,1120,ok,2026-06-22,1565.0000,1470.9000,1554.8000,6.1297,14.8301,12.7893,22.8702,11.3682,13.4505,34.7945,71.7058,3.4359,4.3613,-0.6518,8.3742,6.0000,6.0522,0.8916,0.6560,6.0128,1.6172,1.0719,0.0000,0.0000
Bullish_Scanner,2026-06-22,MEDANTA,Largecap,Healthcare,backtest,1121,ok,2026-06-22,1293.2000,1261.0000,1288.1000,1.7617,5.5906,4.0384,28.0799,4.8075,8.6177,7.3743,66.0514,2.6850,1.8497,-11.5620,8.4914,8.0000,2.4998,0.8416,0.3959,2.4899,1.6172,1.0719,0.0000,0.0000
Bullish_Scanner,2026-06-22,MEGASTAR,Smallcap,FMCG,backtest,1122,ok,2026-06-22,349.8000,327.2500,346.4000,3.7126,6.3882,10.2658,38.4880,12.8091,15.5641,36.7633,66.8962,5.7221,0.9323,-0.9720,7.3182,7.0000,6.5098,0.8492,0.9815,6.4465,1.6172,1.0719,0.0000,0.0000
Wkly_upswing,2026-06-22,ABCAPITAL,Largecap,Financials,backtest,1123,ok,2026-06-25,399.3500,375.0500,390.8000,-1.0132,5.4506,7.0978,24.1818,7.3619,9.7133,16.5379,63.5736,3.0633,1.0597,-2.1410,9.1563,6.0000,6.2180,0.6481,2.1878,6.0849,0.6226,0.8554,0.0000,1.0000
Wkly_upswing,2026-06-22,SHIVAUM,Smallcap,Metals & Mining,backtest,1124,ok,2026-06-25,407.0000,346.5000,405.0000,7.1287,9.7561,27.0588,16.6139,14.9654,17.7144,30.0495,77.8084,3.1349,3.6862,-0.4914,4.2391,7.0000,14.9383,0.9669,0.4938,14.8649,0.6226,0.8554,0.0000,0.0000
63_30_daily,2026-06-23,PACEDIGITK,Smallcap,Telecom,backtest,1125,ok,2026-06-23,214.3000,189.2100,206.0800,12.1158,10.5757,8.2353,32.6211,9.3448,13.0272,9.7293,66.2261,3.8518,18.7443,-11.1533,8.9913,4.0000,12.1749,0.6724,3.9887,11.7079,-0.8639,-0.1014,0.0000,0.0000
63_30_daily,2026-06-23,TNPETRO,Smallcap,Energy,backtest,1126,ok,2026-06-23,102.8000,90.0000,97.9000,7.4172,7.5470,7.4290,22.5282,9.6213,9.5054,0.0900,74.0125,3.2249,41.4729,-24.6285,7.4654,6.0000,13.0746,0.6172,5.0051,12.4514,-0.8639,-0.1014,0.0000,0.0000
Bullish_Scanner,2026-06-23,JAGSNPHARM,Smallcap,Healthcare,backtest,1127,ok,2026-06-23,235.8000,221.5000,231.9100,4.1309,10.8239,12.7473,27.3182,11.2209,12.7698,14.9937,74.5112,3.1047,5.0937,-23.1195,7.3579,8.0000,6.1662,0.7280,1.6774,6.0645,-0.8639,-0.1014,0.0000,0.0000
Bullish_Scanner,2026-06-23,JSWINFRA,Largecap,Transportation,backtest,1128,ok,2026-06-23,318.4000,309.0000,314.9500,2.5729,7.1988,13.4342,30.5222,9.9964,12.9955,12.9202,71.9507,3.3667,4.9082,-9.7564,9.0271,6.0000,2.9846,0.6330,1.0954,2.9523,-0.8639,-0.1014,1.0000,0.0000
63_30_daily,2026-06-24,CHOLAFIN,Largecap,Financials,backtest,1129,ok,2026-06-24,1803.0000,1721.0000,1792.9000,3.8820,6.7711,14.3942,26.3584,13.3581,13.6270,10.2381,73.1933,2.8553,1.4022,-2.1076,9.4486,8.0000,4.5736,0.8768,0.5633,4.5480,0.4514,0.7295,0.0000,0.0000
63_30_daily,2026-06-24,HINDPETRO,Largecap,Energy,backtest,1130,ok,2026-06-24,414.0000,395.5000,412.9000,4.0706,2.5456,3.7437,22.5950,5.7132,7.6020,-1.9938,62.0234,2.9711,1.2027,-18.7924,9.4105,7.0000,4.4805,0.9405,0.2664,4.4686,0.4514,0.7295,0.0000,0.0000
63_30_daily,2026-06-24,QUADFUTURE,Smallcap,Industrials,backtest,1131,ok,2026-06-24,460.6500,402.2000,453.9000,11.9083,5.4600,49.8267,56.1135,25.3080,37.9283,37.2293,76.2346,5.6880,0.9855,-14.5198,8.8500,6.0000,12.8773,0.8845,1.4871,12.6886,0.4514,0.7295,1.0000,0.0000
63_30_daily,2026-06-24,RAMCOSYS,Smallcap,I.T,backtest,1132,ok,2026-06-24,673.8000,562.0000,673.8000,20.0000,18.1483,42.0919,77.7367,26.2868,45.3615,33.7218,80.6871,6.3324,9.9783,-1.2530,8.9358,6.0000,16.5925,1.0000,0.0000,16.5925,0.4514,0.7295,1.0000,0.0000
Bullish_Scanner,2026-06-24,AETHER,Largecap,Chemicals,backtest,1133,ok,2026-06-24,1370.6000,1232.9000,1357.2000,9.0821,15.0852,23.6629,10.8235,17.2664,17.3080,41.5513,79.9257,3.6925,8.6013,-0.9777,8.7529,9.0000,10.1459,0.9027,0.9873,10.0467,0.4514,0.7295,1.0000,0.0000
Bullish_Scanner,2026-06-24,TCIEXP,Smallcap,Transportation,backtest,1134,ok,2026-06-24,625.0000,526.2000,615.6500,16.6004,13.9671,19.9396,30.2136,17.0888,17.0190,6.4036,72.3997,4.0230,273.0507,-22.3840,8.1175,7.0000,16.0481,0.9054,1.5187,15.8080,0.4514,0.7295,0.0000,0.0000
63_30_daily,2026-06-25,ICICIBANK,Largecap,Bank,backtest,1135,ok,2026-06-25,1404.0000,1380.1000,1387.5000,1.0119,3.3674,9.0202,10.1453,6.3459,7.1768,3.0839,70.7190,1.9434,1.0504,-7.5000,10.3262,8.0000,1.7225,0.3096,1.1892,1.7023,0.6226,0.8554,0.0000,0.0000
63_30_daily,2026-06-25,RAMCOIND,Smallcap,Building Materials,backtest,1136,ok,2026-06-25,356.0000,313.0000,342.7500,12.6911,16.9995,10.0851,32.9777,15.0911,19.9936,11.3980,69.5920,4.6431,85.1346,-13.8927,8.7026,6.0000,12.5456,0.6919,3.8658,12.0787,0.6226,0.8554,0.0000,1.0000
63_30_daily,2026-06-25,RELAXO,Midcap,Consumer Discretionary,backtest,1137,ok,2026-06-25,423.0000,373.1000,413.5500,12.0884,12.4235,36.9371,55.6162,18.4982,29.3198,10.6432,77.4691,4.4139,28.3783,-21.3783,9.0441,8.0000,12.0663,0.8106,2.2851,11.7967,0.6226,0.8554,1.0000,0.0000
Bullish_Scanner,2026-06-25,AUROPHARMA,Largecap,Healthcare,backtest,1138,ok,2026-06-25,1565.0000,1532.0000,1555.2000,1.6072,7.7232,8.3084,18.9173,6.4196,7.0022,24.5872,67.0624,2.3323,1.5678,-0.6262,9.3130,6.0000,2.1219,0.7030,0.6301,2.1086,0.6226,0.8554,1.0000,0.0000
Bullish_Scanner,2026-06-25,RAMCOIND,Smallcap,Building Materials,backtest,1139,ok,2026-06-25,356.0000,313.0000,342.7500,12.6911,16.9995,10.0851,32.9777,15.0911,19.9936,11.3980,69.5920,4.6431,85.1346,-13.8927,8.7026,6.0000,12.5456,0.6919,3.8658,12.0787,0.6226,0.8554,0.0000,1.0000
63_30_daily,2026-06-29,CHOICEIN,Midcap,Financials,backtest,1140,ok,2026-06-29,755.0000,730.1500,745.2000,2.9495,2.6305,10.8434,16.1652,8.1038,8.6160,-0.2893,67.7747,2.7596,2.9004,-13.3992,8.7768,8.0000,3.3347,0.6056,1.3151,3.2914,1.6923,0.4193,0.0000,0.0000
63_30_daily,2026-06-29,PPL,Smallcap,Plastic products,backtest,1141,ok,2026-06-29,314.9000,261.1700,305.6700,16.3394,17.7329,47.4885,74.2703,25.6981,38.6456,27.6287,85.1153,4.9084,17.4344,-25.2549,8.0377,6.0000,17.5778,0.8282,3.0196,17.0626,1.6923,0.4193,0.0000,0.0000
Bullish_Scanner,2026-06-29,ANANDRATHI,Largecap,Financials,backtest,1142,ok,2026-06-29,1999.0000,1896.4000,1988.7000,2.9081,6.4900,15.2636,31.1548,9.8294,10.3955,25.0426,78.3863,2.7592,2.7053,-0.5153,9.1513,7.0000,5.1591,0.8996,0.5179,5.1326,1.6923,0.4193,1.0000,0.0000
Bullish_Scanner,2026-06-29,BANSALWIRE,Midcap,Metals & Mining,backtest,1143,ok,2026-06-29,345.0000,325.0000,333.8000,6.0019,8.8183,4.8861,40.8439,8.5520,8.1131,10.1387,64.6634,3.7522,18.1593,-23.1407,7.5574,6.0000,5.9916,0.4400,3.3553,5.7971,1.6923,0.4193,0.0000,0.0000
Wkly_upswing,2026-06-29,BHARATSE,Smallcap,Auto,backtest,1144,ok,2026-07-03,255.7400,182.8100,239.7300,-0.4278,28.4658,27.5363,50.7357,24.8499,27.0027,32.7608,78.8163,4.9693,2.6557,-6.2603,8.6653,6.0000,30.4217,0.7805,6.6784,28.5172,3.6483,1.8808,0.0000,0.0000
Wkly_upswing,2026-06-29,COMSYN,Smallcap,Industrials,backtest,1145,ok,2026-07-03,205.0000,153.2000,200.3100,7.2553,23.5490,30.9045,30.7336,20.1890,26.0937,29.1032,74.1919,6.5866,10.6608,-2.2878,8.0739,6.0000,25.8599,0.9095,2.3414,25.2683,3.6483,1.8808,0.0000,0.0000
Wkly_upswing,2026-06-29,GHCLTEXTIL,Smallcap,Textiles,backtest,1146,ok,2026-07-03,107.2000,93.1000,106.7500,2.5850,15.2932,10.7365,42.2196,11.2773,14.7149,32.3044,66.5882,4.1894,2.9740,-0.4198,7.7737,6.0000,13.2084,0.9681,0.4215,13.1530,3.6483,1.8808,0.0000,0.0000
Wkly_upswing,2026-06-29,OBEROIRLTY,Largecap,Realty,backtest,1147,ok,2026-07-03,1944.3000,1739.3000,1934.4000,3.7379,10.5877,18.5367,27.2715,13.3385,14.9027,18.6884,80.1130,2.6431,1.6111,-2.7891,9.0141,8.0000,10.5976,0.9517,0.5118,10.5436,3.6483,1.8808,0.0000,0.0000
63_30_daily,2026-06-30,KILITCH,Smallcap,Healthcare,backtest,1148,ok,2026-06-30,199.9900,183.5500,194.7300,4.4969,2.7003,7.5678,56.4725,6.1289,14.3026,14.7245,62.4954,5.1947,1.3108,-22.1080,7.4347,7.0000,8.4425,0.6800,2.7012,8.2204,2.0663,0.1095,0.0000,0.0000
63_30_daily,2026-06-30,SPECTRUM,Midcap,Industrials,backtest,1149,ok,2026-06-30,1904.8000,1750.3000,1860.7000,6.1135,5.6256,28.3064,19.8287,10.1488,28.1779,38.0041,69.6938,5.4488,0.9662,-2.3152,7.8135,6.0000,8.3033,0.7146,2.3701,8.1111,2.0663,0.1095,2.0000,0.0000
63_30_daily,2026-06-30,VARROC,Midcap,Auto,backtest,1150,ok,2026-06-30,652.0000,616.1500,633.0000,2.3278,1.3692,9.9626,35.4300,5.6827,11.2337,8.7352,63.9809,3.5319,3.8253,-8.8815,7.9267,6.0000,5.6635,0.4700,3.0016,5.4985,2.0663,0.1095,1.0000,0.0000
Bullish_Scanner,2026-06-30,ALIVUS,Midcap,Healthcare,backtest,1151,ok,2026-06-30,1176.9000,1123.9000,1156.5000,3.3050,6.9843,10.3531,18.8959,8.7810,8.5847,20.3569,71.7235,2.7849,2.7344,-1.7334,8.0423,7.0000,4.5828,0.6151,1.7639,4.5034,2.0663,0.1095,1.0000,0.0000
Bullish_Scanner,2026-06-30,IPCALAB,Largecap,Healthcare,backtest,1152,ok,2026-06-30,1736.0000,1635.8000,1701.0000,3.2662,6.4922,14.1304,6.2328,6.2046,8.2246,16.4347,68.1767,2.7119,4.0251,-2.0161,8.6264,6.0000,5.8906,0.6507,2.0576,5.7719,2.0663,0.1095,0.0000,0.0000
63_30_daily,2026-07-01,ETERNAL,Largecap,I.T,backtest,1153,ok,2026-07-01,280.6000,265.3000,279.7000,5.7067,8.0131,11.5454,18.2564,9.7885,10.9959,0.0394,69.3217,2.8640,2.3853,-24.0874,9.8809,6.0000,5.4702,0.9412,0.3218,5.4526,2.2241,0.7266,0.0000,0.0000
63_30_daily,2026-07-01,IXIGO,Midcap,I.T,backtest,1154,ok,2026-07-01,215.6400,198.0000,213.9600,8.8024,13.1405,34.0601,21.9701,19.9129,24.3614,-3.9116,73.3530,4.4204,3.5617,-36.9129,8.6589,7.0000,8.2445,0.9048,0.7852,8.1803,2.2241,0.7266,0.0000,0.0000
63_30_daily,2026-07-01,JTEKTINDIA,Smallcap,Auto,backtest,1155,ok,2026-07-01,159.5000,136.7200,151.9800,11.5613,13.2236,21.0610,21.2542,16.1940,15.1943,6.0344,74.4202,4.4301,118.3973,-19.3740,8.3902,7.0000,14.9888,0.6699,4.9480,14.2821,2.2241,0.7266,0.0000,0.0000
63_30_daily,2026-07-01,STYL,Midcap,I.T,backtest,1156,ok,2026-07-01,330.6000,311.3500,327.3000,5.5977,6.5430,20.4416,45.6609,13.3556,21.5790,14.0601,78.2068,3.7897,1.4652,-25.1800,7.8193,7.0000,5.8815,0.8286,1.0083,5.8227,2.2241,0.7266,0.0000,0.0000
63_30_daily,2026-07-01,TRIVENI,Midcap,FMCG,backtest,1157,ok,2026-07-01,462.7500,422.4500,451.7500,6.9104,7.8677,23.2101,15.0369,13.6457,14.5841,21.3855,76.5715,3.3860,8.8615,-2.3771,8.4123,7.0000,8.9209,0.7270,2.4350,8.7088,2.2241,0.7266,1.0000,1.0000
Bullish_Scanner,2026-07-01,DELHIVERY,Largecap,Transportation,backtest,1158,ok,2026-07-01,510.0000,470.5000,507.7000,7.5522,6.5589,15.9265,17.6866,11.2133,10.4543,15.4926,69.8319,3.1290,4.9796,-0.4510,9.3228,7.0000,7.7802,0.9418,0.4530,7.7451,2.2241,0.7266,0.0000,0.0000
Bullish_Scanner,2026-07-01,IRISDOREME,Smallcap,Readymade Garments/Apparels,backtest,1159,ok,2026-07-01,44.6500,41.1200,44.3300,6.3835,10.6314,24.4875,39.1400,15.1145,19.7720,30.4812,75.4420,5.2093,5.0696,-33.3684,7.4232,6.0000,7.9630,0.9093,0.7219,7.9059,2.2241,0.7266,0.0000,0.0000
Bullish_Scanner,2026-07-01,TRIVENI,Midcap,FMCG,backtest,1160,ok,2026-07-01,462.7500,422.4500,451.7500,6.9104,7.8677,23.2101,15.0369,13.6457,14.5841,21.3855,76.5715,3.3860,8.8615,-2.3771,8.4123,7.0000,8.9209,0.7270,2.4350,8.7088,2.2241,0.7266,0.0000,1.0000
63_30_daily,2026-07-02,INDIGOPNTS,Midcap,Building Materials,backtest,1161,ok,2026-07-02,1092.0000,1028.7000,1077.1000,5.2987,4.7966,11.6513,40.3205,7.4679,11.7171,4.5215,68.1738,3.3841,6.3532,-19.9718,7.9458,5.0000,5.8769,0.7646,1.3833,5.7967,3.2902,1.4554,0.0000,0.0000
63_30_daily,2026-07-02,INDOSTAR,Smallcap,Financials,backtest,1162,ok,2026-07-02,268.2000,253.7000,260.4500,3.1077,0.0769,14.9636,33.1408,5.4782,15.6872,12.9384,64.2745,3.9711,1.2973,-28.8971,7.6020,5.0000,5.5673,0.4655,2.9756,5.4064,3.2902,1.4554,0.0000,0.0000
63_30_daily,2026-07-02,PDSL,Smallcap,Textiles,backtest,1163,ok,2026-07-02,381.1500,363.8500,368.9500,1.8355,3.3329,21.6452,29.3880,10.0054,19.6705,13.2194,71.1635,4.5709,1.3652,-14.9689,7.9990,7.0000,4.6890,0.2948,3.3067,4.5389,3.2902,1.4554,0.0000,0.0000
63_30_daily,2026-07-02,PRESTIGE,Largecap,Realty,backtest,1164,ok,2026-07-02,1682.5000,1635.7000,1674.1000,3.0025,8.6302,24.4129,45.3212,13.3976,16.9979,11.0659,75.9539,3.2585,2.2529,-7.7122,9.1052,8.0000,2.7955,0.8205,0.5018,2.7816,3.2902,1.4554,0.0000,0.0000
63_30_daily,2026-07-02,UTKARSHBNK,Smallcap,Bank,backtest,1165,ok,2026-07-02,16.2000,14.9000,15.1400,1.9529,1.8157,18.3737,29.1809,9.6386,9.2005,-1.2410,63.6269,5.5954,3.3731,-39.3186,8.2775,4.0000,8.5865,0.1846,7.0013,8.0247,3.2902,1.4554,0.0000,0.0000
Bullish_Scanner,2026-07-02,NDRAUTO,Smallcap,Auto,backtest,1166,ok,2026-07-02,895.0000,834.0500,891.1000,6.8081,8.6509,13.8350,35.1175,8.1284,10.4342,7.2326,66.8894,3.6019,5.0016,-26.9590,7.4680,4.0000,6.8399,0.9360,0.4377,6.8101,3.2902,1.4554,0.0000,0.0000
63_30_daily,2026-07-03,DLF,Largecap,Realty,backtest,1167,ok,2026-07-03,678.0000,656.6000,675.9000,2.6892,8.7793,16.9782,27.7211,10.2885,12.8742,3.2062,70.6407,2.8813,1.5792,-21.4024,9.4292,7.0000,3.1662,0.9019,0.3107,3.1563,3.6483,1.8808,0.0000,0.0000
63_30_daily,2026-07-03,GATEWAY,Smallcap,Transportation,backtest,1168,ok,2026-07-03,63.2500,61.2200,61.8600,0.7328,5.4731,10.6223,13.2345,4.3971,6.7129,4.6992,60.2028,3.9340,0.9724,-19.1373,7.9011,7.0000,3.2816,0.3153,2.2470,3.2095,3.6483,1.8808,0.0000,0.0000
63_30_daily,2026-07-03,INDOFARM,Smallcap,Industrials,backtest,1169,ok,2026-07-03,167.0000,146.6600,163.6100,12.1077,13.0762,20.1866,23.0798,16.6531,19.2614,-7.0002,70.1597,5.4306,31.2035,-39.7806,8.1198,5.0000,12.4320,0.8333,2.0720,12.1796,3.6483,1.8808,0.0000,0.0000
63_30_daily,2026-07-03,LTF,Largecap,Financials,backtest,1170,ok,2026-07-03,329.0000,317.7500,327.0000,3.7272,9.3645,22.6097,28.0094,13.1596,14.5228,15.9657,75.7241,2.8408,1.3500,-0.7437,9.2971,8.0000,3.4404,0.8222,0.6116,3.4195,3.6483,1.8808,0.0000,0.0000
63_30_daily,2026-07-03,PARADEEP,Midcap,Chemicals,backtest,1171,ok,2026-07-03,149.2000,140.6100,146.5900,4.4609,7.6759,16.3043,26.4252,10.3118,13.2359,2.3558,72.6743,2.9563,4.2782,-37.4589,8.8241,8.0000,5.8599,0.6962,1.7805,5.7574,3.6483,1.8808,0.0000,0.0000
63_30_daily,2026-07-03,RESPONIND,Smallcap,Plastic products,backtest,1172,ok,2026-07-03,218.0000,201.0200,212.8700,5.4909,10.0217,13.1505,60.9116,13.9985,20.8246,17.2582,69.8889,4.2997,1.4746,-15.1912,7.7355,9.0000,7.9767,0.6979,2.4099,7.7890,3.6483,1.8808,0.0000,0.0000
Bullish_Scanner,2026-07-03,AADHARHFC,Midcap,Financials,backtest,1173,ok,2026-07-03,558.8000,533.8500,555.6000,3.7148,7.1553,18.2379,22.4463,12.0692,13.7834,13.9189,73.8815,3.4487,2.2017,-0.5727,8.5866,8.0000,4.4906,0.8717,0.5760,4.4649,3.6483,1.8808,0.0000,0.0000
Bullish_Scanner,2026-07-03,AUROPHARMA,Largecap,Healthcare,backtest,1174,ok,2026-07-03,1636.8000,1567.7000,1620.5000,3.8117,4.1988,10.7201,20.8967,8.4139,10.0497,28.4381,70.7549,2.6429,1.3983,-0.9958,9.3903,6.0000,4.2641,0.7641,1.0059,4.2217,3.6483,1.8808,2.0000,0.0000
Bullish_Scanner,2026-07-03,IPCALAB,Largecap,Healthcare,backtest,1175,ok,2026-07-03,1788.3000,1719.4000,1778.9000,3.4605,9.9240,10.2169,22.1772,9.2999,12.0667,21.2689,75.1459,2.7633,2.3077,-0.5256,8.6288,7.0000,3.8732,0.8636,0.5284,3.8528,3.6483,1.8808,1.0000,0.0000
Bullish_Scanner,2026-07-03,SPANDANA,Smallcap,Financials,backtest,1176,ok,2026-07-03,303.9500,284.9500,301.8000,6.3800,13.1184,17.3406,49.1254,18.1433,18.9363,21.1142,73.5534,4.2850,3.8891,-1.3203,8.0415,7.0000,6.2956,0.8868,0.7124,6.2510,3.6483,1.8808,0.0000,0.0000
63_30_daily,2026-07-06,AEGISVOPAK,Largecap,Transportation,backtest,1177,ok,2026-07-06,283.1700,256.5500,279.9700,8.7558,20.2775,47.2054,60.4137,21.7851,32.3409,22.1429,79.7220,4.2520,7.3876,-7.2947,8.7002,6.0000,9.5082,0.8798,1.1430,9.4007,4.5520,2.5458,0.0000,0.0000
63_30_daily,2026-07-06,POONAWALLA,Largecap,Financials,backtest,1178,ok,2026-07-06,480.9000,461.0500,476.3500,3.3409,11.1798,22.1880,17.6899,13.7736,14.4582,6.6478,75.6142,3.1429,1.4248,-16.4884,8.9329,8.0000,4.1671,0.7708,0.9552,4.1277,4.5520,2.5458,0.0000,0.0000
63_30_daily,2026-07-06,UNITDSPR,Largecap,FMCG,backtest,1179,ok,2026-07-06,1432.5000,1392.8000,1427.3000,2.4402,6.3958,14.4863,15.2815,7.7281,9.0011,5.6184,69.7765,2.4507,1.3263,-4.0793,9.0973,8.0000,2.7815,0.8690,0.3643,2.7714,4.5520,2.5458,0.0000,0.0000
Bullish_Scanner,2026-07-06,MANAPPURAM,Largecap,Financials,backtest,1180,ok,2026-07-06,347.9000,323.2000,346.1000,5.4540,9.7163,12.2972,35.1689,9.4708,10.8219,18.6933,67.4341,3.0483,3.2857,-0.5174,9.0778,6.0000,7.1367,0.9271,0.5201,7.0997,4.5520,2.5458,0.0000,0.0000
Wkly_upswing,2026-07-06,GODREJIND,Largecap,Chemicals,backtest,1181,ok,2026-07-10,1443.0000,1195.6000,1417.7000,16.2812,17.1846,40.4776,59.5162,22.0593,27.0839,36.7661,86.5737,3.4472,13.4414,-1.7533,8.6176,7.0000,17.4508,0.8977,1.7846,17.1448,4.5131,1.5831,0.0000,0.0000
63_30_daily,2026-07-07,ARKADE,Smallcap,Realty,backtest,1182,ok,2026-07-07,134.5900,124.4000,131.0600,4.8983,5.5829,17.3321,15.2378,9.8662,10.8062,-2.2962,72.8740,3.0956,9.9477,-38.6682,7.7039,7.0000,7.7751,0.6536,2.6934,7.5711,5.5170,2.3936,0.0000,0.0000
63_30_daily,2026-07-07,BHARTIARTL,Largecap,Telecom-Service,backtest,1183,ok,2026-07-07,1956.5000,1917.0000,1925.8000,0.0052,3.9849,6.2042,3.4487,3.3099,4.0372,-1.3398,63.1956,1.6909,0.8435,-11.4371,10.1028,6.0000,2.0511,0.2228,1.5941,2.0189,5.5170,2.3936,0.0000,0.0000
63_30_daily,2026-07-07,PWL,Largecap,Services,backtest,1184,ok,2026-07-07,152.6700,133.5300,148.7800,10.1258,19.8582,40.9836,50.2070,22.6692,31.2574,,77.3698,4.8230,4.4245,-8.1548,9.1877,7.0000,12.8646,0.7968,2.6146,12.5368,5.5170,2.3936,1.0000,0.0000
63_30_daily,2026-07-07,RELTD,Smallcap,Industrials,backtest,1185,ok,2026-07-07,189.2500,175.0000,183.0800,3.3183,10.7696,49.8813,34.8258,18.0598,29.5439,23.0224,74.5365,6.1921,1.7434,-4.5315,8.3190,8.0000,7.7835,0.5670,3.3701,7.5297,5.5170,2.3936,0.0000,0.0000
63_30_daily,2026-07-07,TAJGVK,Smallcap,Services,backtest,1186,ok,2026-07-07,365.0000,342.0000,361.9500,5.4326,7.3558,12.5642,6.3464,7.7040,10.1518,-1.4688,66.7320,2.7470,11.9760,-29.3963,7.6389,4.0000,6.3545,0.8674,0.8427,6.3014,5.5170,2.3936,0.0000,0.0000
63_30_daily,2026-07-08,GEMAROMA,Smallcap,Chemicals,backtest,1187,ok,2026-07-08,228.0000,197.8600,203.6200,4.9479,6.5070,23.2194,23.9394,10.8658,21.0889,11.1782,69.4483,5.3261,105.3843,-41.7563,8.3090,6.0000,14.8021,0.1911,11.9733,13.2193,2.7534,0.2267,0.0000,0.0000
63_30_daily,2026-07-08,HIKAL,Smallcap,Healthcare,backtest,1188,ok,2026-07-08,244.6800,215.0000,228.7800,5.2346,4.4848,26.1747,30.9185,10.3876,12.9689,7.4588,67.4297,4.7194,26.8339,-37.2432,8.2882,4.0000,12.9732,0.4643,6.9499,12.1301,2.7534,0.2267,1.0000,0.0000
63_30_daily,2026-07-08,UNICHEMLAB,Smallcap,Healthcare,backtest,1189,ok,2026-07-08,572.7000,477.7000,572.7000,20.0000,20.6828,50.8495,72.3183,24.9577,41.2310,38.9796,81.2228,4.6634,2.0284,-12.9569,8.9530,6.0000,16.5881,1.0000,0.0000,16.5881,2.7534,0.2267,0.0000,0.0000
63_30_daily,2026-07-09,ASKAUTOLTD,Midcap,Auto,backtest,1190,ok,2026-07-09,486.9000,466.0000,479.9500,3.1042,5.3793,12.1510,9.0424,5.0305,6.6245,4.3703,64.6704,3.0301,2.3231,-17.0354,8.0028,4.0000,4.3546,0.6675,1.4481,4.2925,3.2214,0.5766,0.0000,0.0000
63_30_daily,2026-07-09,CHOICEIN,Midcap,Financials,backtest,1191,ok,2026-07-09,837.0000,787.5500,830.4500,7.9769,6.4407,29.5958,18.2388,12.4669,19.1099,11.1957,74.2798,2.9838,8.3408,-3.4922,9.0472,7.0000,5.9546,0.8675,0.7887,5.9080,3.2214,0.5766,1.0000,0.0000
63_30_daily,2026-07-09,IVALUE,Smallcap,I.T,backtest,1192,ok,2026-07-09,299.3000,284.0000,289.2000,1.3848,2.4079,24.2855,20.2595,7.5927,13.7801,11.0643,65.2397,5.4843,0.4838,-14.9412,8.4765,7.0000,5.2905,0.3399,3.4924,5.1119,3.2214,0.5766,0.0000,0.0000
63_30_daily,2026-07-10,DLF,Largecap,Realty,backtest,1193,ok,2026-07-10,692.0000,654.5500,685.7500,3.9645,1.4573,21.8028,20.6457,7.8194,13.2599,5.1339,65.6532,3.1514,2.2820,-19.9311,9.5442,6.0000,5.4612,0.8331,0.9114,5.4119,4.5131,1.5831,1.0000,0.0000
63_30_daily,2026-07-10,IONEXCHANG,Midcap,Realty,backtest,1194,ok,2026-07-10,479.4000,404.9000,468.3000,16.4346,11.9398,42.0813,21.9849,18.1539,20.5595,24.0345,74.3598,4.2037,14.9140,-19.3629,8.8043,6.0000,15.9086,0.8510,2.3703,15.5403,4.5131,1.5831,0.0000,1.0000
Bullish_Scanner,2026-07-10,IONEXCHANG,Midcap,Realty,backtest,1195,ok,2026-07-10,479.4000,404.9000,468.3000,16.4346,11.9398,42.0813,21.9849,18.1539,20.5595,24.0345,74.3598,4.2037,14.9140,-19.3629,8.8043,6.0000,15.9086,0.8510,2.3703,15.5403,4.5131,1.5831,0.0000,1.0000
63_30_daily,2026-07-13,CANHLIFE,Midcap,Financials,backtest,1196,ok,2026-07-13,158.8000,145.9500,147.3000,2.2704,4.0695,6.2158,0.5667,4.5994,5.4396,6.7374,64.5338,3.3188,36.9292,-7.3585,8.4518,7.0000,8.7237,0.1051,7.8072,8.0919,2.4895,1.5975,0.0000,0.0000
63_30_daily,2026-07-13,DDEVPLSTIK,Smallcap,Chemicals,backtest,1197,ok,2026-07-13,299.9500,278.8000,294.1500,3.3011,5.4301,15.1813,23.3954,7.7285,14.7444,6.5096,69.9832,3.9950,2.0041,-18.2917,7.7787,6.0000,7.1902,0.7258,1.9718,7.0512,2.4895,1.5975,0.0000,0.0000
63_30_daily,2026-07-13,GNA,Smallcap,Auto,backtest,1198,ok,2026-07-13,537.0000,465.1500,529.2500,11.3273,11.8213,42.5589,19.2810,20.2663,30.5765,43.3057,80.5665,4.5401,3.0871,-1.4432,8.5170,7.0000,13.5758,0.8921,1.4643,13.3799,2.4895,1.5975,1.0000,0.0000
63_30_daily,2026-07-13,HOMEFIRST,Midcap,Financials,backtest,1199,ok,2026-07-13,1284.9000,1211.2000,1261.0000,3.1324,5.8685,13.6753,15.4286,7.1978,11.3808,11.2706,68.1535,3.7980,1.5759,-16.9849,8.5002,6.0000,5.8446,0.6757,1.8953,5.7359,2.4895,1.5975,0.0000,0.0000
63_30_daily,2026-07-13,SONATSOFTW,Midcap,I.T,backtest,1200,ok,2026-07-13,329.5000,281.5000,316.0500,10.7587,14.0975,24.4046,24.5321,10.6937,15.0303,2.1624,67.8221,4.5619,6.5362,-30.2010,9.2722,6.0000,15.1875,0.7198,4.2557,14.5675,2.4895,1.5975,0.0000,0.0000
63_30_daily,2026-07-13,TRIVENI,Midcap,FMCG,backtest,1201,ok,2026-07-13,485.6000,458.7000,477.1500,3.1899,2.9672,23.6300,22.5819,10.2122,18.4868,26.7354,73.0733,3.6751,2.9167,-1.7401,8.5161,7.0000,5.6376,0.6859,1.7709,5.5395,2.4895,1.5975,2.0000,0.0000
Bullish_Scanner,2026-07-13,ARMANFIN,Smallcap,Financials,backtest,1202,ok,2026-07-13,1999.0000,1780.0000,1965.8000,8.4280,12.2801,19.3637,23.9236,15.0031,16.1053,23.6923,75.0047,3.5605,5.2588,-1.6608,7.8503,8.0000,11.1405,0.8484,1.6889,10.9555,2.4895,1.5975,1.0000,0.0000
Bullish_Scanner,2026-07-13,SENCO,Midcap,Consumer Discretionary,backtest,1203,ok,2026-07-13,384.7000,358.5000,381.0000,5.2050,16.6922,12.6053,16.7637,12.4881,12.3195,16.7141,72.4784,4.2932,4.1993,-5.8911,8.7459,8.0000,6.8766,0.8588,0.9711,6.8105,2.4895,1.5975,0.0000,0.0000
Bullish_Scanner,2026-07-13,SHYAMMETL,Largecap,Metals & Mining,backtest,1204,ok,2026-07-13,1038.0000,965.1500,1029.3500,5.5635,7.3918,4.6353,19.5112,7.0411,9.0108,18.1671,68.2345,2.8034,4.1720,-0.8333,8.7442,7.0000,7.0773,0.8813,0.8403,7.0183,2.4895,1.5975,1.0000,0.0000
Wkly_upswing,2026-07-13,INDIAGLYCO,Smallcap,FMCG,backtest,1205,ok,2026-07-17,1189.9000,1060.1000,1159.3000,0.2378,8.5741,20.2968,20.5282,11.2332,13.3618,18.6230,75.2029,4.0717,2.4824,-5.1309,8.3385,8.0000,11.1964,0.7643,2.6395,10.9085,0.6881,2.1100,0.0000,0.0000
Wkly_upswing,2026-07-13,SHYAMMETL,Largecap,Metals & Mining,backtest,1206,ok,2026-07-17,1059.0000,965.1500,1022.5000,-1.7299,4.8610,4.8610,24.0597,4.8723,6.9964,17.0528,62.9172,3.0733,0.3769,-3.4466,8.7008,7.0000,9.1785,0.6111,3.5697,8.8621,0.6881,2.1100,0.0000,1.0000
63_30_daily,2026-07-14,BLUESTONE,Midcap,Consumer Discretionary,backtest,1207,ok,2026-07-14,612.8000,575.6000,607.3000,3.1420,4.8968,15.1280,16.6315,10.1164,17.1430,14.7733,73.8765,4.0154,1.8335,-23.4174,8.2811,7.0000,6.1255,0.8522,0.9056,6.0705,0.8307,0.9258,0.0000,0.0000
63_30_daily,2026-07-14,LANDMARK,Smallcap,Consumer Discretionary,backtest,1208,ok,2026-07-14,507.4500,416.5000,496.4000,17.3800,14.5098,16.7863,15.0806,13.4817,21.3200,6.5835,70.2363,4.5118,64.1653,-25.1056,8.4916,4.0000,18.3219,0.8785,2.2260,17.9230,0.8307,0.9258,1.0000,0.0000
63_30_daily,2026-07-16,BAJAJHCARE,Smallcap,Healthcare,backtest,1209,ok,2026-07-16,380.0000,365.7000,372.9000,2.5719,6.5124,24.6323,11.7136,10.6290,18.3539,0.5111,69.7259,4.7868,0.6318,-32.5190,8.5905,6.0000,3.8348,0.5035,1.9040,3.7632,-0.0538,1.0128,0.0000,0.0000
63_30_daily,2026-07-16,CHALET,Midcap,Services,backtest,1210,ok,2026-07-16,874.9000,854.9500,871.9500,1.3365,6.4587,11.6453,10.7238,5.5856,9.6885,3.5730,68.5037,2.6005,1.0160,-19.4131,8.0954,6.0000,2.2880,0.8521,0.3383,2.2803,-0.0538,1.0128,0.0000,0.0000
63_30_daily,2026-07-16,HUHTAMAKI,Smallcap,Industrials,backtest,1211,ok,2026-07-16,237.4500,225.0800,232.6900,4.6786,12.0048,31.0118,23.2077,12.8175,26.0034,17.2818,73.7338,3.7211,3.3714,-14.6561,7.7693,6.0000,5.3161,0.6152,2.0456,5.2095,-0.0538,1.0128,0.0000,0.0000
63_30_daily,2026-07-17,ICICIBANK,Largecap,Bank,backtest,1212,ok,2026-07-17,1455.1000,1419.7000,1444.3000,1.8404,3.0759,7.5989,4.0262,3.7114,9.4090,7.3280,70.6708,1.7908,0.8842,-3.7133,10.2393,7.0000,2.4510,0.6949,0.7478,2.4328,0.6881,2.1100,1.0000,0.0000
63_30_daily,2026-07-17,RELAXO,Midcap,Consumer Discretionary,backtest,1213,ok,2026-07-17,439.9500,363.7000,439.9500,19.9918,11.4644,19.6004,43.7322,12.4186,26.5129,19.8573,68.0973,4.7278,15.8377,-16.3593,9.2315,5.0000,17.3315,1.0000,0.0000,17.3315,0.6881,2.1100,2.0000,0.0000
63_30_daily,2026-07-20,BAJFINANCE,Largecap,Financials,backtest,1214,ok,2026-07-20,1067.7000,1038.2000,1064.0000,0.7290,4.0485,10.6259,13.8272,4.9918,11.5078,9.6725,69.6218,2.3993,1.0050,-3.4921,9.9652,7.0000,2.7726,0.8746,0.3477,2.7629,0.9387,1.7155,0.0000,0.0000
63_30_daily,2026-07-20,COMSYN,Smallcap,Industrials,backtest,1215,ok,2026-07-20,224.6000,186.1100,209.3500,10.6092,7.1941,28.1133,34.3796,14.4787,24.9760,33.1086,71.4696,8.6100,4.4702,-6.7898,8.3099,5.0000,18.3855,0.6038,7.2845,17.1371,0.9387,1.7155,0.0000,0.0000
63_30_daily,2026-07-20,HOMEFIRST,Midcap,Financials,backtest,1216,ok,2026-07-20,1289.6000,1235.1000,1273.2000,2.5286,0.9675,10.3388,8.4775,5.9257,11.9876,12.4205,64.5473,3.2718,0.8984,-16.1817,8.4854,7.0000,4.2806,0.6991,1.2881,4.2261,0.9387,1.7155,1.0000,0.0000
63_30_daily,2026-07-20,SUMEETINDS,Smallcap,Textiles,backtest,1217,ok,2026-07-20,35.6700,33.5600,35.3000,3.8846,8.1826,36.6099,17.6667,15.1882,23.2059,17.7272,85.6650,3.7151,1.4955,-12.8395,8.4045,10.0000,5.9773,0.8246,1.0482,5.9153,0.9387,1.7155,0.0000,0.0000
Bullish_Scanner,2026-07-20,LXCHEM,Smallcap,Chemicals,backtest,1218,ok,2026-07-20,179.6600,168.7900,176.5500,2.7888,7.5213,15.8693,22.4087,9.6216,12.2750,10.7894,69.2255,3.9883,3.0301,-26.7427,8.4241,8.0000,6.1569,0.7139,1.7615,6.0503,0.9387,1.7155,0.0000,0.0000
Bullish_Scanner,2026-07-20,VSSL,Smallcap,Metals & Mining,backtest,1219,ok,2026-07-20,310.9500,290.8000,308.8000,3.5026,4.6070,9.6786,13.5044,8.9924,10.8992,13.8228,73.9047,3.4384,1.3041,-4.6914,7.4526,9.0000,6.5253,0.8933,0.6963,6.4801,0.9387,1.7155,0.0000,0.0000
Wkly_upswing,2026-07-20,JSFB,Midcap,Bank,backtest,1220,ok,2026-07-24,569.8000,493.2500,536.9500,-0.8586,8.9148,19.7213,9.2472,9.4777,12.0434,23.9645,64.8236,4.2103,0.4622,-5.7652,8.8112,5.0000,14.2564,0.5709,6.1179,13.4345,-1.1995,-0.3479,0.0000,0.0000
Wkly_upswing,2026-07-20,STALLION,Smallcap,Chemicals,backtest,1221,ok,2026-07-24,260.8000,212.9000,241.9000,-4.4704,12.6374,32.8756,50.7635,17.3073,27.6726,25.4610,68.4898,5.5616,0.5162,-42.9212,8.9927,8.0000,19.8016,0.6054,7.8131,18.3666,-1.1995,-0.3479,0.0000,0.0000
63_30_daily,2026-07-22,LOTUSDEV,Midcap,Realty,backtest,1222,ok,2026-07-22,162.9700,151.0000,162.7000,9.8137,14.5694,12.4473,12.3541,11.1544,14.5397,7.9797,71.1886,3.4770,19.5802,-25.5344,8.4518,5.0000,7.3571,0.9774,0.1660,7.3449,0.7226,0.6827,0.0000,0.0000
63_30_daily,2026-07-22,UFLEX,Smallcap,Industrials,backtest,1223,ok,2026-07-22,514.6500,438.0000,490.7000,11.5988,11.4467,15.4860,25.5951,12.1190,15.0908,6.0848,75.4814,3.4957,251.5611,-19.5574,8.4863,5.0000,15.6205,0.6875,4.8808,14.8936,0.7226,0.6827,0.0000,0.0000
63_30_daily,2026-07-23,ROUTE,Smallcap,I.T,backtest,1224,ok,2026-07-23,649.9500,567.9000,600.4500,5.8901,5.6293,12.5809,12.9515,8.4031,12.2970,1.2710,65.7049,4.2427,88.0533,-41.5905,9.0318,6.0000,13.6647,0.3967,8.2438,12.6240,-0.6330,0.1101,0.0000,0.0000
63_30_daily,2026-07-23,UJJIVANSFB,Midcap,Bank,backtest,1225,ok,2026-07-23,72.2400,61.7500,68.7800,5.7340,4.8156,20.2027,19.5758,9.4892,18.4424,21.9979,70.0457,4.2361,8.2648,-4.7896,9.2111,7.0000,15.2515,0.6702,5.0305,14.5210,-0.6330,0.1101,0.0000,0.0000
Bullish_Scanner,2026-07-23,ASKAUTOLTD,Midcap,Auto,backtest,1226,ok,2026-07-23,506.7000,483.0500,502.9500,3.6369,3.7010,8.8401,15.4747,7.0682,10.1912,10.0807,69.3351,3.0946,1.8526,-13.0596,8.1579,5.0000,4.7023,0.8414,0.7456,4.6675,-0.6330,0.1101,0.0000,0.0000
Bullish_Scanner,2026-07-23,KRISHANA,Smallcap,Chemicals,backtest,1227,ok,2026-07-23,157.4000,143.4500,155.7500,8.4233,11.0517,6.1040,13.3799,10.5602,13.0227,37.1664,65.4349,5.2809,2.3214,-1.0483,8.4010,7.0000,8.9567,0.8817,1.0594,8.8628,-0.6330,0.1101,0.0000,0.0000
Bullish_Scanner,2026-07-24,TFCILTD,Midcap,Financials,backtest,1228,ok,2026-07-24,88.2000,79.9400,87.2700,6.3101,2.6344,11.2570,20.1239,8.8779,13.4060,23.0431,67.0486,5.0181,3.2111,-1.0544,8.8401,6.0000,9.4649,0.8874,1.0657,9.3651,-1.1995,-0.3479,0.0000,0.0000
Bullish_Scanner,2026-07-27,PVRINOX,Midcap,Media,backtest,1229,ok,2026-07-27,1136.9000,1071.0000,1123.2000,5.5689,10.1987,16.8296,2.8054,11.4189,13.7957,9.1394,74.5384,3.0274,4.5223,-10.1224,8.6502,4.0000,5.8672,0.7921,1.2197,5.7965,0.2075,0.5843,0.0000,0.0000
Bullish_Scanner,2026-07-27,SENCO,Midcap,Consumer Discretionary,backtest,1230,ok,2026-07-27,430.0000,386.6500,417.9500,9.1681,14.1940,27.7549,31.9078,16.1811,20.0426,27.5273,74.9254,4.7596,8.5262,-2.8023,9.0688,4.0000,10.3721,0.7220,2.8831,10.0814,0.2075,0.5843,1.0000,0.0000
Bullish_Scanner,2026-07-27,TTKHLTCARE,Smallcap,Miscellaneous,backtest,1231,ok,2026-07-27,1167.0000,1061.0000,1088.8000,3.9725,7.1759,17.4288,21.2270,12.0940,17.1894,11.3705,76.4326,5.4651,5.3396,-19.9412,7.3929,6.0000,9.7355,0.2623,7.1822,9.0831,0.2075,0.5843,0.0000,0.0000
Wkly_upswing,2026-07-27,BBTCL,Smallcap,Industrials,backtest,1232,ok,2026-07-31,251.0000,212.3200,241.2200,6.4848,11.1152,7.9912,22.2233,10.9568,11.9394,22.7081,70.6467,4.2842,26.4021,-3.8964,6.4955,7.0000,16.0352,0.7472,4.0544,15.4104,0.4645,2.0069,0.0000,0.0000
Wkly_upswing,2026-07-27,MANAPPURAM,Largecap,Financials,backtest,1233,ok,2026-07-31,381.5500,354.6500,371.8500,0.9502,5.3549,13.2998,19.9710,7.6360,13.3437,25.1994,72.1503,2.7594,1.4792,-2.5423,9.1963,8.0000,7.2341,0.6394,2.6086,7.0502,0.4645,2.0069,0.0000,0.0000
Wkly_upswing,2026-07-27,NAZARA,Midcap,I.T,backtest,1234,ok,2026-07-31,343.8000,296.2000,339.0000,10.0471,12.1403,10.9112,24.7241,10.6867,14.5804,25.7691,77.0685,2.8540,9.1481,-6.6758,8.9773,6.0000,14.0413,0.8992,1.4159,13.8453,0.4645,2.0069,0.0000,0.0000
Wkly_upswing,2026-07-27,PRICOLLTD,Midcap,Auto,backtest,1235,ok,2026-07-31,715.5000,633.2000,696.6500,2.2906,10.8080,12.0557,18.9025,10.1327,16.9070,18.2636,77.1815,3.1205,3.5745,-2.6345,8.5901,5.0000,11.8137,0.7710,2.7058,11.5024,0.4645,2.0069,0.0000,0.0000
Wkly_upswing,2026-07-27,REDINGTON,Largecap,Services,backtest,1236,ok,2026-07-31,338.5000,260.2000,321.6500,3.4411,24.1652,16.9636,44.0891,15.3457,23.0032,25.3266,76.1319,4.0161,4.6991,-4.9778,9.2668,5.0000,24.3432,0.7848,5.2386,23.1315,0.4645,2.0069,0.0000,1.0000
63_30_daily,2026-07-28,MASTEK,Smallcap,I.T,backtest,1237,ok,2026-07-28,1881.0000,1732.0000,1873.4000,8.1890,7.2598,17.3662,10.5773,10.7944,13.4900,1.1139,68.4089,3.8806,6.7876,-33.5202,8.2926,6.0000,7.9535,0.9490,0.4057,7.9213,0.5011,0.5110,0.0000,0.0000
63_30_daily,2026-07-29,FSL,Midcap,I.T,backtest,1238,ok,2026-07-29,298.5000,266.0000,293.5800,11.6019,11.1793,27.8157,36.2131,13.7905,15.3102,4.2904,72.5171,3.8481,31.9214,-23.0257,9.0429,6.0000,11.0702,0.8486,1.6759,10.8878,1.0179,1.5698,0.0000,0.0000
63_30_daily,2026-07-29,M&MFIN,Largecap,Financials,backtest,1239,ok,2026-07-29,396.0000,370.1500,393.7500,5.4217,4.1253,24.9405,29.6083,14.7666,24.3110,18.3521,72.7949,4.2830,1.1859,-4.4760,9.4307,6.0000,6.5651,0.9130,0.5714,6.5278,1.0179,1.5698,0.0000,0.0000
63_30_daily,2026-07-29,PARADEEP,Midcap,Chemicals,backtest,1240,ok,2026-07-29,159.5000,142.3100,156.5400,12.4488,12.3681,13.1969,23.9136,10.9288,16.7921,12.2538,72.2371,3.4282,43.1999,-33.2139,9.2792,3.0000,10.9812,0.8278,1.8909,10.7774,1.0179,1.5698,1.0000,0.0000
Bullish_Scanner,2026-07-29,PCBL,Midcap,Chemicals,backtest,1241,ok,2026-07-29,374.0000,320.8000,365.7000,14.8555,13.5362,14.6395,18.1583,13.9119,19.1279,19.9599,70.4035,4.1154,25.2445,-14.1449,8.9153,5.0000,14.5474,0.8440,2.2696,14.2246,1.0179,1.5698,0.0000,0.0000
63_30_daily,2026-07-30,PUNJABCHEM,Smallcap,Chemicals,backtest,1242,ok,2026-07-30,1244.7000,1132.7000,1205.6000,4.7619,6.1081,7.4031,8.8971,6.5630,13.6327,5.5014,67.8694,4.4862,1.2019,-27.6351,7.3576,5.0000,9.2900,0.6509,3.2432,8.9982,0.5851,1.7906,0.0000,0.0000
Bullish_Scanner,2026-07-30,ATALREAL,Smallcap,Realty,backtest,1243,ok,2026-07-30,33.2500,31.6800,33.0000,1.6636,6.4860,17.3959,17.0628,9.6400,11.1186,25.9792,71.0178,3.8074,2.0911,-0.7519,8.3935,7.0000,4.7576,0.8408,0.7576,4.7218,0.5851,1.7906,0.0000,0.0000
Bullish_Scanner,2026-07-30,REDINGTON,Largecap,Services,backtest,1244,ok,2026-07-30,338.5000,307.9500,310.9500,8.1753,18.6606,11.3718,42.2201,12.4492,19.8045,21.2697,73.0363,3.9522,23.3130,-8.1388,9.1733,4.0000,9.8247,0.0982,8.8599,9.0251,0.5851,1.7906,0.0000,0.0000
63_30_daily,2026-07-31,BAJFINANCE,Largecap,Financials,backtest,1245,ok,2026-07-31,1151.5000,1083.6000,1141.2000,8.3246,12.6777,10.6457,16.3599,9.5065,16.5549,17.3190,73.8824,2.6232,4.8770,-0.8945,10.0216,6.0000,5.9499,0.8483,0.9026,5.8967,0.4645,2.0069,1.0000,0.0000
63_30_daily,2026-07-31,RADHIKAJWE,Smallcap,Consumer Discretionary,backtest,1246,ok,2026-07-31,73.9000,70.5000,71.7500,4.7292,12.7613,27.0586,8.4001,11.4096,20.1734,4.4478,70.8215,5.6436,1.2658,-35.6502,8.2189,6.0000,4.7387,0.3676,2.9965,4.6008,0.4645,2.0069,0.0000,0.0000
Bullish_Scanner,2026-07-31,GAIL,Largecap,Energy,backtest,1247,ok,2026-07-31,182.2100,173.5000,181.4400,4.4921,6.7169,4.1861,9.5123,4.7424,5.9373,8.3643,65.9029,2.1400,5.4632,-3.9441,9.1882,5.0000,4.8005,0.9116,0.4244,4.7802,0.4645,2.0069,0.0000,0.0000
63_30_daily,2026-08-03,BPCL,Largecap,Energy,backtest,1248,ok,2026-08-03,329.9500,322.0000,329.9500,3.1900,4.3320,7.0745,7.2659,5.1525,7.4388,-1.1194,65.7664,2.3359,0.7984,-15.7539,9.3686,6.0000,2.4095,1.0000,0.0000,2.4095,1.4079,3.5444,0.0000,0.0000
63_30_daily,2026-08-03,DALMIASUG,Smallcap,FMCG,backtest,1249,ok,2026-08-03,421.0500,351.0000,411.8500,17.3696,14.8815,9.8560,6.0376,13.4550,18.6214,24.8746,72.4385,3.8199,21.2660,-2.1850,8.4138,3.0000,17.0086,0.8687,2.2338,16.6370,1.4079,3.5444,0.0000,0.0000
63_30_daily,2026-08-03,SHALPAINTS,Smallcap,Building Materials,backtest,1250,ok,2026-08-03,80.0100,67.6800,80.0100,19.9910,15.0065,51.9658,42.3919,32.5141,45.3105,34.8592,73.9371,8.0642,10.8046,-13.6707,7.6590,5.0000,15.4106,1.0000,0.0000,15.4106,1.4079,3.5444,0.0000,0.0000
Bullish_Scanner,2026-08-03,ALIVUS,Midcap,Healthcare,backtest,1251,ok,2026-08-03,1225.0000,1172.9000,1214.4000,4.6897,7.2318,5.5541,8.3222,6.4712,10.3364,23.3766,65.3175,3.3944,2.1252,-0.8653,8.0703,5.0000,4.2902,0.7965,0.8729,4.2531,1.4079,3.5444,2.0000,0.0000
Bullish_Scanner,2026-08-03,ANTHEM,Largecap,Healthcare,backtest,1252,ok,2026-08-03,832.9500,802.2000,829.8500,2.5519,4.9712,7.2088,6.4661,7.0512,7.5288,17.3413,68.5955,3.0152,1.1223,-4.9971,8.8420,4.0000,3.7055,0.8992,0.3736,3.6917,1.4079,3.5444,0.0000,0.0000
Wkly_upswing,2026-08-03,ABCAPITAL,Largecap,Financials,backtest,1253,ok,2026-08-07,430.7000,404.7000,408.0500,-3.1910,0.9275,-0.0612,18.5158,0.8091,5.4573,15.9446,53.4080,2.8804,1.2320,-5.2589,9.2141,5.0000,6.3718,0.1288,5.5508,6.0367,1.5027,2.4470,1.0000,0.0000
Wkly_upswing,2026-08-03,ANTHEM,Largecap,Healthcare,backtest,1254,ok,2026-08-07,847.0000,802.2000,841.0000,1.8591,3.9298,11.4350,3.8464,6.4992,8.3009,18.7695,69.1318,3.1493,0.5293,-3.7207,8.8503,6.0000,5.3270,0.8661,0.7134,5.2893,1.5027,2.4470,0.0000,1.0000
Wkly_upswing,2026-08-03,ARROWGREEN,Smallcap,Plastic products,backtest,1255,ok,2026-08-07,783.4000,715.0000,781.4000,4.7313,8.1672,12.4721,52.9009,9.6940,21.6015,46.3417,77.2776,4.0216,3.2995,-4.4685,7.1235,7.0000,8.7535,0.9708,0.2560,8.7312,1.5027,2.4470,0.0000,0.0000
Wkly_upswing,2026-08-03,ATALREAL,Smallcap,Realty,backtest,1256,ok,2026-08-07,35.5000,33.2500,35.3000,1.9053,6.4215,20.4367,22.7826,10.9749,16.5617,33.0053,80.0280,2.8470,1.0677,-0.5634,8.4662,9.0000,6.3739,0.9111,0.5666,6.3380,1.5027,2.4470,0.0000,1.0000
Wkly_upswing,2026-08-03,DCI,Smallcap,I.T,backtest,1257,ok,2026-08-07,367.0000,315.0000,354.0500,0.8977,7.3855,21.9810,34.4919,19.4541,24.9621,31.7490,76.5895,6.3187,0.9008,-25.4632,7.1411,8.0000,14.6872,0.7510,3.6577,14.1689,1.5027,2.4470,0.0000,0.0000
Wkly_upswing,2026-08-03,EXIDEIND,Largecap,Auto,backtest,1258,ok,2026-08-07,493.0000,440.0000,490.0000,3.3210,8.9373,15.4571,40.2806,10.7082,17.9555,34.1601,75.6824,3.8163,1.1747,-0.6085,9.4891,6.0000,10.8163,0.9434,0.6122,10.7505,1.5027,2.4470,0.0000,0.0000
Wkly_upswing,2026-08-03,HMVL,Smallcap,Media,backtest,1259,ok,2026-08-07,108.1600,92.7000,98.6700,-4.9514,4.2693,8.9073,53.5720,4.6908,12.1003,34.1984,60.3329,5.4576,0.1104,-8.7740,7.1023,5.0000,15.6684,0.3862,9.6179,14.2936,1.5027,2.4470,0.0000,0.0000
Wkly_upswing,2026-08-03,MANAKSTEEL,Smallcap,Metals & Mining,backtest,1260,ok,2026-08-07,89.9000,68.5000,84.4300,-4.1983,23.4718,9.9779,31.8189,12.6251,15.8531,31.0163,64.1621,6.2055,2.6805,-6.0845,6.7700,6.0000,25.3464,0.7444,6.4787,23.8042,1.5027,2.4470,0.0000,0.0000
Wkly_upswing,2026-08-03,MMP,Smallcap,Metals & Mining,backtest,1261,ok,2026-08-07,339.9500,290.2000,326.2500,-1.2112,11.5385,13.3994,14.7152,11.8827,16.7482,25.5789,73.9474,3.9146,0.9100,-4.0300,7.3419,7.0000,15.2490,0.7246,4.1992,14.6345,1.5027,2.4470,0.0000,0.0000
Bullish_Scanner,2026-08-04,MOREPENLAB,Midcap,Healthcare,backtest,1262,ok,2026-08-04,69.1800,55.9100,69.1800,20.0000,25.0995,13.0577,51.5776,18.0989,28.5372,54.8548,71.2711,4.5957,8.6974,0.0000,8.8147,6.0000,19.1818,1.0000,0.0000,19.1818,0.8861,2.8012,0.0000,0.0000
Bullish_Scanner,2026-08-04,RBA,Midcap,Consumer Discretionary,backtest,1263,ok,2026-08-04,84.9100,76.7300,84.9100,19.9972,27.3586,16.6987,24.7026,22.3346,19.5357,28.2100,76.7482,3.8781,35.6449,-3.1261,8.8468,6.0000,9.6337,1.0000,0.0000,9.6337,0.8861,2.8012,0.0000,0.0000
Bullish_Scanner,2026-08-04,TI,Midcap,FMCG,backtest,1264,ok,2026-08-04,493.9000,465.8000,491.1500,5.4423,10.5945,8.8783,6.8530,8.9779,10.7166,8.9042,74.7034,2.8665,4.2986,-10.6513,8.4845,6.0000,5.7213,0.9021,0.5599,5.6894,0.8861,2.8012,0.0000,0.0000
63_30_daily,2026-08-05,LAOPALA,Smallcap,Building Materials,backtest,1265,ok,2026-08-05,210.0000,191.0100,196.1000,3.0424,5.1249,11.0356,8.8658,5.2697,7.9767,0.6832,67.7160,3.1409,54.2945,-30.2135,8.0528,5.0000,9.6838,0.2680,7.0882,9.0429,3.1094,2.7910,0.0000,0.0000
Bullish_Scanner,2026-08-05,360ONE,Largecap,Financials,backtest,1266,ok,2026-08-05,1194.7000,1163.3000,1192.0000,3.2035,2.6436,9.1875,6.8771,6.1433,7.4937,7.7438,64.4936,2.8476,1.2877,-3.5755,9.1958,6.0000,2.6342,0.9140,0.2265,2.6283,3.1094,2.7910,0.0000,0.0000
Bullish_Scanner,2026-08-05,BOSCH-HCIL,Midcap,Consumer Discretionary,backtest,1267,ok,2026-08-05,1543.0000,1439.4000,1523.8000,5.8636,15.6497,13.7674,3.9356,12.7909,12.1556,6.5758,76.6809,2.5767,4.8424,-14.6617,7.7313,6.0000,6.7988,0.8147,1.2600,6.7142,3.1094,2.7910,0.0000,0.0000
Bullish_Scanner,2026-08-05,CASTROLIND,Midcap,Chemicals,backtest,1268,ok,2026-08-05,194.9800,190.0000,191.5400,2.3950,3.5631,4.4897,4.8098,3.5326,3.7649,2.7217,78.9857,1.1762,11.5908,-14.7954,8.5567,5.0000,2.6000,0.3092,1.7960,2.5541,3.1094,2.7910,0.0000,0.0000
Bullish_Scanner,2026-08-05,JSWSTEEL,Largecap,Metals & Mining,backtest,1269,ok,2026-08-05,1331.0000,1284.7000,1330.0000,2.3077,4.1830,9.0611,5.3382,5.7587,5.2593,9.9141,70.2765,2.0301,1.2832,-0.0751,9.3466,6.0000,3.4812,0.9784,0.0752,3.4786,3.1094,2.7910,0.0000,0.0000
63_30_daily,2026-08-06,TTKHLTCARE,Smallcap,Miscellaneous,backtest,1270,ok,2026-08-06,1210.0000,1038.2000,1094.1000,4.6085,9.3062,19.0468,20.5819,7.2040,14.6911,12.4093,66.4901,6.3252,6.6514,-14.8229,7.6436,6.0000,15.7024,0.3254,10.5932,14.1984,2.8094,2.7764,0.0000,0.0000
Bullish_Scanner,2026-08-06,CHOLAFIN,Largecap,Financials,backtest,1271,ok,2026-08-06,1952.5000,1871.3000,1940.0000,3.1915,9.3697,8.2650,24.2793,7.6361,13.1991,16.7615,68.0701,3.2209,1.7477,-0.6402,9.4561,7.0000,4.1856,0.8461,0.6443,4.1588,2.8094,2.7764,0.0000,0.0000
Bullish_Scanner,2026-08-06,DDEVPLSTIK,Smallcap,Chemicals,backtest,1272,ok,2026-08-06,313.0000,287.6500,310.6000,7.6976,16.4604,12.0895,32.7918,9.6268,14.7859,14.6071,69.9282,3.2828,6.5324,-13.7222,7.6359,6.0000,8.1616,0.9053,0.7727,8.0990,2.8094,2.7764,0.0000,0.0000
Bullish_Scanner,2026-08-06,TATACAP,Largecap,Financials,backtest,1273,ok,2026-08-06,390.2000,371.0500,382.7000,2.9040,6.0405,7.5453,23.6710,7.1029,10.8257,14.5595,69.6955,2.7418,4.0007,-1.9221,8.8778,7.0000,5.0039,0.6084,1.9598,4.9077,2.8094,2.7764,0.0000,0.0000
Bullish_Scanner,2026-08-06,TATATECH,Largecap,I.T,backtest,1274,ok,2026-08-06,805.7500,756.0000,801.5500,6.3064,6.6813,12.6405,30.1429,7.6553,8.4228,22.1197,66.3579,3.2611,9.0747,-0.5213,9.0122,7.0000,6.2067,0.9156,0.5240,6.1744,2.8094,2.7764,0.0000,0.0000
63_30_daily,2026-08-07,PGEL,Midcap,Consumer Discretionary,backtest,1275,ok,2026-08-07,643.9500,602.4500,630.6500,3.4276,2.8206,8.1454,27.2755,4.5143,13.2116,13.5134,65.7829,3.6170,5.2443,-23.4183,9.2007,8.0000,6.5805,0.6795,2.1089,6.4446,1.5027,2.4470,0.0000,0.0000
Bullish_Scanner,2026-08-07,TRAVELFOOD,Midcap,Consumer Discretionary,backtest,1276,ok,2026-08-07,1470.9000,1354.1000,1428.6000,6.8352,9.6477,9.0201,25.2389,8.8009,9.7582,14.9904,69.9921,3.2964,55.6412,-2.8758,8.0784,5.0000,8.1758,0.6378,2.9609,7.9407,1.5027,2.4470,0.0000,0.0000
63_30_daily,2026-08-10,AARTIPHARM,Midcap,Healthcare,backtest,1277,ok,2026-08-10,823.0000,763.0000,823.0000,19.9971,21.7816,14.6559,14.4247,18.4667,21.2693,14.8057,75.5125,3.6673,22.1506,-13.0113,8.3448,5.0000,7.2904,1.0000,0.0000,7.2904,1.5398,2.4134,0.0000,1.0000
63_30_daily,2026-08-10,BECTORFOOD,Midcap,FMCG,backtest,1278,ok,2026-08-10,237.6900,225.6200,233.2800,3.9572,10.4179,36.9416,29.0622,13.4528,23.4236,9.1587,71.2594,4.1027,0.7128,-24.7484,9.4876,5.0000,5.1740,0.6346,1.8904,5.0780,1.5398,2.4134,0.0000,0.0000
63_30_daily,2026-08-10,BRIGADE,Midcap,Realty,backtest,1279,ok,2026-08-10,613.7500,580.8000,607.7000,4.4248,4.1206,6.6702,15.6367,7.7774,13.4657,3.5563,66.8970,2.8521,4.8256,-24.2281,8.3697,8.0000,5.4221,0.8164,0.9956,5.3686,1.5398,2.4134,0.0000,0.0000
Bullish_Scanner,2026-08-10,AARTIPHARM,Midcap,Healthcare,backtest,1280,ok,2026-08-10,823.0000,763.0000,823.0000,19.9971,21.7816,14.6559,14.4247,18.4667,21.2693,14.8057,75.5125,3.6673,22.1506,-13.0113,8.3448,5.0000,7.2904,1.0000,0.0000,7.2904,1.5398,2.4134,0.0000,1.0000
Bullish_Scanner,2026-08-10,ANTHEM,Largecap,Healthcare,backtest,1281,ok,2026-08-10,865.9000,843.0500,853.0000,1.4269,2.7897,14.0908,4.0117,7.3030,9.5836,20.3954,71.8018,3.1398,1.3903,-2.3469,8.8754,6.0000,2.6788,0.4354,1.5123,2.6389,1.5398,2.4134,1.0000,1.0000
Bullish_Scanner,2026-08-10,INDGN,Midcap,Healthcare,backtest,1282,ok,2026-08-10,574.9500,556.2000,568.7500,2.5791,4.3099,11.1817,10.2656,9.2306,9.9533,12.4247,69.9899,3.9560,2.4362,-4.7001,8.5258,8.0000,3.2967,0.6693,1.0901,3.2612,1.5398,2.4134,0.0000,0.0000
Bullish_Scanner,2026-08-10,PIXTRANS,Smallcap,FMCG,backtest,1283,ok,2026-08-10,2060.6001,1836.0000,1986.5000,15.6825,16.7774,7.1814,30.2623,11.5663,15.1435,30.8103,68.7995,3.7129,74.5199,-3.5960,8.2006,4.0000,11.3063,0.6701,3.7302,10.8997,1.5398,2.4134,0.0000,0.0000
Bullish_Scanner,2026-08-10,YATHARTH,Midcap,Healthcare,backtest,1284,ok,2026-08-10,918.0000,872.0500,898.7500,3.2453,7.7702,6.3043,8.1593,6.0763,7.1068,20.2085,68.0325,2.5150,4.9346,-2.0969,8.3385,5.0000,5.1127,0.5811,2.1419,5.0054,1.5398,2.4134,0.0000,0.0000
Wkly_upswing,2026-08-10,AARTIIND,Midcap,Chemicals,backtest,1285,ok,2026-08-14,541.7000,496.0500,534.1000,-0.7618,6.3732,8.1283,15.2692,7.5584,10.7818,23.6532,68.7315,3.0820,1.5885,-1.4030,8.9345,6.0000,8.5471,0.8335,1.4230,8.4272,0.1303,1.1705,0.0000,1.0000
Wkly_upswing,2026-08-10,ANDHRSUGAR,Smallcap,Chemicals,backtest,1286,ok,2026-08-14,105.5700,95.6100,101.8800,1.4438,15.7990,23.1029,12.2892,14.7691,19.2123,26.7431,74.3352,4.1765,0.4832,-4.9893,8.0908,7.0000,9.7762,0.6295,3.6219,9.4345,0.1303,1.1705,0.0000,0.0000
Wkly_upswing,2026-08-10,BHARATSE,Smallcap,Auto,backtest,1287,ok,2026-08-14,254.2000,228.4500,248.0500,1.1417,2.9723,10.2004,34.8904,10.2322,15.5324,32.8839,64.2289,5.2046,0.8827,-5.7489,8.0427,6.0000,10.3810,0.7612,2.4793,10.1298,0.1303,1.1705,1.0000,0.0000
Wkly_upswing,2026-08-10,DOLPHIN,Smallcap,Energy,backtest,1288,ok,2026-08-14,538.8000,410.0000,508.1000,4.7845,23.6103,34.7745,23.2206,24.2807,29.1036,25.6254,81.3958,4.7945,0.7005,-5.6978,7.5904,7.0000,25.3493,0.7616,6.0421,23.9050,0.1303,1.1705,0.0000,0.0000
Wkly_upswing,2026-08-10,FINCABLES,Largecap,Industrials,backtest,1289,ok,2026-08-14,1374.0000,1010.4500,1246.8500,-0.1961,21.6854,22.5646,19.9240,18.5977,16.5183,38.0794,72.1365,4.0711,0.7301,-9.2540,9.3441,6.0000,29.1575,0.6503,10.1977,26.4592,0.1303,1.1705,0.0000,0.0000
Wkly_upswing,2026-08-10,HCG,Midcap,Healthcare,backtest,1290,ok,2026-08-14,755.0000,672.3500,714.3000,-0.9842,5.6891,8.9121,9.5468,4.3619,9.0010,11.5885,63.1011,3.1559,0.4712,-11.2285,8.1074,5.0000,11.5708,0.5076,5.6979,10.9470,0.1303,1.1705,0.0000,0.0000
Wkly_upswing,2026-08-10,SUMICHEM,Largecap,Chemicals,backtest,1291,ok,2026-08-14,569.0000,530.0000,564.9500,4.0424,6.0043,4.9021,22.6153,6.3986,14.0102,24.2861,64.6952,3.6375,0.7138,-8.5027,8.5535,5.0000,6.9033,0.8962,0.7169,6.8541,0.1303,1.1705,0.0000,0.0000
Wkly_upswing,2026-08-10,TDPOWERSYS,Midcap,Industrials,backtest,1292,ok,2026-08-14,765.0000,610.5000,742.3000,0.2025,17.7413,31.6485,20.5815,23.4430,23.9222,56.1143,73.5826,5.5691,0.4390,-2.9673,9.3463,8.0000,20.8137,0.8531,3.0581,20.1961,0.1303,1.1705,0.0000,0.0000
63_30_daily,2026-08-12,PNB,Largecap,Bank,backtest,1293,ok,2026-08-12,119.5000,113.7200,118.9800,4.3410,4.7820,12.5532,19.5899,6.1871,9.3729,3.1013,73.7554,1.6533,2.8000,-11.9645,9.3582,8.0000,4.8580,0.9100,0.4370,4.8368,1.4845,1.6246,0.0000,0.0000
Bullish_Scanner,2026-08-12,AARTIIND,Midcap,Chemicals,backtest,1294,ok,2026-08-12,534.0000,503.2500,530.9000,5.0663,9.2499,6.0316,15.1128,7.7122,10.8001,23.3664,69.4651,2.8967,3.6419,-0.5805,8.8850,6.0000,5.7921,0.8992,0.5839,5.7584,1.4845,1.6246,0.0000,0.0000
Bullish_Scanner,2026-08-12,BERGEPAINT,Largecap,Building Materials,backtest,1295,ok,2026-08-12,564.9000,535.9000,559.8000,4.6453,2.6779,13.8499,6.7099,8.1441,8.8408,11.3630,67.0796,3.0400,4.8956,-5.8448,8.3921,6.0000,5.1804,0.8241,0.9110,5.1337,1.4845,1.6246,0.0000,0.0000
Bullish_Scanner,2026-08-12,HNDFDS,Midcap,FMCG,backtest,1296,ok,2026-08-12,599.0000,575.7000,595.2500,2.9488,3.1718,6.1714,15.6162,3.4606,6.5567,14.2157,62.9031,3.0497,1.5491,-0.6260,7.6805,6.0000,3.9143,0.8391,0.6300,3.8898,1.4845,1.6246,0.0000,0.0000
Bullish_Scanner,2026-08-12,MARKSANS,Midcap,Healthcare,backtest,1297,ok,2026-08-12,320.0000,277.4500,312.6000,12.0631,15.4997,13.3636,43.6449,17.7978,19.6721,53.6454,75.6518,3.6103,35.8309,-2.3125,9.0303,6.0000,13.6116,0.8261,2.3672,13.2969,1.4845,1.6246,0.0000,0.0000
63_30_daily,2026-08-13,TMCV,Largecap,Auto,backtest,1298,ok,2026-08-13,485.0000,469.1500,474.8000,3.8836,3.2960,15.0891,25.3928,9.9010,13.9248,14.1468,72.1401,3.0110,3.0575,-6.7191,9.5662,6.0000,3.3382,0.3565,2.1483,3.2680,1.3422,1.3743,0.0000,0.0000
63_30_daily,2026-08-14,HAPPSTMNDS,Smallcap,I.T,backtest,1299,ok,2026-08-14,426.4500,390.1500,420.2000,6.4336,3.0660,10.6809,12.3079,8.2076,13.7197,2.6522,67.2537,3.7457,5.4726,-33.8268,8.7786,7.0000,8.6387,0.8278,1.4874,8.5121,0.1303,1.1705,0.0000,0.0000
63_30_daily,2026-08-14,JUBLFOOD,Largecap,Consumer Discretionary,backtest,1300,ok,2026-08-14,521.0000,495.0000,504.1000,2.5532,3.6177,20.8438,6.6765,10.5610,15.1586,1.4047,69.9291,3.4418,3.9929,-24.8117,9.2520,6.0000,5.1577,0.3500,3.3525,4.9904,0.1303,1.1705,0.0000,0.0000
63_30_daily,2026-08-14,LGEINDIA,Largecap,Consumer Discretionary,backtest,1301,ok,2026-08-14,1736.1000,1611.0000,1729.7000,9.5926,9.0262,9.3501,13.5048,11.1018,10.9829,12.0211,73.8610,2.4624,37.3081,-1.1035,9.0948,6.0000,7.2325,0.9488,0.3700,7.2058,0.1303,1.1705,0.0000,1.0000
Bullish_Scanner,2026-08-14,LGEINDIA,Largecap,Consumer Discretionary,backtest,1302,ok,2026-08-14,1736.1000,1611.0000,1729.7000,9.5926,9.0262,9.3501,13.5048,11.1018,10.9829,12.0211,73.8610,2.4624,37.3081,-1.1035,9.0948,6.0000,7.2325,0.9488,0.3700,7.2058,0.1303,1.1705,0.0000,1.0000
Bullish_Scanner,2026-08-14,SHANTIGOLD,Smallcap,Consumer Discretionary,backtest,1303,ok,2026-08-14,251.9900,227.1000,247.6600,6.7960,10.5576,16.4801,11.9418,12.5129,12.5752,18.4306,77.7110,3.8594,7.5402,-9.6461,8.5570,7.0000,10.0501,0.8260,1.7484,9.8774,0.1303,1.1705,0.0000,0.0000
63_30_daily,2026-08-17,UFLEX,Smallcap,Industrials,backtest,1304,ok,2026-08-17,586.0500,545.0000,586.0500,19.9939,19.0070,33.9696,42.3488,20.4848,29.6671,28.2309,83.3435,3.3304,4.6350,-2.7787,8.7014,7.0000,7.0045,1.0000,0.0000,7.0045,0.2028,0.7681,1.0000,0.0000
Bullish_Scanner,2026-08-17,HNDFDS,Midcap,FMCG,backtest,1305,ok,2026-08-17,613.8000,588.5000,608.4500,2.8830,3.9020,6.1960,15.3569,4.8338,8.1727,16.4949,66.5056,2.9507,1.4217,-0.8716,7.6947,5.0000,4.1581,0.7885,0.8793,4.1219,0.2028,0.7681,1.0000,0.0000
Bullish_Scanner,2026-08-17,MAWANASUG,Smallcap,FMCG,backtest,1306,ok,2026-08-17,125.8800,116.4900,124.0600,6.9114,8.4820,10.7184,22.2266,9.8362,12.5745,31.9832,65.6127,5.1899,5.3202,-1.4458,7.3667,6.0000,7.5689,0.8062,1.4670,7.4595,0.2028,0.7681,0.0000,0.0000
Wkly_upswing,2026-08-17,ASIANENE,Smallcap,Energy,backtest,1307,ok,2026-08-21,491.0000,372.0000,470.3000,-3.0109,25.6143,32.2182,31.7921,13.3697,24.5679,48.3803,67.3771,5.5102,0.5623,-4.2159,8.5480,6.0000,25.3030,0.8261,4.4014,24.2363,2.0387,0.2894,0.0000,0.0000
Wkly_upswing,2026-08-17,DBOL,Smallcap,FMCG,backtest,1308,ok,2026-08-21,139.0000,118.8000,131.1500,-3.2888,9.4741,28.4651,24.6910,15.6628,16.7318,31.5142,69.4976,5.6184,1.3943,-5.6475,7.6242,7.0000,15.4022,0.6114,5.9855,14.5324,2.0387,0.2894,0.0000,0.0000
Wkly_upswing,2026-08-17,MANGLMCEM,Smallcap,Building Materials,backtest,1309,ok,2026-08-21,1036.6500,861.3000,1027.9500,4.6952,14.6818,4.4612,21.0635,10.1293,10.6842,22.3815,70.9118,3.0115,3.8226,-0.8392,8.2730,4.0000,17.0582,0.9504,0.8464,16.9151,2.0387,0.2894,0.0000,0.0000
Wkly_upswing,2026-08-17,ROLLT,Smallcap,Industrials,backtest,1310,ok,2026-08-21,3.6400,3.0200,3.6400,4.8991,20.5298,67.7419,94.6524,25.6472,32.4311,103.8531,75.8002,5.1805,2.2441,-2.6738,6.2064,6.0000,17.0330,1.0000,0.0000,17.0330,2.0387,0.2894,0.0000,0.0000
63_30_daily,2026-08-18,HEG,Midcap,Industrials,backtest,1311,ok,2026-08-18,749.0000,696.0000,739.2500,5.8642,8.9937,22.2002,,10.2552,,,84.1521,3.0523,1.9625,,9.2936,5.0000,7.1694,0.8160,1.3189,7.0761,-0.1356,0.1316,1.0000,0.0000
63_30_daily,2026-08-18,JYOTICNC,Largecap,Industrials,backtest,1312,ok,2026-08-18,947.9000,860.0500,929.2000,8.3047,15.4286,15.7305,39.1018,12.5239,19.2201,13.1928,70.8839,4.4412,5.2130,-11.9992,9.0316,8.0000,9.4544,0.7871,2.0125,9.2679,-0.1356,0.1316,0.0000,0.0000
63_30_daily,2026-08-18,PRABHA,Smallcap,Energy,backtest,1313,ok,2026-08-18,196.0500,163.0000,192.2000,17.6399,20.1550,31.7973,17.8346,25.5134,25.6275,14.3808,84.0298,4.7871,122.2011,-30.8633,7.7644,5.0000,17.1956,0.8835,2.0031,16.8579,-0.1356,0.1316,0.0000,0.0000
Bullish_Scanner,2026-08-18,NITINSPIN,Smallcap,Textiles,backtest,1314,ok,2026-08-18,610.0000,554.5000,606.9000,9.5982,7.5778,10.5968,21.5015,9.7880,9.8543,44.9397,65.3262,4.2170,31.4177,-0.5082,8.2475,6.0000,9.1448,0.9441,0.5108,9.0984,-0.1356,0.1316,0.0000,0.0000
Bullish_Scanner,2026-08-18,REGAAL,Smallcap,Miscellaneous,backtest,1315,ok,2026-08-18,101.5000,88.6500,99.5300,10.0265,15.0104,25.8440,13.8527,17.7988,21.4951,29.0928,73.1658,5.1693,21.8750,-31.6884,7.4214,5.0000,12.9107,0.8467,1.9793,12.6601,-0.1356,0.1316,0.0000,0.0000
Bullish_Scanner,2026-08-18,SUBEXLTD,Smallcap,I.T,backtest,1316,ok,2026-08-18,16.9300,14.0800,16.4900,16.8675,18.0387,28.4268,49.2308,24.1250,32.3499,50.5366,78.1279,4.9381,36.7631,-2.5989,7.7212,8.0000,17.2832,0.8456,2.6683,16.8340,-0.1356,0.1316,0.0000,0.0000
63_30_daily,2026-08-19,EXCELINDUS,Smallcap,Chemicals,backtest,1317,ok,2026-08-19,1148.5500,990.9000,1133.2500,15.0274,7.8259,19.5159,15.3670,12.1022,19.0559,19.5845,71.2838,3.9390,96.9057,-15.9809,7.8449,3.0000,13.9113,0.9029,1.3501,13.7260,0.3419,-0.2551,0.0000,0.0000
Bullish_Scanner,2026-08-19,ELGIEQUIP,Midcap,Industrials,backtest,1318,ok,2026-08-19,641.0000,608.1000,637.8000,3.8424,10.8157,9.3621,12.3085,8.4934,7.7629,21.3493,67.7336,2.8452,2.7757,-0.4992,8.6221,6.0000,5.1584,0.9027,0.5017,5.1326,0.3419,-0.2551,0.0000,0.0000
63_30_daily,2026-08-20,BRIGADE,Midcap,Realty,backtest,1319,ok,2026-08-20,629.4500,588.8500,625.7500,6.4744,6.1223,18.7832,24.0737,7.7978,13.1572,7.7707,68.5356,3.1785,3.5244,-21.9775,8.4607,5.0000,6.4882,0.9089,0.5913,6.4501,1.5176,0.2965,1.0000,0.0000
63_30_daily,2026-08-20,HERITGFOOD,Smallcap,FMCG,backtest,1320,ok,2026-08-20,381.4000,359.6000,378.7500,5.2083,5.0042,14.7553,12.9080,8.7425,12.2438,1.0092,74.5083,2.8430,1.8950,-29.8611,8.0747,7.0000,5.7558,0.8784,0.6997,5.7158,1.5176,0.2965,0.0000,0.0000
Bullish_Scanner,2026-08-20,EPL,Midcap,Industrials,backtest,1321,ok,2026-08-20,273.0000,251.0000,270.1000,7.6954,9.2461,15.9029,23.2770,13.9175,15.1341,24.7136,75.2768,3.4448,3.9601,-1.0623,8.6840,7.0000,8.1451,0.8682,1.0737,8.0586,1.5176,0.2965,0.0000,0.0000
Bullish_Scanner,2026-08-20,RITCO,Smallcap,Transportation,backtest,1322,ok,2026-08-20,327.5000,311.9500,322.7000,3.0990,6.9428,9.6500,22.5505,6.7942,15.3307,28.1709,68.1135,4.4734,0.9592,-1.4656,7.7764,3.0000,4.8187,0.6913,1.4874,4.7481,1.5176,0.2965,0.0000,0.0000
Bullish_Scanner,2026-08-20,WELSPUNLIV,Largecap,Textiles,backtest,1323,ok,2026-08-20,191.4700,179.6700,188.6900,4.1106,18.0567,14.3645,35.9340,14.6160,15.8658,35.9468,71.9325,4.5210,2.4865,-1.4519,9.2238,8.0000,6.2536,0.7644,1.4733,6.1628,1.5176,0.2965,1.0000,0.0000
63_30_daily,2026-08-21,ALLCARGO,Smallcap,Transportation,backtest,1324,ok,2026-08-21,12.5900,10.4700,12.1700,15.7945,21.7000,50.9925,33.1510,30.0631,39.6667,16.0462,79.9615,6.8318,3.6914,-66.7031,8.5557,7.0000,17.4199,0.8019,3.4511,16.8388,2.0387,0.2894,0.0000,0.0000
63_30_daily,2026-08-24,EIDPARRY,Midcap,FMCG,backtest,1325,ok,2026-08-24,865.4000,789.1000,823.9500,3.3425,4.0275,6.8469,9.0747,4.3592,8.1952,-4.7671,61.8524,3.5205,10.3446,-31.1309,8.8169,5.0000,9.2603,0.4567,5.0306,8.8167,0.9297,0.1037,0.0000,0.0000
63_30_daily,2026-08-24,LTFOODS,Midcap,FMCG,backtest,1326,ok,2026-08-24,490.7000,427.6000,459.0000,7.3433,10.0324,21.9447,17.0620,9.9263,15.9955,15.7164,76.2556,3.1785,47.9397,-6.4602,9.1178,6.0000,13.7473,0.4976,6.9063,12.8592,0.9297,0.1037,0.0000,0.0000
63_30_daily,2026-08-24,VIDHIING,Smallcap,Chemicals,backtest,1327,ok,2026-08-24,357.9000,328.5000,345.5000,5.1590,8.2393,9.6303,13.8198,7.9561,13.4885,10.0216,65.9895,3.9198,1.6577,-15.7317,7.4223,7.0000,8.5094,0.5782,3.5890,8.2146,0.9297,0.1037,0.0000,0.0000
Bullish_Scanner,2026-08-24,HATSUN,Largecap,FMCG,backtest,1328,ok,2026-08-24,1067.4000,980.0000,1044.5000,6.0729,7.8138,19.4192,16.1653,11.4639,13.3195,10.2185,70.0931,3.7971,5.6119,-11.4080,7.7546,7.0000,8.3676,0.7380,2.1924,8.1881,0.9297,0.1037,0.0000,0.0000
Bullish_Scanner,2026-08-24,KRBL,Midcap,FMCG,backtest,1329,ok,2026-08-24,444.0000,407.9000,437.8000,7.5808,10.6394,24.8895,25.0143,15.6159,17.3497,20.7123,80.0397,3.5592,8.5626,-11.5556,8.5453,6.0000,8.2458,0.8283,1.4162,8.1306,0.9297,0.1037,0.0000,0.0000
Bullish_Scanner,2026-08-24,PCJEWELLER,Midcap,Consumer Discretionary,backtest,1330,ok,2026-08-24,11.3500,10.1900,11.1200,8.8063,13.5853,18.9305,15.8333,14.4916,16.5570,14.6971,71.6564,3.6228,4.0270,-27.6983,9.2957,6.0000,10.4317,0.8017,2.0683,10.2203,0.9297,0.1037,0.0000,0.0000
Wkly_upswing,2026-08-24,OAL,Smallcap,Chemicals,backtest,1331,ok,2026-08-28,492.7000,335.0000,487.8000,13.7195,43.5339,33.8272,56.7733,31.2128,37.1118,57.8150,80.0887,4.6645,10.0217,-0.9945,7.6864,6.0000,32.3288,0.9689,1.0045,32.0073,-0.8528,-0.1344,0.0000,0.0000
Wkly_upswing,2026-08-24,VINCOFE,Smallcap,Consumer Discretionary,backtest,1332,ok,2026-08-28,181.6600,157.1100,177.9700,1.9009,10.1640,19.0594,18.3862,15.0212,13.9685,18.8357,73.5856,4.0793,1.5120,-2.0313,8.6456,7.0000,13.7945,0.8497,2.0734,13.5143,-0.8528,-0.1344,0.0000,0.0000
63_30_daily,2026-08-25,ALEMBICLTD,Smallcap,Realty,backtest,1333,ok,2026-08-25,97.0000,91.1600,94.6600,3.2955,5.3299,6.0854,9.2441,6.6279,5.5006,2.9050,62.6568,3.2953,5.7183,-13.8750,7.6004,5.0000,6.1694,0.5993,2.4720,6.0206,1.4559,0.5412,0.0000,0.0000
63_30_daily,2026-08-25,AWL,Largecap,FMCG,backtest,1334,ok,2026-08-25,204.8200,192.9800,200.6400,3.4867,5.5778,7.7725,5.2400,4.3066,5.8423,-3.2136,64.9501,2.5315,5.2558,-29.0774,8.8762,5.0000,5.9011,0.6470,2.0833,5.7807,1.4559,0.5412,0.0000,0.0000
63_30_daily,2026-08-25,GODREJAGRO,Midcap,FMCG,backtest,1335,ok,2026-08-25,625.0000,569.9500,610.1000,6.5212,3.6351,5.7182,5.6908,7.4574,7.5711,5.6744,64.1930,3.2676,16.6712,-20.7354,8.3440,6.0000,9.0231,0.7293,2.4422,8.8080,1.4559,0.5412,0.0000,0.0000
Bullish_Scanner,2026-08-25,DCBBANK,Midcap,Bank,backtest,1336,ok,2026-08-25,210.1000,200.1600,207.3700,3.8200,13.2674,6.2891,18.5988,9.0308,9.9405,13.6298,65.5250,3.4121,4.7574,-1.2994,8.5873,5.0000,4.7934,0.7254,1.3165,4.7311,1.4559,0.5412,0.0000,0.0000
Bullish_Scanner,2026-08-25,FMGOETZE,Smallcap,Auto,backtest,1337,ok,2026-08-25,560.0000,494.8000,534.1000,10.4996,15.4436,10.3969,25.2286,11.5119,13.5885,18.2656,73.6021,4.0475,431.4962,-7.4991,8.7611,5.0000,12.2075,0.6028,4.8493,11.6429,1.4559,0.5412,0.0000,0.0000
Bullish_Scanner,2026-08-25,GIPCL,Smallcap,Power & Utilities,backtest,1338,ok,2026-08-25,191.2500,177.4000,190.7200,6.9118,11.1228,17.9614,17.3950,13.1000,16.0291,24.0974,77.1209,3.4718,4.3283,-5.6075,8.2344,6.0000,7.2620,0.9617,0.2779,7.2418,1.4559,0.5412,0.0000,0.0000
Bullish_Scanner,2026-08-25,YATHARTH,Midcap,Healthcare,backtest,1339,ok,2026-08-25,938.8000,911.2500,923.0500,1.7079,8.0855,10.6841,16.4218,7.5625,8.7248,22.9205,68.9050,3.1681,2.5722,-1.6777,8.5326,5.0000,2.9847,0.4283,1.7063,2.9346,1.4559,0.5412,1.0000,0.0000
63_30_daily,2026-08-26,JSWSTEEL,Largecap,Metals & Mining,backtest,1340,ok,2026-08-26,1341.0000,1310.4000,1341.0000,1.5678,4.2930,5.0447,2.3039,3.6205,5.9826,9.9764,65.6643,1.7854,1.1425,0.0000,9.3385,6.0000,2.2819,1.0000,0.0000,2.2819,-0.1750,-0.0008,0.0000,1.0000
63_30_daily,2026-08-26,MAHASTEEL,Smallcap,Metals & Mining,backtest,1341,ok,2026-08-26,1239.0000,1200.0000,1235.5000,2.7785,8.3107,36.4214,29.5209,14.1719,34.0225,44.0199,77.9069,3.6099,1.0610,-0.2825,7.4367,10.0000,3.1566,0.9103,0.2833,3.1477,-0.1750,-0.0008,0.0000,0.0000
63_30_daily,2026-08-26,POLICYBZR,Largecap,I.T,backtest,1342,ok,2026-08-26,1875.0000,1806.3000,1840.0000,2.3189,3.2490,14.2006,11.9085,7.8932,12.1171,11.4111,73.6327,2.7046,1.8658,-6.7882,9.3385,6.0000,3.7337,0.4905,1.9022,3.6640,-0.1750,-0.0008,0.0000,0.0000
63_30_daily,2026-08-26,SBFC,Midcap,Financials,backtest,1343,ok,2026-08-26,102.2100,92.6000,101.1400,9.0223,9.0223,12.1410,9.6725,8.0065,9.2100,5.2966,72.7090,2.2239,12.9158,-17.7724,8.3177,4.0000,9.5017,0.8887,1.0579,9.4022,-0.1750,-0.0008,0.0000,0.0000
63_30_daily,2026-08-26,WEL,Smallcap,Consumer Discretionary,backtest,1344,ok,2026-08-26,160.0000,133.0000,155.9200,16.3408,6.6047,34.0786,66.3679,16.4551,36.1314,22.6362,73.0813,7.0210,9.4596,-15.0439,8.5712,7.0000,17.3166,0.8489,2.6167,16.8750,-0.1750,-0.0008,0.0000,0.0000
Bullish_Scanner,2026-08-26,HATSUN,Largecap,FMCG,backtest,1345,ok,2026-08-26,1106.6000,1017.8000,1086.5500,5.4391,16.7957,22.6908,17.7385,13.7469,17.1256,14.6533,72.6256,4.0206,2.4579,-7.8414,7.8100,7.0000,8.1727,0.7742,1.8453,8.0246,-0.1750,-0.0008,1.0000,0.0000
Bullish_Scanner,2026-08-26,JSWSTEEL,Largecap,Metals & Mining,backtest,1346,ok,2026-08-26,1341.0000,1310.4000,1341.0000,1.5678,4.2930,5.0447,2.3039,3.6205,5.9826,9.9764,65.6643,1.7854,1.1425,0.0000,9.3385,6.0000,2.2819,1.0000,0.0000,2.2819,-0.1750,-0.0008,1.0000,1.0000
Bullish_Scanner,2026-08-26,SOMANYCERA,Smallcap,Building Materials,backtest,1347,ok,2026-08-26,564.9500,541.0000,558.4500,3.5413,9.6613,14.9311,7.7985,8.6722,8.3353,24.1339,67.1507,4.1128,1.3151,-1.1505,8.2007,6.0000,4.2887,0.7286,1.1639,4.2393,-0.1750,-0.0008,0.0000,0.0000
Bullish_Scanner,2026-08-27,IMAGICAA,Smallcap,Media,backtest,1348,ok,2026-08-27,60.2100,50.0500,60.2100,19.9880,26.8915,32.3588,35.5165,22.3432,25.6506,28.6478,77.3939,4.6385,39.1874,-2.7302,8.1628,7.0000,16.8743,1.0000,0.0000,16.8743,-0.9306,-0.4841,0.0000,0.0000
63_30_daily,2026-08-28,MANINFRA,Midcap,Realty,backtest,1349,ok,2026-08-28,123.4500,116.0200,122.8100,6.3658,13.0119,25.2141,10.2820,10.9876,16.5751,9.2764,71.8126,3.7991,2.9981,-27.5884,8.4986,8.0000,6.0500,0.9139,0.5211,6.0186,-0.8528,-0.1344,0.0000,0.0000
63_30_daily,2026-08-28,PRECWIRE,Midcap,Metals & Mining,backtest,1350,ok,2026-08-28,507.3500,421.7000,507.3500,19.9976,15.7013,36.1648,17.6055,17.6819,25.5093,52.8230,68.7307,5.4168,9.5326,0.0000,8.7839,5.0000,16.8818,1.0000,0.0000,16.8818,-0.8528,-0.1344,0.0000,0.0000
Bullish_Scanner,2026-08-28,SHYAMMETL,Largecap,Metals & Mining,backtest,1351,ok,2026-08-28,1111.0000,1039.6000,1099.8000,5.5065,11.6662,6.6421,9.7605,8.9520,9.8638,23.6817,73.0578,2.4998,5.3346,-1.0081,8.8031,7.0000,6.4921,0.8431,1.0184,6.4266,-0.8528,-0.1344,2.0000,0.0000
Bullish_Scanner,2026-08-31,DIFFNKG,Smallcap,Industrials,backtest,1352,ok,2026-08-31,493.2000,415.1500,485.5000,18.1265,20.8764,19.5518,49.4076,19.2172,21.1548,49.7580,72.6461,4.3821,31.0110,-1.5612,8.4587,5.0000,16.0762,0.9013,1.5860,15.8252,-2.8009,-0.5334,0.0000,0.0000
Wkly_upswing,2026-08-31,AUSOMENT,Smallcap,Consumer Discretionary,backtest,1353,ok,2026-09-04,166.5900,146.0000,161.7900,1.1504,9.1406,14.8424,39.1862,9.2146,18.9902,33.2576,81.1211,4.3465,2.3872,-9.1067,6.1201,8.0000,12.7264,0.7669,2.9668,12.3597,-2.7388,-1.2666,1.0000,0.0000
Wkly_upswing,2026-08-31,GLOBAL,Smallcap,Services,backtest,1354,ok,2026-09-04,126.4500,104.4100,120.4500,3.5951,10.5147,18.2738,19.4111,11.1455,14.9999,23.2163,71.1003,4.6818,4.1480,-4.7450,7.2617,5.0000,18.2980,0.7278,4.9813,17.4298,-2.7388,-1.2666,0.0000,0.0000
Wkly_upswing,2026-08-31,NIACL,Largecap,Financials,backtest,1355,ok,2026-09-04,234.3900,182.4100,229.9100,17.7034,23.3820,29.8120,56.4759,22.5628,26.6935,42.1711,78.6523,4.1731,16.7575,-1.9113,9.1847,5.0000,22.6088,0.9138,1.9486,22.1767,-2.7388,-1.2666,0.0000,0.0000
Wkly_upswing,2026-08-31,RBZJEWEL,Smallcap,Consumer Discretionary,backtest,1356,ok,2026-09-04,204.7000,144.2100,200.6900,4.7005,37.2709,32.9865,55.6823,33.2245,35.6133,45.3966,77.6096,6.3727,4.5528,-1.9590,8.5215,6.0000,30.1410,0.9337,1.9981,29.5506,-2.7388,-1.2666,0.0000,0.0000
Wkly_upswing,2026-08-31,SBC,Smallcap,Textiles,backtest,1357,ok,2026-09-04,46.8900,41.5000,45.7600,5.8035,9.1343,11.1759,23.7760,12.2325,10.2783,33.9135,80.3828,2.5131,1.3913,-2.4099,8.6063,8.0000,11.7788,0.7904,2.4694,11.4950,-2.7388,-1.2666,0.0000,1.0000
Bullish_Scanner,2026-09-01,GODREJAGRO,Midcap,FMCG,backtest,1358,ok,2026-09-01,695.6000,633.7000,654.4000,6.3546,7.2611,16.1829,15.3534,12.1523,14.4058,13.2497,70.9532,3.7968,26.4416,-13.8947,8.7766,5.0000,9.4590,0.3344,6.2958,8.8988,-2.2714,-0.6312,0.0000,1.0000
Bullish_Scanner,2026-09-02,ANTELOPUS,Smallcap,Energy,backtest,1359,ok,2026-09-02,951.1500,807.1000,951.1500,19.9962,20.0871,8.8708,11.3955,17.5664,15.6665,49.3629,70.1698,4.3207,100.1781,0.0000,8.8358,5.0000,15.1448,1.0000,0.0000,15.1448,-2.8841,-1.2224,0.0000,0.0000
63_30_daily,2026-09-03,ALEMBICLTD,Smallcap,Realty,backtest,1360,ok,2026-09-03,117.7200,100.5200,109.5100,9.3569,6.5583,26.3674,27.1007,17.8027,20.1919,18.9987,75.1793,4.4699,49.6248,-6.9742,8.4120,7.0000,15.7063,0.5227,7.4970,14.6109,-3.0953,-1.3797,1.0000,0.0000
63_30_daily,2026-09-03,LGBBROSLTD,Midcap,Auto,backtest,1361,ok,2026-09-03,1750.0000,1698.0000,1716.2000,0.9589,1.8879,12.8782,17.7011,5.4559,7.9376,0.0507,71.4554,2.4706,1.0445,-16.2012,7.6595,6.0000,3.0299,0.3500,1.9695,2.9714,-3.0953,-1.3797,0.0000,0.0000
63_30_daily,2026-09-03,MOL,Smallcap,Chemicals,backtest,1362,ok,2026-09-03,68.8000,65.9700,67.5200,2.6920,11.9920,29.1507,44.7684,10.0391,22.8293,22.8547,70.2293,4.6960,1.2676,-23.0541,8.2550,6.0000,4.1914,0.5477,1.8957,4.1134,-3.0953,-1.3797,0.0000,0.0000
63_30_daily,2026-09-03,MUKKA,Smallcap,FMCG,backtest,1363,ok,2026-09-03,28.9200,26.9000,28.7200,6.9646,13.5627,24.3290,35.2166,11.1864,18.2156,21.7486,71.8852,4.6732,3.9666,-8.0371,7.4278,4.0000,7.0334,0.9010,0.6964,6.9848,-3.0953,-1.3797,0.0000,0.0000
63_30_daily,2026-09-03,SEAMECLTD,Smallcap,Miscellaneous,backtest,1364,ok,2026-09-03,1794.9000,1720.8000,1786.6000,2.9325,9.9852,19.4651,12.7335,9.9815,18.3547,32.0030,76.7512,3.4091,1.3079,-0.4624,8.3957,5.0000,4.1475,0.8880,0.4646,4.1284,-3.0953,-1.3797,0.0000,0.0000
Bullish_Scanner,2026-09-03,EDELWEISS,Midcap,Financials,backtest,1365,ok,2026-09-03,135.2400,126.6200,134.7600,6.7998,8.1454,11.2248,25.7324,8.1693,10.8829,17.6835,66.4356,3.9944,2.5797,-0.3549,8.8508,6.0000,6.3966,0.9443,0.3562,6.3739,-3.0953,-1.3797,0.0000,0.0000
Bullish_Scanner,2026-09-03,VISHNU,Smallcap,Chemicals,backtest,1366,ok,2026-09-03,697.2000,659.0500,688.4500,4.3818,6.2669,15.7448,18.6676,9.5342,11.1685,23.0970,75.2946,3.1354,2.5089,-1.2550,7.9119,7.0000,5.5414,0.7706,1.2710,5.4719,-3.0953,-1.3797,1.0000,0.0000
63_30_daily,2026-09-04,PRABHA,Smallcap,Energy,backtest,1367,ok,2026-09-04,258.4000,218.8100,230.6000,4.3581,10.9881,49.1495,48.3244,18.1322,37.7978,37.1154,80.8256,7.5043,16.0530,-10.7585,8.4548,6.0000,17.1683,0.2978,12.0555,15.3212,-2.7388,-1.2666,1.0000,0.0000
63_30_daily,2026-09-04,SHANTIGEAR,Smallcap,Industrials,backtest,1368,ok,2026-09-04,637.4500,586.8500,621.7500,6.6833,20.0869,54.6834,41.2266,30.4649,38.9351,37.3060,80.6188,6.0945,1.7522,-2.4629,8.7381,7.0000,8.1383,0.6897,2.5251,7.9379,-2.7388,-1.2666,0.0000,0.0000
Bullish_Scanner,2026-09-04,SBC,Smallcap,Textiles,backtest,1369,ok,2026-09-04,46.8900,43.4500,45.7600,5.8035,9.1343,11.1759,23.7760,12.2325,10.2783,33.9135,80.3828,2.5131,1.3913,-2.4099,8.6063,8.0000,7.5175,0.6715,2.4694,7.3363,-2.7388,-1.2666,1.0000,1.0000
63_30_daily,2026-09-07,DOLPHIN,Smallcap,Energy,backtest,1370,ok,2026-09-07,741.4000,660.0000,720.4000,6.8843,23.5148,72.5509,84.9076,21.3321,53.6683,70.3205,80.0995,5.9000,2.5857,-2.8325,8.0037,7.0000,11.2993,0.7420,2.9150,10.9792,-3.2731,-1.7428,0.0000,0.0000
63_30_daily,2026-09-07,SOLARA,Smallcap,Healthcare,backtest,1371,ok,2026-09-07,711.0000,639.1500,697.0500,9.0589,10.1794,35.5601,14.5428,17.1212,23.6088,30.9431,75.7069,5.1206,3.3439,-2.0997,8.6807,5.0000,10.3077,0.8058,2.0013,10.1055,-3.2731,-1.7428,0.0000,0.0000
Bullish_Scanner,2026-09-07,PAISALO,Midcap,Financials,backtest,1372,ok,2026-09-07,80.0000,74.2500,79.4100,7.1660,17.9765,13.5402,33.9123,14.4377,12.9151,64.9857,76.5353,3.1275,3.6755,-0.7375,8.8840,3.0000,7.2409,0.8974,0.7430,7.1875,-3.2731,-1.7428,0.0000,0.0000
Wkly_upswing,2026-09-07,GRAPHITE,Midcap,Industrials,backtest,1373,ok,2026-09-11,874.3500,713.0000,825.8000,0.1212,12.5682,14.4401,27.2321,12.6069,19.6302,25.4294,70.1952,4.5514,1.1811,-5.5527,9.4520,6.0000,19.5386,0.6991,5.8791,18.4537,-3.9723,-3.1272,0.0000,2.0000
Wkly_upswing,2026-09-07,PKTEA,Smallcap,FMCG,backtest,1374,ok,2026-09-11,1169.0000,808.0000,1121.7500,2.5178,39.7558,64.9754,46.7587,36.0332,48.1458,44.9033,80.7785,8.1432,2.8506,-4.0419,7.0070,7.0000,32.1819,0.8691,4.2122,30.8811,-3.9723,-3.1272,0.0000,0.0000
Wkly_upswing,2026-09-07,SMSPHARMA,Smallcap,Healthcare,backtest,1375,ok,2026-09-11,469.0000,387.4500,463.4500,11.0193,18.0764,28.2552,23.8674,22.9596,21.4616,26.1512,83.3453,4.3255,25.1981,-1.1834,8.6019,9.0000,17.5963,0.9319,1.1975,17.3881,-3.9723,-3.1272,0.0000,0.0000
Wkly_upswing,2026-09-07,UNIVPHOTO,Smallcap,Consumer Discretionary,backtest,1376,ok,2026-09-11,580.0000,500.0000,540.1500,-0.0648,10.1448,14.2933,49.7297,12.8086,18.7086,46.4294,67.6968,4.2217,0.5462,-6.8707,5.9208,6.0000,14.8107,0.5019,7.3776,13.7931,-3.9723,-3.1272,0.0000,0.0000
63_30_daily,2026-09-08,GENESYS,Smallcap,I.T,backtest,1377,ok,2026-09-08,288.1900,239.5000,288.1900,19.9992,27.5572,34.3856,-8.5982,35.4480,14.4892,-5.0820,68.7018,6.3899,4.6968,-55.3159,8.7411,5.0000,16.8951,1.0000,0.0000,16.8951,-3.4186,-2.3194,0.0000,0.0000
63_30_daily,2026-09-08,GUJTHEM,Midcap,Healthcare,backtest,1378,ok,2026-09-08,470.0500,431.8500,453.2500,5.5789,7.9295,25.1899,17.6967,14.3336,19.6043,25.3499,70.9738,5.1320,3.4096,-5.3758,8.4176,5.0000,8.4280,0.5602,3.7066,8.1268,-3.4186,-2.3194,0.0000,0.0000
Bullish_Scanner,2026-09-08,MIDHANI,Midcap,Aerospace & Defence,backtest,1379,ok,2026-09-08,482.4000,421.0000,477.0000,13.5985,14.2652,11.5137,9.3159,12.4960,14.3674,27.4470,71.1890,3.1544,20.6984,-1.1194,9.2088,6.0000,12.8721,0.9121,1.1321,12.7280,-3.4186,-2.3194,0.0000,0.0000
63_30_daily,2026-09-09,GRAPHITE,Midcap,Industrials,backtest,1380,ok,2026-09-09,874.3500,775.0000,844.6500,15.0358,16.2469,16.3029,29.0429,16.7224,23.7769,28.8139,75.6926,3.9568,34.8968,-3.3968,9.3541,6.0000,11.7623,0.7011,3.5162,11.3627,-4.1105,-3.1149,0.0000,1.0000
63_30_daily,2026-09-09,JSL,Largecap,Metals & Mining,backtest,1381,ok,2026-09-09,794.0000,731.0000,783.3000,6.0305,6.5859,6.1526,10.3473,7.8447,8.0643,4.5494,73.3011,2.5287,13.4099,-11.3914,8.7608,6.0000,8.0429,0.8302,1.3660,7.9345,-4.1105,-3.1149,0.0000,0.0000
63_30_daily,2026-09-09,VALIANTLAB,Smallcap,Healthcare,backtest,1382,ok,2026-09-09,119.8300,115.2700,119.8300,4.9943,24.6541,60.2862,81.8085,21.6771,54.4862,73.4613,78.5962,5.3779,0.5023,0.0000,7.3828,6.0000,3.8054,1.0000,0.0000,3.8054,-4.1105,-3.1149,0.0000,0.0000
Bullish_Scanner,2026-09-09,CONFIPET,Smallcap,Miscellaneous,backtest,1383,ok,2026-09-09,91.3000,82.9800,90.6600,9.9042,9.8243,22.8123,30.1464,16.0374,17.2402,68.9850,69.8222,5.0479,4.4918,-0.7010,8.5155,6.0000,9.1771,0.9231,0.7059,9.1128,-4.1105,-3.1149,0.0000,0.0000
Bullish_Scanner,2026-09-09,GRAPHITE,Midcap,Industrials,backtest,1384,ok,2026-09-09,874.3500,775.0000,844.6500,15.0358,16.2469,16.3029,29.0429,16.7224,23.7769,28.8139,75.6926,3.9568,34.8968,-3.3968,9.3541,6.0000,11.7623,0.7011,3.5162,11.3627,-4.1105,-3.1149,0.0000,1.0000
Bullish_Scanner,2026-09-09,INDNIPPON,Smallcap,Auto,backtest,1385,ok,2026-09-09,1346.7000,1111.2000,1313.3000,17.0186,23.3957,12.9041,41.7332,18.4727,15.8789,47.5517,73.6709,4.2434,75.6592,-2.4801,8.1074,4.0000,17.9319,0.8582,2.5432,17.4872,-4.1105,-3.1149,0.0000,0.0000
63_30_daily,2026-09-10,HERITGFOOD,Smallcap,FMCG,backtest,1386,ok,2026-09-10,403.5000,376.3000,398.0500,4.7224,7.1323,10.3549,21.4122,6.1134,12.8049,8.3649,65.9087,3.6221,3.4481,-26.2870,8.4196,4.0000,6.8333,0.7996,1.3692,6.7410,-3.7631,-2.8674,1.0000,0.0000
63_30_daily,2026-09-10,JUNIPER,Smallcap,Services,backtest,1387,ok,2026-09-10,233.9900,210.0100,227.3900,6.5508,4.4559,17.3202,14.4043,7.9648,12.5523,5.2865,73.2485,3.1167,3.1924,-27.2352,7.7988,3.0000,10.5458,0.7248,2.9025,10.2483,-3.7631,-2.8674,0.0000,0.0000
Bullish_Scanner,2026-09-10,AHCL,Smallcap,Healthcare,backtest,1388,ok,2026-09-10,18.0000,16.0500,17.5400,7.7396,12.4359,23.0877,9.6936,14.2857,15.8352,25.5191,75.0370,4.4592,7.7503,-2.5556,7.9557,7.0000,11.1174,0.7641,2.6226,10.8333,-3.7631,-2.8674,0.0000,0.0000
63_30_daily,2026-09-11,SEAMECLTD,Smallcap,Miscellaneous,backtest,1389,ok,2026-09-11,1849.0000,1774.5000,1788.4000,0.8743,-0.2899,15.9868,32.5330,5.2793,15.3817,29.5321,73.4219,3.1732,1.2019,-3.2774,8.3304,7.0000,4.1657,0.1866,3.3885,4.0292,-3.9723,-3.1272,1.0000,0.0000
63_30_daily,2026-09-15,EMUDHRA,Midcap,I.T,backtest,1390,ok,2026-09-15,592.8500,531.0000,592.8500,19.9980,17.9918,14.2843,28.9225,10.7432,18.2427,18.7222,67.9422,4.1025,9.8267,-16.9678,8.1111,4.0000,10.4327,1.0000,0.0000,10.4327,-4.8134,-4.1803,0.0000,1.0000
63_30_daily,2026-09-15,HATSUN,Largecap,FMCG,backtest,1391,ok,2026-09-15,1349.7000,1207.2000,1275.0000,4.1326,12.5530,31.6061,38.4741,13.4841,27.7019,33.3525,75.7880,5.1664,7.5771,-5.5346,8.2640,6.0000,11.1765,0.4758,5.8588,10.5579,-4.8134,-4.1803,0.0000,0.0000
Bullish_Scanner,2026-09-15,EMUDHRA,Midcap,I.T,backtest,1392,ok,2026-09-15,592.8500,531.0000,592.8500,19.9980,17.9918,14.2843,28.9225,10.7432,18.2427,18.7222,67.9422,4.1025,9.8267,-16.9678,8.1111,4.0000,10.4327,1.0000,0.0000,10.4327,-4.8134,-4.1803,0.0000,1.0000
63_30_daily,2026-09-17,TEGA,Midcap,Industrials,backtest,1393,ok,2026-09-17,1944.0000,1699.0000,1920.0000,11.8164,14.4015,11.2012,10.6692,15.3112,17.4141,11.0767,71.5237,4.5387,11.8967,-9.6471,8.9619,8.0000,12.7604,0.9020,1.2500,12.6029,-3.3545,-3.4068,0.0000,1.0000
Bullish_Scanner,2026-09-17,MOTISONS,Smallcap,Consumer Discretionary,backtest,1394,ok,2026-09-17,18.5000,16.2000,17.9400,7.9422,10.4000,7.9422,26.8741,9.9838,18.1227,26.7674,66.1505,5.8290,5.2816,-12.2738,8.9389,5.0000,12.8205,0.7565,3.1215,12.4324,-3.3545,-3.4068,0.0000,0.0000
Bullish_Scanner,2026-09-17,TEGA,Midcap,Industrials,backtest,1395,ok,2026-09-17,1944.0000,1699.0000,1920.0000,11.8164,14.4015,11.2012,10.6692,15.3112,17.4141,11.0767,71.5237,4.5387,11.8967,-9.6471,8.9619,8.0000,12.7604,0.9020,1.2500,12.6029,-3.3545,-3.4068,0.0000,1.0000
63_30_daily,2026-09-18,SPLPETRO,Midcap,Energy,backtest,1396,ok,2026-09-18,872.0000,804.9000,865.7000,7.2739,4.5342,23.5479,15.0585,13.8888,17.8437,25.8620,71.8051,3.9976,3.6857,-11.5730,8.4946,7.0000,7.7510,0.9061,0.7277,7.6950,-3.6541,-3.0425,1.0000,0.0000
Bullish_Scanner,2026-09-18,ALGOQUANT,Smallcap,Financials,backtest,1397,ok,2026-09-18,76.2000,70.1300,72.2700,3.0515,13.0278,10.9627,23.9835,10.8011,10.0948,20.0657,74.9774,3.9771,2.9145,-5.1575,7.9743,7.0000,8.3991,0.3526,5.4379,7.9659,-3.6541,-3.0425,0.0000,0.0000
Bullish_Scanner,2026-09-18,CASTROLIND,Midcap,Chemicals,backtest,1398,ok,2026-09-18,197.8500,192.0000,197.1400,2.8270,4.8282,4.5447,5.0405,4.8255,5.3241,6.2881,74.2837,1.4265,5.1486,-6.4579,8.6395,5.0000,2.9674,0.8786,0.3602,2.9568,-3.6541,-3.0425,1.0000,0.0000
63_30_daily,2026-09-21,MAXESTATES,Midcap,Realty,backtest,1399,ok,2026-09-21,623.0000,583.0500,597.9000,0.6566,6.6821,20.8245,34.6925,8.4346,26.3007,39.5369,76.9275,4.2380,1.0260,-4.0289,8.2410,9.0000,6.6817,0.3717,4.1980,6.4125,-3.4541,-2.6965,0.0000,0.0000
Bullish_Scanner,2026-09-21,AGI,Midcap,Industrials,backtest,1400,ok,2026-09-21,824.0000,744.0000,819.3500,9.9725,7.4346,8.7248,18.9705,8.3786,13.1099,25.5240,64.5031,4.1605,4.5758,-12.7423,8.2660,5.0000,9.7638,0.9419,0.5675,9.7087,-3.4541,-2.6965,0.0000,0.0000
Bullish_Scanner,2026-09-21,JASH,Smallcap,Industrials,backtest,1401,ok,2026-09-21,596.9000,541.0000,575.9000,10.5056,12.0319,21.8836,4.6520,16.0720,15.0840,31.1804,71.1292,4.3516,104.9459,-3.5182,8.6899,7.0000,9.7066,0.6243,3.6465,9.3651,-3.4541,-2.6965,0.0000,0.0000
Bullish_Scanner,2026-09-21,MANAKCOAT,Smallcap,Metals & Mining,backtest,1402,ok,2026-09-21,138.8900,128.9000,135.1900,4.6200,5.1817,7.8328,29.2077,8.5040,9.8220,13.9931,67.5498,4.4308,2.4457,-26.0529,7.7917,6.0000,7.3896,0.6296,2.7369,7.1927,-3.4541,-2.6965,0.0000,0.0000
Bullish_Scanner,2026-09-21,USHAMART,Midcap,Metals & Mining,backtest,1403,ok,2026-09-21,542.6000,505.2000,533.9000,5.2642,7.9676,10.9287,12.8514,7.0965,6.6075,16.1204,65.9710,3.0757,3.5016,-1.6034,8.7415,3.0000,7.0050,0.7674,1.6295,6.8927,-3.4541,-2.6965,0.0000,0.0000
Wkly_upswing,2026-09-21,AARNAV,Smallcap,Textiles,backtest,1404,ok,2026-09-25,36.4800,29.7000,36.0500,3.0000,15.5449,8.0635,43.8547,11.7622,13.3185,,66.0400,5.8787,2.2105,-3.6096,5.7437,6.0000,18.8072,0.9366,1.1928,18.5855,-3.9449,-3.5590,0.0000,0.0000
Wkly_upswing,2026-09-21,GANDHITUBE,Smallcap,Metals & Mining,backtest,1405,ok,2026-09-25,1046.6000,888.8500,966.5000,-1.2869,7.4844,7.0203,11.9476,5.6821,7.5964,15.1057,63.3261,3.5101,0.3365,-7.6534,7.3427,4.0000,16.3218,0.4922,8.2876,15.0726,-3.9449,-3.5590,0.0000,0.0000
Wkly_upswing,2026-09-21,JASH,Smallcap,Industrials,backtest,1406,ok,2026-09-25,603.0000,541.0000,593.8500,2.8935,13.9499,22.5317,17.3617,14.8713,17.6337,34.5008,71.1961,4.4191,0.3217,-1.5174,8.7610,6.0000,10.4403,0.8524,1.5408,10.2819,-3.9449,-3.5590,0.0000,1.0000
Wkly_upswing,2026-09-21,SANATHAN,Smallcap,Textiles,backtest,1407,ok,2026-09-25,544.3000,466.8000,523.2000,-1.1431,8.8073,13.3817,18.5319,11.2127,11.2280,19.7708,66.4776,4.2254,1.1606,-3.8765,7.9264,4.0000,14.8127,0.7277,4.0329,14.2385,-3.9449,-3.5590,0.0000,1.0000
Wkly_upswing,2026-09-21,SIKKO,Smallcap,Chemicals,backtest,1408,ok,2026-09-25,6.6500,5.7800,6.5100,1.4019,9.9662,26.9006,71.7678,14.4817,20.1018,36.9416,74.5031,6.1334,2.0011,-4.7061,6.6251,7.0000,13.3641,0.8391,2.1505,13.0827,-3.9449,-3.5590,0.0000,0.0000
Wkly_upswing,2026-09-21,VETO,Smallcap,Industrials,backtest,1409,ok,2026-09-25,152.0000,137.0500,150.3200,5.0895,8.0273,17.4375,19.8724,14.1798,18.4234,30.6871,73.1251,4.1735,5.0584,-2.3579,7.0842,6.0000,9.9454,0.8876,1.1176,9.8355,-3.9449,-3.5590,0.0000,0.0000
63_30_daily,2026-09-22,DOLPHIN,Smallcap,Energy,backtest,1410,ok,2026-09-22,745.0000,668.4000,724.3000,5.8918,11.2511,17.4953,96.5269,11.7945,37.3304,65.1506,69.7624,6.8140,2.7727,-2.7785,7.7414,4.0000,10.5757,0.7298,2.8579,10.2819,-3.6750,-2.9798,1.0000,0.0000
63_30_daily,2026-09-22,KLBRENG-B,Smallcap,Industrials,backtest,1411,ok,2026-09-22,525.0000,461.1500,519.5000,12.9348,11.4807,30.4130,,15.3323,,,76.7454,4.9333,6.5166,,8.2338,5.0000,12.2907,0.9139,1.0587,12.1619,-3.6750,-2.9798,0.0000,0.0000
Bullish_Scanner,2026-09-22,ARIHANTCAP,Smallcap,Financials,backtest,1412,ok,2026-09-22,93.0000,81.1900,90.9900,11.4937,11.7127,19.3938,32.2145,14.0218,17.3044,18.5795,74.5719,3.6841,22.9695,-24.1750,7.6829,6.0000,12.9794,0.8298,2.2090,12.6989,-3.6750,-2.9798,0.0000,0.0000
Bullish_Scanner,2026-09-22,JSWINFRA,Largecap,Transportation,backtest,1413,ok,2026-09-22,375.5000,351.3000,367.6000,5.1487,12.8126,8.0541,14.4815,8.4822,9.6139,27.0241,69.0266,3.2586,4.6902,-2.1039,9.1839,8.0000,6.5832,0.6736,2.1491,6.4447,-3.6750,-2.9798,2.0000,0.0000
Bullish_Scanner,2026-09-22,OPTIEMUS,Midcap,Telecom,backtest,1414,ok,2026-09-22,708.9000,590.0000,708.9000,20.0000,17.1832,21.0347,50.9101,21.4015,21.1426,50.1648,73.7791,4.7347,20.9390,-0.5750,8.6519,6.0000,16.7725,1.0000,0.0000,16.7725,-3.6750,-2.9798,0.0000,0.0000
Bullish_Scanner,2026-09-22,SHARDAMOTR,Midcap,Auto,backtest,1415,ok,2026-09-22,988.9000,955.8000,985.7500,2.9235,5.6368,10.3678,18.6364,8.1869,10.2915,12.2938,69.2287,3.1187,2.2510,-17.1569,7.7946,6.0000,3.3579,0.9048,0.3196,3.3472,-3.6750,-2.9798,0.0000,0.0000
Bullish_Scanner,2026-09-22,SUNDROP,Smallcap,FMCG,backtest,1416,ok,2026-09-22,773.0000,711.5000,742.3500,4.8591,13.6134,15.2628,14.8971,11.5322,11.9751,12.6431,78.6921,2.9323,11.5348,-15.0629,7.4352,6.0000,8.2845,0.5016,4.1288,7.9560,-3.6750,-2.9798,0.0000,0.0000
63_30_daily,2026-09-23,AXISCADES,Midcap,Aerospace & Defence,backtest,1417,ok,2026-09-23,1985.0000,1900.0000,1940.2000,2.5964,15.1796,20.9526,13.9016,10.2327,17.9999,21.6764,65.8243,4.8092,1.4195,-12.2479,8.5796,5.0000,4.3810,0.4729,2.3090,4.2821,-3.6481,-2.4408,0.0000,0.0000
63_30_daily,2026-09-23,NOCIL,Smallcap,Chemicals,backtest,1418,ok,2026-09-23,211.2000,194.0000,206.3000,6.4005,13.3828,25.8464,14.7322,13.9080,20.2998,27.6083,74.6644,4.3917,4.5755,-2.3201,8.5721,6.0000,8.3374,0.7151,2.3752,8.1439,-3.6481,-2.4408,2.0000,0.0000
63_30_daily,2026-09-23,PENIND,Smallcap,Metals & Mining,backtest,1419,ok,2026-09-23,185.4000,174.1500,183.3100,5.2659,9.9047,16.5057,9.4780,7.6448,10.5768,9.5951,67.4403,3.3939,3.5317,-34.5088,7.9816,4.0000,6.1371,0.8142,1.1401,6.0680,-3.6481,-2.4408,0.0000,0.0000
63_30_daily,2026-09-23,TEXRAIL,Midcap,Industrials,backtest,1420,ok,2026-09-23,126.7000,118.0000,124.7500,4.6560,14.8499,15.4451,15.8740,9.2038,12.0090,11.4800,67.1004,4.1311,2.3913,-18.4641,8.5440,6.0000,6.9739,0.7759,1.5631,6.8666,-3.6481,-2.4408,0.0000,0.0000
Bullish_Scanner,2026-09-23,GNFC,Midcap,Chemicals,backtest,1421,ok,2026-09-23,628.1000,594.5500,623.0500,4.0671,15.4331,5.9609,14.6577,7.2971,11.9828,25.0731,67.1134,3.5815,1.7050,-0.8040,8.8384,5.0000,5.3848,0.8495,0.8105,5.3415,-3.6481,-2.4408,0.0000,0.0000
Bullish_Scanner,2026-09-23,ICIL,Midcap,Textiles,backtest,1422,ok,2026-09-23,485.9500,446.0500,476.5500,6.1595,10.3253,12.7929,8.7393,7.6043,12.4955,45.6690,63.2018,4.4569,2.8441,-1.9344,8.5281,6.0000,8.3727,0.7644,1.9725,8.2107,-3.6481,-2.4408,0.0000,0.0000
Bullish_Scanner,2026-09-23,MUKANDLTD,Smallcap,Metals & Mining,backtest,1423,ok,2026-09-23,158.8000,141.4100,157.1100,11.1025,16.4727,16.2830,18.8786,14.0172,13.0106,17.2959,75.5374,3.6544,28.2369,-1.0642,7.5032,6.0000,11.0687,0.9028,1.0757,10.9509,-3.6481,-2.4408,0.0000,0.0000
Bullish_Scanner,2026-09-23,TEXINFRA,Smallcap,Realty,backtest,1424,ok,2026-09-23,126.5900,117.6900,123.4700,7.3466,6.2108,12.0011,13.4626,7.4530,9.0605,20.0462,68.2502,4.2914,11.9375,-2.4646,7.6439,5.0000,7.2082,0.6494,2.5269,7.0306,-3.6481,-2.4408,0.0000,0.0000
63_30_daily,2026-09-24,KAVDEFENCE,Smallcap,Aerospace & Defence,backtest,1425,ok,2026-09-24,86.4600,79.0000,83.0000,0.7893,15.8571,42.0990,29.9108,22.3106,34.4029,28.2677,72.8812,9.4682,0.8198,-49.0391,7.7147,7.0000,8.9880,0.5362,4.1687,8.6283,-4.7284,-3.9562,0.0000,0.0000
63_30_daily,2026-09-24,REMSONSIND,Smallcap,Auto,backtest,1426,ok,2026-09-24,113.3900,101.5200,111.1200,11.2646,16.8946,37.0329,38.7786,15.6879,25.7392,11.9269,73.2474,5.6316,9.1999,-27.1105,7.3840,6.0000,10.6821,0.8088,2.0428,10.4683,-4.7284,-3.9562,0.0000,0.0000
Bullish_Scanner,2026-09-24,ABDL,Largecap,FMCG,backtest,1427,ok,2026-09-24,722.0000,650.0000,712.1500,8.4933,9.0415,16.0420,6.3625,13.2910,14.5844,26.8259,74.5872,3.4965,13.5331,-1.3643,8.7305,7.0000,10.1102,0.8632,1.3831,9.9723,-4.7284,-3.9562,0.0000,0.0000
Bullish_Scanner,2026-09-24,SANATHAN,Smallcap,Textiles,backtest,1428,ok,2026-09-24,544.3000,504.3500,529.2500,4.5226,14.5687,14.5315,19.1468,13.2419,12.8689,21.2499,69.1827,4.4187,6.2799,-2.7650,7.9014,5.0000,7.5484,0.6233,2.8436,7.3397,-4.7284,-3.9562,0.0000,0.0000
Bullish_Scanner,2026-09-25,CASTROLIND,Midcap,Chemicals,backtest,1429,ok,2026-09-25,202.1000,194.2300,201.6700,3.5267,2.2979,8.8519,9.3359,5.9589,7.0650,8.6699,70.8542,1.7982,4.9145,-2.6689,8.7986,6.0000,3.9024,0.9454,0.2132,3.8941,-3.9449,-3.5590,2.0000,0.0000
Wkly_upswing,2026-09-25,KILITCH,Smallcap,Healthcare,live,1430,ok,2026-09-25,232.5000,191.8000,224.2700,3.2408,17.1429,30.8994,13.8484,17.6869,21.6151,31.2635,77.7360,4.3188,1.2588,-3.5398,6.7244,7.0000,18.1478,0.7978,3.6697,17.5054,-3.9449,-3.5590,0.0000,0.0000
Bullish_Scanner,2026-09-28,SHIVAUM,Smallcap,Metals & Mining,backtest,1431,ok,2026-09-28,550.0000,512.0000,544.2000,6.6745,15.1624,22.2921,28.1828,14.6843,21.5193,51.8276,86.1034,3.7007,0.3052,-1.0545,7.6419,5.0000,6.9827,0.8474,1.0658,6.9091,-5.7719,-4.9372,0.0000,0.0000
Bullish_Scanner,2026-09-28,ZYDUSLIFE,Largecap,Healthcare,backtest,1432,ok,2026-09-28,1228.6000,1201.2000,1215.0000,0.9220,4.6512,2.0151,6.5229,5.6191,6.6356,20.6003,66.5691,2.2587,3.0388,-1.1069,9.2258,9.0000,2.2551,0.5037,1.1193,2.2302,-5.7719,-4.9372,1.0000,0.0000
Bullish_Scanner,2026-09-29,DPABHUSHAN,Smallcap,Consumer Discretionary,backtest,1433,ok,2026-09-29,1665.8000,1376.4000,1665.8000,19.9971,13.3660,12.9279,73.7380,18.2530,16.8547,36.9647,68.7588,4.4046,43.4214,-0.2515,8.0493,5.0000,17.3730,1.0000,0.0000,17.3730,-5.6652,-5.0839,0.0000,0.0000
63_30_daily,2026-09-30,MAHSEAMLES,Midcap,Metals & Mining,backtest,1434,ok,2026-09-30,768.0000,721.9500,737.6500,2.1888,4.9662,13.5545,22.3808,5.0993,14.5697,23.3387,68.1699,4.0815,3.4357,-3.9518,8.5696,6.0000,6.2428,0.3409,4.1144,5.9961,-5.9668,-5.3600,0.0000,0.0000
Bullish_Scanner,2026-09-30,ALICON,Smallcap,"Castings, Forgings & Fasteners",backtest,1435,ok,2026-09-30,869.8000,726.0500,869.8000,19.9972,17.6916,31.8578,33.6098,20.5185,22.3089,22.3787,75.9732,4.4723,26.6526,-14.8924,7.8241,6.0000,16.5268,1.0000,0.0000,16.5268,-5.9668,-5.3600,0.0000,0.0000
Bullish_Scanner,2026-10-01,LOKESHMACH,Smallcap,Industrials,live,1436,ok,2026-10-01,411.4500,360.1500,400.8000,9.5381,16.8854,17.9170,16.5455,14.2548,17.6515,57.0786,67.1262,5.6815,20.8914,-2.5884,7.5587,6.0000,12.7994,0.7924,2.6572,12.4681,-6.2410,-6.0668,0.0000,0.0000
Bullish_Scanner,2026-10-06,BHEL,Largecap,Industrials,live,1437,ok,2026-10-06,453.9000,427.7000,452.0000,5.3613,9.7354,4.8481,14.3580,6.4820,7.4929,29.9427,64.4122,2.9772,3.3931,-0.4186,9.5107,6.0000,5.7965,0.9275,0.4204,5.7722,-4.6933,-4.3985,0.0000,0.0000
Wkly_upswing,2026-10-06,DHAMPURSUG,Smallcap,FMCG,live,1438,ok,2026-10-09,193.4200,171.1900,184.5800,0.9130,7.9037,7.9857,29.3302,8.8935,10.3386,30.3418,61.8507,4.8589,0.6118,-7.6731,8.1956,5.0000,12.0436,0.6023,4.7892,11.4931,-3.8881,-5.0830,0.0000,0.0000
63_30_daily,2026-10-07,KAVDEFENCE,Smallcap,Aerospace & Defence,live,1439,ok,2026-10-07,89.8200,85.5500,89.5400,4.6639,16.4521,34.6264,45.1922,16.5354,36.7223,38.1346,71.6293,5.4246,0.6281,-45.0236,7.6562,6.0000,4.7688,0.9344,0.3127,4.7539,-4.9459,-5.0138,1.0000,0.0000
Bullish_Scanner,2026-10-07,KOTAKBANK,,,live,1440,ok,2026-10-07,441.5000,429.0000,440.0000,1.8754,8.3744,4.2407,14.3897,5.9845,7.9858,10.0211,70.0214,2.3815,2.0181,-2.9126,9.9297,6.0000,2.8409,0.8800,0.3409,2.8313,-4.9459,-5.0138,0.0000,0.0000
Wkly_upswing,2026-10-07,DBOL,Smallcap,FMCG,live,1441,ok,2026-10-09,145.0000,121.0000,141.3300,0.6409,16.8886,14.7904,25.5151,15.0854,16.4187,31.1339,70.3548,4.9348,2.5896,-2.5310,7.6202,9.0000,16.9815,0.8471,2.5968,16.5517,-3.8881,-5.0830,1.0000,0.0000
