scanner_name,hit_date,symbol,signal_date,status,trigger,entry_date,entry_price,stop,target,exit_date,exit_price,exit_reason,ret_pct,r_multiple
Wkly_upswing,2023-09-04,ANDHRAPAP,2023-09-08,triggered,111.190,2023-09-11,111.190,102.295,128.980,2023-10-11,128.980,target,15.750,2.000
Wkly_upswing,2023-09-04,ASAL,2023-09-08,not_triggered,481.800,,,,,,,,,
Wkly_upswing,2023-09-04,AVADHSUGAR,2023-09-08,triggered,695.000,2023-09-11,695.000,639.400,806.200,2023-09-12,639.400,stop,-8.250,-1.000
Wkly_upswing,2023-09-04,COALINDIA,2023-09-08,not_triggered,284.450,,,,,,,,,
Wkly_upswing,2023-09-04,DALMIASUG,2023-09-08,triggered,437.350,2023-09-11,437.350,402.362,507.326,2023-09-12,402.362,stop,-8.250,-1.000
Wkly_upswing,2023-09-04,FCL,2023-09-08,triggered,34.990,2023-09-11,34.990,32.191,40.588,2023-09-12,32.191,stop,-8.250,-1.000
Wkly_upswing,2023-09-04,HCLTECH,2023-09-08,triggered,1269.550,2023-09-11,1276.550,1185.000,1459.650,2023-10-11,1245.600,time,-2.675,-0.338
Wkly_upswing,2023-09-04,KRBL,2023-09-08,not_triggered,470.900,,,,,,,,,
Wkly_upswing,2023-09-04,NAHARINDUS,2023-09-08,triggered,143.900,2023-09-11,147.000,135.240,170.520,2023-09-12,135.240,stop,-8.250,-1.000
Wkly_upswing,2023-09-04,SAPPHIRE,2023-09-08,triggered,307.520,2023-09-11,307.600,282.992,356.816,2023-09-14,282.992,stop,-8.250,-1.000
Wkly_upswing,2023-09-04,SARLAPOLY,2023-09-08,not_triggered,59.900,,,,,,,,,
Wkly_upswing,2023-09-04,SASKEN,2023-09-08,not_triggered,1169.800,,,,,,,,,
Wkly_upswing,2023-09-11,BCLIND,2023-09-15,triggered,56.800,2023-09-18,56.800,52.256,65.888,2023-10-03,52.256,stop,-8.250,-1.000
Wkly_upswing,2023-09-11,DHAMPURSUG,2023-09-15,triggered,319.650,2023-09-18,319.650,294.078,370.794,2023-10-04,294.078,stop,-8.250,-1.000
Wkly_upswing,2023-09-11,DHANUKA,2023-09-15,not_triggered,904.950,,,,,,,,,
Wkly_upswing,2023-09-11,PNCINFRA,2023-09-15,triggered,373.800,2023-09-18,374.500,345.000,433.500,2023-10-18,367.450,time,-2.133,-0.239
Wkly_upswing,2023-09-11,TECHM,2023-09-15,triggered,1303.700,2023-09-22,1303.700,1251.550,1408.000,2023-09-28,1251.550,stop,-4.250,-1.000
Wkly_upswing,2023-09-11,THEMISMED,2023-09-15,triggered,175.000,2023-09-21,175.000,161.000,203.000,2023-10-17,161.000,stop,-8.250,-1.000
Wkly_upswing,2023-09-18,BLUESTARCO,2023-09-22,triggered,946.800,2023-09-25,946.800,871.056,1098.288,2023-09-29,871.056,stop,-8.250,-1.000
Wkly_upswing,2023-09-18,KAPSTON,2023-09-22,triggered,92.850,2023-09-25,93.900,86.388,108.924,2023-10-05,86.388,stop,-8.250,-1.000
Wkly_upswing,2023-09-18,PNBGILTS,2023-09-22,triggered,81.600,2023-09-25,83.950,77.234,97.382,2023-09-25,77.234,stop,-8.250,-1.000
Wkly_upswing,2023-09-25,MSPL,2023-09-29,triggered,17.100,2023-10-03,17.950,16.514,20.822,2023-11-01,17.900,time,-0.529,-0.035
Wkly_upswing,2023-09-25,VIPCLOTHNG,2023-09-29,triggered,55.750,2023-10-05,55.750,51.290,64.670,2023-10-23,51.290,stop,-8.250,-1.000
Wkly_upswing,2023-10-03,SPLPETRO,2023-10-06,triggered,535.400,2023-10-10,535.400,492.568,621.064,2023-11-08,578.850,time,7.865,1.014
Wkly_upswing,2023-10-09,ASALCBR,2023-10-13,not_triggered,507.900,,,,,,,,,
Wkly_upswing,2023-10-09,CDSL,2023-10-13,not_triggered,710.000,,,,,,,,,
Wkly_upswing,2023-10-09,DBSTOCKBRO,2023-10-13,triggered,38.400,2023-10-19,38.400,35.328,44.544,2023-10-19,35.328,stop,-8.250,-1.000
Wkly_upswing,2023-10-09,DECCANCE,2023-10-13,not_triggered,578.000,,,,,,,,,
Wkly_upswing,2023-10-09,KRSNAA,2023-10-13,not_triggered,727.000,,,,,,,,,
Wkly_upswing,2023-10-09,PREMIERPOL,2023-10-13,not_triggered,32.000,,,,,,,,,
Wkly_upswing,2023-10-09,SKYGOLD,2023-10-13,triggered,55.440,2023-10-16,56.400,51.888,65.424,2023-10-18,65.424,target,15.750,2.000
Wkly_upswing,2023-10-09,SPCENET,2023-10-13,triggered,28.150,2023-10-16,28.150,25.898,32.654,2023-10-23,25.898,stop,-8.250,-1.000
Wkly_upswing,2023-10-16,DVL,2023-10-20,triggered,309.900,2023-10-23,309.900,285.108,359.484,2023-10-23,285.108,stop,-8.250,-1.000
Wkly_upswing,2023-10-16,EMAMIREAL,2023-10-20,triggered,91.900,2023-10-23,93.000,85.560,107.880,2023-10-23,85.560,stop,-8.250,-1.000
Wkly_upswing,2023-10-16,IITL,2023-10-20,not_triggered,167.850,,,,,,,,,
Wkly_upswing,2023-10-16,JPOLYINVST,2023-10-20,not_triggered,788.450,,,,,,,,,
Wkly_upswing,2023-10-16,KEYFINSERV,2023-10-20,not_triggered,173.900,,,,,,,,,
Wkly_upswing,2023-10-16,LINC,2023-10-20,triggered,221.250,2023-10-30,225.000,207.000,261.000,2023-10-31,207.000,stop,-8.250,-1.000
Wkly_upswing,2023-10-16,MACPOWER,2023-10-20,triggered,375.350,2023-10-23,411.000,378.120,476.760,2023-10-25,484.000,target_gap,17.512,2.220
Wkly_upswing,2023-10-16,MARINE,2023-10-20,not_triggered,80.100,,,,,,,,,
Wkly_upswing,2023-10-16,RCF,2023-10-20,not_triggered,145.850,,,,,,,,,
Wkly_upswing,2023-10-16,SUPREMEINF,2023-10-20,triggered,30.350,2023-10-23,30.350,27.922,35.206,2023-10-31,27.750,stop_gap,-8.817,-1.071
Wkly_upswing,2023-10-16,SURYAROSNI,2023-10-20,not_triggered,300.300,,,,,,,,,
Wkly_upswing,2023-10-16,TEXMOPIPES,2023-10-20,not_triggered,83.000,,,,,,,,,
Wkly_upswing,2023-10-16,TNPL,2023-10-20,not_triggered,302.950,,,,,,,,,
Wkly_upswing,2023-10-16,VHLTD,2023-10-20,not_triggered,360.000,,,,,,,,,
Wkly_upswing,2023-10-30,AMDIND,2023-11-03,triggered,82.900,2023-11-06,82.900,76.268,96.164,2023-11-08,76.268,stop,-8.250,-1.000
Wkly_upswing,2023-10-30,IDEA,2023-11-03,triggered,14.350,2023-11-10,14.350,13.202,16.646,2023-11-28,13.202,stop,-8.250,-1.000
Wkly_upswing,2023-10-30,IVP,2023-11-03,triggered,203.300,2023-11-06,203.300,187.036,235.828,2023-11-09,187.036,stop,-8.250,-1.000
Wkly_upswing,2023-10-30,SILINV,2023-11-03,triggered,386.950,2023-11-06,386.950,355.994,448.862,2023-11-07,355.994,stop,-8.250,-1.000
Wkly_upswing,2023-11-06,ADOR,2023-11-10,triggered,1527.000,2023-11-13,1529.950,1407.554,1774.742,2023-12-12,1407.554,stop,-8.250,-1.000
Wkly_upswing,2023-11-06,ALPA,2023-11-10,triggered,89.400,2023-11-13,89.400,82.248,103.704,2023-11-22,103.704,target,15.750,2.000
Wkly_upswing,2023-11-06,AMJLAND,2023-11-10,triggered,38.700,2023-11-13,38.700,35.604,44.892,2023-12-13,38.950,time,0.396,0.081
Wkly_upswing,2023-11-06,BLISSGVS,2023-11-10,triggered,118.850,2023-11-13,119.850,110.262,139.026,2023-11-20,139.026,target,15.750,2.000
Wkly_upswing,2023-11-06,BROOKS,2023-11-10,triggered,122.600,2023-11-13,127.550,117.346,147.958,2023-12-08,117.000,stop_gap,-8.521,-1.034
Wkly_upswing,2023-11-06,CARYSIL,2023-11-10,triggered,837.100,2023-11-13,863.050,794.006,1001.138,2023-12-13,872.600,time,0.857,0.138
Wkly_upswing,2023-11-06,CLEDUCATE,2023-11-10,triggered,87.000,2023-11-13,87.000,80.040,100.920,2023-11-30,80.040,stop,-8.250,-1.000
Wkly_upswing,2023-11-06,DPSCLTD,2023-11-10,triggered,24.000,2023-11-13,26.450,24.334,30.682,2023-11-13,24.334,stop,-8.250,-1.000
Wkly_upswing,2023-11-06,GLOBAL,2023-11-10,not_triggered,110.900,,,,,,,,,
Wkly_upswing,2023-11-06,GRANULES,2023-11-10,triggered,374.800,2023-11-17,374.800,346.550,431.300,2023-12-18,402.300,time,7.087,0.973
Wkly_upswing,2023-11-06,GREENPOWER,2023-11-10,triggered,18.350,2023-11-13,18.500,17.020,21.460,2023-11-17,21.460,target,15.750,2.000
Wkly_upswing,2023-11-06,KESORAMIND,2023-11-10,triggered,106.950,2023-11-13,106.950,98.394,124.062,2023-11-24,128.000,target_gap,19.432,2.460
Wkly_upswing,2023-11-06,MODISONLTD,2023-11-10,triggered,121.400,2023-11-13,123.000,113.160,142.680,2023-11-20,113.160,stop,-8.250,-1.000
Wkly_upswing,2023-11-06,SHARDAMOTR,2023-11-10,triggered,1158.750,2023-11-13,1168.050,1074.606,1354.938,2023-11-29,1354.938,target,15.750,2.000
Wkly_upswing,2023-11-06,SYNCOMF,2023-11-10,not_triggered,10.700,,,,,,,,,
Wkly_upswing,2023-11-06,TEXINFRA,2023-11-10,not_triggered,111.500,,,,,,,,,
Wkly_upswing,2023-11-06,VBL,2023-11-10,triggered,409.600,2023-11-16,409.600,376.832,475.136,2023-12-15,439.600,time,7.074,0.916
Wkly_upswing,2023-11-06,WINDLAS,2023-11-10,triggered,419.050,2023-11-13,419.050,385.526,486.098,2023-12-13,413.200,time,-1.646,-0.175
Wkly_upswing,2023-11-13,A2ZINFRA,2023-11-17,not_triggered,12.000,,,,,,,,,
Wkly_upswing,2023-11-13,ASHIMASYN,2023-11-17,not_triggered,18.000,,,,,,,,,
Wkly_upswing,2023-11-13,BALPHARMA,2023-11-17,not_triggered,118.350,,,,,,,,,
Wkly_upswing,2023-11-13,BCLIND,2023-11-17,triggered,59.400,2023-11-20,59.400,54.648,68.904,2023-12-01,54.648,stop,-8.250,-1.000
Wkly_upswing,2023-11-13,CAMS,2023-11-17,triggered,578.000,2023-11-20,578.000,531.760,670.480,2023-12-19,535.460,time,-7.610,-0.920
Wkly_upswing,2023-11-13,CCAVENUE,2023-11-17,not_triggered,22.600,,,,,,,,,
Wkly_upswing,2023-11-13,COFORGE,2023-11-17,triggered,1149.970,2023-11-20,1149.970,1057.972,1333.965,2023-12-19,1254.680,time,8.855,1.138
Wkly_upswing,2023-11-13,DCI,2023-11-17,triggered,212.350,2023-11-20,222.950,205.114,258.622,2023-12-05,205.114,stop,-8.250,-1.000
Wkly_upswing,2023-11-13,GVPIL,2023-11-17,triggered,211.850,2023-11-20,218.000,200.560,252.880,2023-12-14,252.880,target,15.750,2.000
Wkly_upswing,2023-11-13,RADICO,2023-11-17,triggered,1459.350,2023-11-24,1460.000,1377.150,1625.700,2023-12-04,1625.700,target,11.099,2.000
Wkly_upswing,2023-11-20,63MOONS,2023-11-24,triggered,444.400,2023-11-28,444.400,408.848,515.504,2023-11-28,408.848,stop,-8.250,-1.000
Wkly_upswing,2023-11-20,GILLANDERS,2023-11-24,not_triggered,113.500,,,,,,,,,
Wkly_upswing,2023-11-20,HUBTOWN,2023-11-24,triggered,78.800,2023-11-30,78.800,72.496,91.408,2023-12-05,91.950,target_gap,16.438,2.086
Wkly_upswing,2023-11-20,KOPRAN,2023-11-24,not_triggered,285.600,,,,,,,,,
Wkly_upswing,2023-11-20,MOREPENLAB,2023-11-24,triggered,47.300,2023-11-28,47.300,43.516,54.868,2023-11-28,43.516,stop,-8.250,-1.000
Wkly_upswing,2023-11-20,NAVKARCORP,2023-11-24,triggered,73.600,2023-11-28,73.600,67.712,85.376,2023-11-30,85.376,target,15.750,2.000
Wkly_upswing,2023-11-20,NITINSPIN,2023-11-24,triggered,359.200,2023-11-28,359.200,330.464,416.672,2023-12-14,330.464,stop,-8.250,-1.000
Wkly_upswing,2023-11-20,PRIMESECU,2023-11-24,not_triggered,175.000,,,,,,,,,
Wkly_upswing,2023-11-20,PRITIKAUTO,2023-11-24,not_triggered,31.750,,,,,,,,,
Wkly_upswing,2023-11-20,RPSGVENT,2023-11-24,triggered,733.000,2023-11-28,733.000,674.360,850.280,2023-12-27,746.250,time,1.558,0.226
Wkly_upswing,2023-11-20,RTNINDIA,2023-11-24,not_triggered,81.600,,,,,,,,,
Wkly_upswing,2023-11-20,VTL,2023-11-24,not_triggered,433.650,,,,,,,,,
Wkly_upswing,2023-11-28,ADANIPOWER,2023-12-01,triggered,94.160,2023-12-04,98.800,90.896,114.608,2023-12-06,114.608,target,15.750,2.000
Wkly_upswing,2023-11-28,APOLLOTYRE,2023-12-01,triggered,445.800,2023-12-04,449.400,414.600,519.000,2024-01-02,456.450,time,1.319,0.203
Wkly_upswing,2023-11-28,BIRLACORPN,2023-12-01,triggered,1435.350,2023-12-04,1457.000,1340.440,1690.120,2023-12-20,1340.440,stop,-8.250,-1.000
Wkly_upswing,2023-11-28,CONFIPET,2023-12-01,not_triggered,104.900,,,,,,,,,
Wkly_upswing,2023-11-28,JYOTISTRUC,2023-12-01,triggered,17.600,2023-12-04,17.950,16.700,20.450,2023-12-18,20.450,target,13.678,2.000
Wkly_upswing,2023-11-28,PRECOT,2023-12-01,triggered,268.950,2023-12-04,277.000,254.840,321.320,2023-12-20,254.840,stop,-8.250,-1.000
Wkly_upswing,2023-11-28,SHALPAINTS,2023-12-01,triggered,202.300,2023-12-04,202.300,186.116,234.668,2023-12-06,186.116,stop,-8.250,-1.000
Wkly_upswing,2023-11-28,SUDARCOLOR,2023-12-01,triggered,565.650,2023-12-04,565.650,520.398,656.154,2024-01-02,635.000,time,12.010,1.533
Wkly_upswing,2023-12-04,AARTIPHARM,2023-12-08,not_triggered,497.000,,,,,,,,,
Wkly_upswing,2023-12-04,ADANIPORTS,2023-12-08,triggered,1082.500,2023-12-14,1082.500,995.900,1255.700,2023-12-21,995.900,stop,-8.250,-1.000
Wkly_upswing,2023-12-04,BALMLAWRIE,2023-12-08,triggered,175.850,2023-12-14,175.850,161.782,203.986,2023-12-22,203.986,target,15.750,2.000
Wkly_upswing,2023-12-04,BANKINDIA,2023-12-08,triggered,118.250,2023-12-11,118.250,108.790,137.170,2023-12-13,108.550,stop_gap,-8.453,-1.025
Wkly_upswing,2023-12-04,BDL,2023-12-08,triggered,694.975,2023-12-12,694.975,639.377,806.171,2023-12-26,806.171,target,15.750,2.000
Wkly_upswing,2023-12-04,CCHHL,2023-12-08,not_triggered,16.300,,,,,,,,,
Wkly_upswing,2023-12-04,COROMANDEL,2023-12-08,triggered,1252.950,2023-12-12,1252.950,1161.250,1436.350,2024-01-10,1161.250,stop,-7.569,-1.000
Wkly_upswing,2023-12-04,ELGIRUBCO,2023-12-08,triggered,65.200,2023-12-11,68.450,62.974,79.402,2023-12-19,62.750,stop_gap,-8.577,-1.041
Wkly_upswing,2023-12-04,INDIACEM,2023-12-08,triggered,272.900,2023-12-11,274.450,252.494,318.362,2023-12-20,252.494,stop,-8.250,-1.000
Wkly_upswing,2023-12-04,INDOWIND,2023-12-08,triggered,22.350,2023-12-11,22.500,20.700,26.100,2023-12-26,20.650,stop_gap,-8.472,-1.028
Wkly_upswing,2023-12-04,JUBLPHARMA,2023-12-08,triggered,492.400,2023-12-15,492.400,453.008,571.184,2024-01-01,572.000,target_gap,15.916,2.021
Wkly_upswing,2023-12-04,RCF,2023-12-08,triggered,157.700,2023-12-12,157.700,145.084,182.932,2023-12-20,145.084,stop,-8.250,-1.000
Wkly_upswing,2023-12-04,RELINFRA,2023-12-08,not_triggered,232.000,,,,,,,,,
Wkly_upswing,2023-12-04,RHL,2023-12-08,triggered,163.950,2023-12-12,166.000,152.720,192.560,2023-12-12,152.720,stop,-8.250,-1.000
Wkly_upswing,2023-12-04,TATAPOWER,2023-12-08,triggered,335.950,2023-12-13,335.950,309.074,389.702,2024-01-11,357.300,time,6.105,0.794
Wkly_upswing,2023-12-04,VISACHROME,2023-12-08,not_triggered,22.200,,,,,,,,,
Wkly_upswing,2023-12-11,BANKBARODA,2023-12-15,triggered,226.400,2023-12-18,226.400,212.900,253.400,2024-01-16,231.250,time,1.892,0.359
Wkly_upswing,2023-12-11,COFFEEDAY,2023-12-15,triggered,58.850,2023-12-18,58.850,54.142,68.266,2024-01-15,68.266,target,15.750,2.000
Wkly_upswing,2023-12-11,GICHSGFIN,2023-12-15,not_triggered,234.500,,,,,,,,,
Wkly_upswing,2023-12-11,JMFINANCIL,2023-12-15,triggered,102.000,2023-12-18,102.000,93.840,118.320,2023-12-21,93.840,stop,-8.250,-1.000
Wkly_upswing,2023-12-11,KITEX,2023-12-15,triggered,79.500,2023-12-19,79.500,73.140,92.220,2023-12-20,73.140,stop,-8.250,-1.000
Wkly_upswing,2023-12-11,NATIONALUM,2023-12-15,triggered,113.700,2023-12-18,113.700,104.604,131.892,2023-12-20,104.604,stop,-8.250,-1.000
Wkly_upswing,2023-12-11,NAUKRI,2023-12-15,triggered,1047.000,2023-12-18,1047.000,963.240,1214.520,2024-01-16,1042.480,time,-0.682,-0.054
Wkly_upswing,2023-12-11,NILAINFRA,2023-12-15,triggered,8.000,2023-12-18,8.000,7.360,9.280,2023-12-20,7.360,stop,-8.250,-1.000
Wkly_upswing,2023-12-11,SATIA,2023-12-15,triggered,150.800,2023-12-18,150.800,138.736,174.928,2023-12-20,138.736,stop,-8.250,-1.000
Wkly_upswing,2023-12-11,SURANAT&P,2023-12-15,triggered,15.400,2023-12-18,15.400,14.168,17.864,2024-01-16,15.650,time,1.373,0.203
Wkly_upswing,2023-12-11,SWSOLAR,2023-12-15,triggered,445.300,2023-12-19,445.300,409.676,516.548,2023-12-21,409.676,stop,-8.250,-1.000
Wkly_upswing,2023-12-11,TATASTEEL,2023-12-15,triggered,136.750,2023-12-18,136.850,128.750,153.050,2023-12-20,128.750,stop,-6.169,-1.000
Wkly_upswing,2023-12-11,XPROINDIA,2023-12-15,triggered,1174.000,2023-12-18,1174.000,1080.080,1361.840,2023-12-27,1080.080,stop,-8.250,-1.000
Wkly_upswing,2023-12-18,AERONEU,2023-12-22,triggered,130.750,2023-12-26,130.750,120.290,151.670,2024-01-18,120.290,stop,-8.250,-1.000
Wkly_upswing,2023-12-18,ARCHIDPLY,2023-12-22,triggered,96.100,2023-12-29,97.050,89.286,112.578,2024-01-29,87.400,stop_gap,-10.193,-1.243
Wkly_upswing,2023-12-18,BEML,2023-12-22,triggered,1410.000,2023-12-26,1410.000,1297.200,1635.600,2024-01-08,1635.600,target,15.750,2.000
Wkly_upswing,2023-12-18,BROOKS,2023-12-22,triggered,137.100,2023-12-26,146.250,134.550,169.650,2023-12-27,169.800,target_gap,15.853,2.013
Wkly_upswing,2023-12-18,GATECH,2023-12-22,triggered,1.500,2023-12-26,1.550,1.426,1.798,2024-01-02,1.800,target_gap,15.879,2.016
Wkly_upswing,2023-12-18,HARRMALAYA,2023-12-22,not_triggered,193.800,,,,,,,,,
Wkly_upswing,2023-12-18,HATHWAY,2023-12-22,not_triggered,23.700,,,,,,,,,
Wkly_upswing,2023-12-18,HCL-INSYS,2023-12-22,triggered,22.000,2023-12-26,22.400,20.608,25.984,2023-12-28,20.608,stop,-8.250,-1.000
Wkly_upswing,2023-12-18,HFCL,2023-12-22,triggered,83.500,2023-12-26,83.500,76.820,96.860,2024-01-23,101.250,target_gap,21.007,2.657
Wkly_upswing,2023-12-18,RHIM,2023-12-22,triggered,815.000,2023-12-26,820.000,754.400,951.200,2024-01-17,754.400,stop,-8.250,-1.000
Wkly_upswing,2023-12-18,SALASAR,2023-12-22,triggered,13.800,2023-12-26,13.800,12.696,16.008,2024-01-23,21.400,target_gap,54.822,6.884
Wkly_upswing,2023-12-18,SANSERA,2023-12-22,triggered,1048.350,2024-01-01,1048.350,964.482,1216.086,2024-01-31,1018.500,time,-3.097,-0.356
Wkly_upswing,2023-12-18,SHIVAMAUTO,2023-12-22,not_triggered,43.900,,,,,,,,,
Wkly_upswing,2023-12-18,SUDARSCHEM,2023-12-22,triggered,552.200,2023-12-27,557.000,512.440,646.120,2024-01-17,512.440,stop,-8.250,-1.000
Wkly_upswing,2023-12-18,SYRMA,2023-12-22,not_triggered,705.200,,,,,,,,,
Wkly_upswing,2023-12-18,TEAMGTY,2023-12-22,triggered,149.750,2023-12-26,157.200,144.624,182.352,2023-12-28,142.100,stop_gap,-9.856,-1.201
Wkly_upswing,2023-12-18,TNPETRO,2023-12-22,not_triggered,108.400,,,,,,,,,
Wkly_upswing,2023-12-26,GOKUL,2023-12-29,triggered,55.000,2024-01-01,55.400,50.968,64.264,2024-01-23,64.264,target,15.750,2.000
Wkly_upswing,2023-12-26,GREENPANEL,2023-12-29,triggered,443.500,2024-01-05,443.500,408.020,514.460,2024-01-15,408.020,stop,-8.250,-1.000
Wkly_upswing,2023-12-26,RUSTOMJEE,2023-12-29,triggered,657.000,2024-01-02,657.000,605.000,761.000,2024-02-01,695.900,time,5.671,0.748
Wkly_upswing,2023-12-26,SONACOMS,2023-12-29,triggered,651.650,2024-01-01,651.650,599.518,755.914,2024-01-16,597.950,stop_gap,-8.491,-1.030
Wkly_upswing,2023-12-26,TATACHEM,2023-12-29,triggered,1123.000,2024-01-01,1123.000,1033.160,1302.680,2024-01-23,1033.160,stop,-8.250,-1.000
Wkly_upswing,2024-01-01,A2ZINFRA,2024-01-05,triggered,14.800,2024-01-09,14.800,13.616,17.168,2024-01-18,13.450,stop_gap,-9.372,-1.140
Wkly_upswing,2024-01-01,AAREYDRUGS,2024-01-05,not_triggered,68.000,,,,,,,,,
Wkly_upswing,2024-01-01,AKSHOPTFBR,2024-01-05,not_triggered,15.850,,,,,,,,,
Wkly_upswing,2024-01-01,EIHOTEL,2024-01-05,not_triggered,288.000,,,,,,,,,
Wkly_upswing,2024-01-01,GTL,2024-01-05,triggered,16.900,2024-01-08,17.700,16.284,20.532,2024-01-12,16.000,stop_gap,-9.855,-1.201
Wkly_upswing,2024-01-01,GUJALKALI,2024-01-05,not_triggered,837.300,,,,,,,,,
Wkly_upswing,2024-01-01,JBMA,2024-01-05,triggered,872.400,2024-01-08,872.400,802.608,1011.984,2024-02-02,1011.984,target,15.750,2.000
Wkly_upswing,2024-01-01,JMA,2024-01-05,triggered,89.500,2024-01-08,89.500,82.340,103.820,2024-01-15,103.820,target,15.750,2.000
Wkly_upswing,2024-01-01,KOTHARIPRO,2024-01-05,not_triggered,93.350,,,,,,,,,
Wkly_upswing,2024-01-01,NETWORK18,2024-01-05,triggered,97.650,2024-01-08,97.650,89.838,113.274,2024-01-10,113.274,target,15.750,2.000
Wkly_upswing,2024-01-01,OSWALGREEN,2024-01-05,not_triggered,34.850,,,,,,,,,
Wkly_upswing,2024-01-01,PANACEABIO,2024-01-05,not_triggered,202.500,,,,,,,,,
Wkly_upswing,2024-01-01,PARADEEP,2024-01-05,not_triggered,83.450,,,,,,,,,
Wkly_upswing,2024-01-01,RAJSREESUG,2024-01-05,not_triggered,79.900,,,,,,,,,
Wkly_upswing,2024-01-01,SAKUMA,2024-01-05,triggered,4.692,2024-01-08,4.692,4.317,5.443,2024-01-08,4.317,stop,-8.250,-1.000
Wkly_upswing,2024-01-01,SUVEN,2024-01-05,triggered,96.300,2024-01-08,96.300,88.596,111.708,2024-01-11,112.000,target_gap,16.053,2.038
Wkly_upswing,2024-01-01,VASWANI,2024-01-05,triggered,33.500,2024-01-09,33.500,30.820,38.860,2024-01-16,30.820,stop,-8.250,-1.000
Wkly_upswing,2024-01-01,WIPL,2024-01-05,not_triggered,185.000,,,,,,,,,
Wkly_upswing,2024-01-08,ACCELYA,2024-01-12,triggered,1795.000,2024-01-15,1849.100,1701.172,2144.956,2024-02-14,1972.500,time,6.424,0.834
Wkly_upswing,2024-01-08,ARVINDFASN,2024-01-12,triggered,494.000,2024-01-19,494.000,454.480,573.040,2024-02-13,454.480,stop,-8.250,-1.000
Wkly_upswing,2024-01-08,AVANTIFEED,2024-01-12,triggered,581.400,2024-01-15,581.400,534.888,674.424,2024-01-16,534.888,stop,-8.250,-1.000
Wkly_upswing,2024-01-08,BIGBLOC,2024-01-12,not_triggered,101.850,,,,,,,,,
Wkly_upswing,2024-01-08,BYKE,2024-01-12,triggered,72.800,2024-01-15,74.050,68.126,85.898,2024-01-23,66.300,stop_gap,-10.716,-1.308
Wkly_upswing,2024-01-08,CGCL,2024-01-12,triggered,235.000,2024-01-16,235.000,216.200,272.600,2024-02-15,236.812,time,0.521,0.096
Wkly_upswing,2024-01-08,HAVELLS,2024-01-12,not_triggered,1472.000,,,,,,,,,
Wkly_upswing,2024-01-08,INDOSTAR,2024-01-12,triggered,203.100,2024-01-15,205.000,188.600,237.800,2024-01-30,187.000,stop_gap,-9.030,-1.098
Wkly_upswing,2024-01-08,MANAKALUCO,2024-01-12,not_triggered,33.400,,,,,,,,,
Wkly_upswing,2024-01-08,MITCON,2024-01-12,triggered,93.489,2024-01-16,99.767,91.786,115.730,2024-01-17,91.786,stop,-8.250,-1.000
Wkly_upswing,2024-01-08,PAVNAIND,2024-01-12,not_triggered,64.085,,,,,,,,,
Wkly_upswing,2024-01-08,PNCINFRA,2024-01-12,triggered,386.800,2024-01-15,388.950,357.834,451.182,2024-01-30,451.182,target,15.750,2.000
Wkly_upswing,2024-01-08,RAMCOSYS,2024-01-12,not_triggered,346.700,,,,,,,,,
Wkly_upswing,2024-01-08,SAMBHAAV,2024-01-12,not_triggered,4.650,,,,,,,,,
Wkly_upswing,2024-01-08,SEJALLTD,2024-01-12,not_triggered,332.800,,,,,,,,,
Wkly_upswing,2024-01-15,AUSOMENT,2024-01-19,triggered,89.000,2024-01-23,94.800,87.216,109.968,2024-01-23,87.216,stop,-8.250,-1.000
Wkly_upswing,2024-01-15,DCI,2024-01-19,triggered,228.800,2024-01-23,232.400,213.808,269.584,2024-01-24,213.808,stop,-8.250,-1.000
Wkly_upswing,2024-01-15,GANESHHOU,2024-01-19,triggered,612.750,2024-01-23,663.400,610.328,769.544,2024-01-29,769.544,target,15.750,2.000
Wkly_upswing,2024-01-15,IDBI,2024-01-19,triggered,72.250,2024-01-23,79.900,73.508,92.684,2024-02-05,92.684,target,15.750,2.000
Wkly_upswing,2024-01-15,LAL,2024-01-19,triggered,20.593,2024-01-24,20.962,19.285,24.315,2024-01-31,25.106,target_gap,19.521,2.471
Wkly_upswing,2024-01-15,MASFIN,2024-01-19,triggered,331.667,2024-01-23,350.000,322.000,406.000,2024-01-24,322.000,stop,-8.250,-1.000
Wkly_upswing,2024-01-15,PDMJEPAPER,2024-01-19,triggered,62.000,2024-01-25,62.000,57.040,71.920,2024-01-30,71.920,target,15.750,2.000
Wkly_upswing,2024-01-15,PNBHOUSING,2024-01-19,triggered,905.500,2024-01-23,905.500,833.060,1050.380,2024-01-25,830.000,stop_gap,-8.588,-1.042
Wkly_upswing,2024-01-15,RBA,2024-01-19,not_triggered,133.700,,,,,,,,,
Wkly_upswing,2024-01-15,RITES,2024-01-19,triggered,282.000,2024-01-23,320.000,294.400,371.200,2024-01-23,294.400,stop,-8.250,-1.000
Wkly_upswing,2024-01-15,SIS,2024-01-19,triggered,481.250,2024-01-23,541.750,498.410,628.430,2024-01-23,498.410,stop,-8.250,-1.000
Wkly_upswing,2024-01-15,TECHM,2024-01-19,triggered,1401.500,2024-01-23,1401.500,1305.250,1594.000,2024-02-08,1305.250,stop,-7.118,-1.000
Wkly_upswing,2024-01-23,ADVANIHOTR,2024-01-25,triggered,72.000,2024-01-29,72.500,66.700,84.100,2024-01-30,84.100,target,15.750,2.000
Wkly_upswing,2024-01-23,IFBIND,2024-01-25,triggered,1274.750,2024-01-29,1274.750,1172.770,1478.710,2024-02-26,1440.500,time,12.753,1.625
Wkly_upswing,2024-01-23,PETRONET,2024-01-25,triggered,266.300,2024-01-30,266.900,253.750,293.200,2024-02-06,293.200,target,9.604,2.000
Wkly_upswing,2024-01-29,ALPHAGEO,2024-02-02,triggered,388.700,2024-02-06,388.700,357.604,450.892,2024-02-06,357.604,stop,-8.250,-1.000
Wkly_upswing,2024-01-29,BANKBARODA,2024-02-02,triggered,261.000,2024-02-05,261.000,240.120,302.760,2024-03-04,273.200,time,4.424,0.584
Wkly_upswing,2024-01-29,MMP,2024-02-02,not_triggered,298.050,,,,,,,,,
Wkly_upswing,2024-01-29,SPENCERS,2024-02-02,not_triggered,139.300,,,,,,,,,
Wkly_upswing,2024-02-05,BAJAJHIND,2024-02-09,triggered,39.300,2024-02-12,39.300,36.156,45.588,2024-02-12,36.156,stop,-8.250,-1.000
Wkly_upswing,2024-02-05,KCPSUGIND,2024-02-09,not_triggered,54.050,,,,,,,,,
Wkly_upswing,2024-02-05,MCLEODRUSS,2024-02-09,not_triggered,32.800,,,,,,,,,
Wkly_upswing,2024-02-05,PARAGMILK,2024-02-09,triggered,269.800,2024-02-12,269.950,248.354,313.142,2024-02-28,248.354,stop,-8.250,-1.000
Wkly_upswing,2024-02-05,SAKHTISUG,2024-02-09,not_triggered,46.750,,,,,,,,,
Wkly_upswing,2024-02-05,SBIN,2024-02-09,triggered,728.350,2024-02-14,728.350,670.082,844.886,2024-03-14,741.050,time,1.494,0.218
Wkly_upswing,2024-02-05,UNIVASTU,2024-02-09,triggered,44.633,2024-02-12,45.017,41.415,52.219,2024-03-12,47.467,time,5.192,0.680
Wkly_upswing,2024-02-12,COFFEEDAY,2024-02-16,not_triggered,74.250,,,,,,,,,
Wkly_upswing,2024-02-12,DBSTOCKBRO,2024-02-16,triggered,53.100,2024-02-19,54.200,49.864,62.872,2024-02-22,49.864,stop,-8.250,-1.000
Wkly_upswing,2024-02-12,FCL,2024-02-16,triggered,44.995,2024-02-19,45.885,42.214,53.227,2024-02-22,42.214,stop,-8.250,-1.000
Wkly_upswing,2024-02-12,NATCOPHARM,2024-02-16,triggered,1051.000,2024-02-19,1051.000,966.920,1219.160,2024-03-12,966.920,stop,-8.250,-1.000
Wkly_upswing,2024-02-19,ACI,2024-02-23,triggered,799.850,2024-02-26,799.850,735.862,927.826,2024-02-29,735.862,stop,-8.250,-1.000
Wkly_upswing,2024-02-19,JAGRAN,2024-02-23,triggered,128.350,2024-02-26,128.350,118.082,148.886,2024-02-28,118.082,stop,-8.250,-1.000
Wkly_upswing,2024-02-19,QUESS,2024-02-23,not_triggered,582.000,,,,,,,,,
Wkly_upswing,2024-02-19,SBILIFE,2024-02-23,triggered,1536.250,2024-02-26,1536.250,1470.200,1668.350,2024-03-14,1470.200,stop,-4.549,-1.000
Wkly_upswing,2024-02-19,TIRUMALCHM,2024-02-23,not_triggered,268.650,,,,,,,,,
Wkly_upswing,2024-02-19,VIPULLTD,2024-02-23,triggered,23.550,2024-02-26,24.700,22.724,28.652,2024-03-01,29.900,target_gap,20.803,2.632
Wkly_upswing,2024-02-26,HAVELLS,2024-03-01,triggered,1550.000,2024-03-04,1588.000,1460.960,1842.080,2024-03-14,1460.960,stop,-8.250,-1.000
Wkly_upswing,2024-02-26,HITECHGEAR,2024-03-01,triggered,558.800,2024-03-04,568.400,522.928,659.344,2024-03-06,522.928,stop,-8.250,-1.000
Wkly_upswing,2024-02-26,INDOSTAR,2024-03-01,not_triggered,231.600,,,,,,,,,
Wkly_upswing,2024-02-26,SEJALLTD,2024-03-01,triggered,351.850,2024-03-04,387.850,356.822,449.906,2024-03-11,356.822,stop,-8.250,-1.000
Wkly_upswing,2024-03-04,GLENMARK,2024-03-07,triggered,964.300,2024-03-11,964.300,903.150,1086.600,2024-03-13,903.150,stop,-6.591,-1.000
Wkly_upswing,2024-03-04,PIDILITIND,2024-03-07,not_triggered,1481.350,,,,,,,,,
Wkly_upswing,2024-03-04,RALLIS,2024-03-07,not_triggered,294.400,,,,,,,,,
Wkly_upswing,2024-03-18,CGPOWER,2024-03-22,triggered,549.950,2024-03-27,549.950,505.954,637.942,2024-04-04,505.954,stop,-8.250,-1.000
Wkly_upswing,2024-03-18,RELINFRA,2024-03-22,triggered,286.650,2024-03-26,286.650,263.718,332.514,2024-04-10,263.718,stop,-8.250,-1.000
Wkly_upswing,2024-03-26,JTEKTINDIA,2024-03-28,not_triggered,188.000,,,,,,,,,
Wkly_upswing,2024-04-01,EPIGRAL,2024-04-05,triggered,1398.800,2024-04-08,1398.800,1286.896,1622.608,2024-04-15,1286.896,stop,-8.250,-1.000
Wkly_upswing,2024-04-01,GVPIL,2024-04-05,not_triggered,369.000,,,,,,,,,
Wkly_upswing,2024-04-01,HGINFRA,2024-04-05,triggered,1098.850,2024-04-08,1098.850,1010.942,1274.666,2024-04-19,1010.942,stop,-8.250,-1.000
Wkly_upswing,2024-04-01,INDOSTAR,2024-04-05,triggered,259.500,2024-04-08,259.500,238.740,301.020,2024-04-08,238.740,stop,-8.250,-1.000
Wkly_upswing,2024-04-01,INDSWFTLAB,2024-04-05,triggered,130.500,2024-04-08,130.500,120.060,151.380,2024-04-15,120.060,stop,-8.250,-1.000
Wkly_upswing,2024-04-01,KEYFINSERV,2024-04-05,triggered,199.350,2024-04-08,217.000,199.640,251.720,2024-04-12,199.640,stop,-8.250,-1.000
Wkly_upswing,2024-04-01,LATENTVIEW,2024-04-05,triggered,560.800,2024-04-08,560.800,515.936,650.528,2024-04-15,515.936,stop,-8.250,-1.000
Wkly_upswing,2024-04-01,LOKESHMACH,2024-04-05,not_triggered,469.950,,,,,,,,,
Wkly_upswing,2024-04-01,MAHLIFE,2024-04-05,not_triggered,669.500,,,,,,,,,
Wkly_upswing,2024-04-01,MMP,2024-04-05,not_triggered,309.900,,,,,,,,,
Wkly_upswing,2024-04-01,MUTHOOTFIN,2024-04-05,triggered,1674.450,2024-04-08,1674.450,1540.494,1942.362,2024-05-09,1540.494,stop,-8.250,-1.000
Wkly_upswing,2024-04-01,RPOWER,2024-04-05,not_triggered,34.450,,,,,,,,,
Wkly_upswing,2024-04-01,SURANASOL,2024-04-05,triggered,46.750,2024-04-08,46.750,43.010,54.230,2024-04-09,42.250,stop_gap,-9.876,-1.203
Wkly_upswing,2024-04-01,VISACHROME,2024-04-05,triggered,24.450,2024-04-08,25.600,23.552,29.696,2024-04-08,23.552,stop,-8.250,-1.000
Wkly_upswing,2024-04-01,ZENSARTECH,2024-04-05,triggered,637.000,2024-04-08,638.400,598.350,718.500,2024-04-15,598.350,stop,-6.523,-1.000
Wkly_upswing,2024-04-08,AEGISLOG,2024-04-12,triggered,485.000,2024-04-15,485.000,446.200,562.600,2024-04-24,562.600,target,15.750,2.000
Wkly_upswing,2024-04-08,BHAGYANGR,2024-04-12,not_triggered,125.950,,,,,,,,,
Wkly_upswing,2024-04-08,DOLATALGO,2024-04-12,triggered,97.350,2024-04-16,97.350,89.562,112.926,2024-04-16,89.562,stop,-8.250,-1.000
Wkly_upswing,2024-04-08,ELDEHSG,2024-04-12,triggered,1044.900,2024-04-19,1044.900,961.308,1212.084,2024-05-09,961.308,stop,-8.250,-1.000
Wkly_upswing,2024-04-08,EXIDEIND,2024-04-12,triggered,403.000,2024-04-15,403.000,370.760,467.480,2024-04-16,467.480,target,15.750,2.000
Wkly_upswing,2024-04-08,GLOBALVECT,2024-04-12,triggered,158.750,2024-04-15,166.650,153.318,193.314,2024-04-22,202.400,target_gap,21.202,2.682
Wkly_upswing,2024-04-08,KSB,2024-04-12,triggered,890.220,2024-04-18,890.220,819.002,1032.655,2024-04-26,1032.655,target,15.750,2.000
Wkly_upswing,2024-04-08,MINDTECK,2024-04-12,triggered,237.440,2024-04-15,237.440,218.445,275.430,2024-05-07,275.430,target,15.750,2.000
Wkly_upswing,2024-04-08,MODIRUBBER,2024-04-12,triggered,118.200,2024-04-15,120.000,110.400,139.200,2024-04-16,109.800,stop_gap,-8.750,-1.063
Wkly_upswing,2024-04-08,PURVA,2024-04-12,triggered,324.050,2024-04-15,324.050,298.126,375.898,2024-04-16,375.898,target,15.750,2.000
Wkly_upswing,2024-04-08,REDTAPE,2024-04-12,not_triggered,736.550,,,,,,,,,
Wkly_upswing,2024-04-08,VGUARD,2024-04-12,not_triggered,353.800,,,,,,,,,
Wkly_upswing,2024-04-15,AAATECH,2024-04-19,not_triggered,147.000,,,,,,,,,
Wkly_upswing,2024-04-15,ANTELOPUS,2024-04-19,not_triggered,683.700,,,,,,,,,
Wkly_upswing,2024-04-15,ELECON,2024-04-19,triggered,598.975,2024-04-22,617.500,568.100,716.300,2024-04-23,568.100,stop,-8.250,-1.000
Wkly_upswing,2024-04-15,JUSTDIAL,2024-04-19,triggered,1079.000,2024-04-22,1084.000,997.280,1257.440,2024-05-09,997.280,stop,-8.250,-1.000
Wkly_upswing,2024-04-15,KSCL,2024-04-19,triggered,763.000,2024-04-22,763.000,701.960,885.080,2024-04-26,885.080,target,15.750,2.000
Wkly_upswing,2024-04-15,REPCOHOME,2024-04-19,triggered,515.000,2024-04-22,515.000,473.800,597.400,2024-05-10,473.800,stop,-8.250,-1.000
Wkly_upswing,2024-04-15,SURYODAY,2024-04-19,triggered,215.500,2024-04-22,215.500,198.260,249.980,2024-05-07,198.260,stop,-8.250,-1.000
Wkly_upswing,2024-04-15,THOMASCOOK,2024-04-19,triggered,204.800,2024-04-22,204.800,188.416,237.568,2024-05-22,216.250,time,5.341,0.699
Wkly_upswing,2024-04-15,VSTIND,2024-04-19,triggered,366.314,2024-04-24,366.314,337.009,424.924,2024-05-24,362.714,time,-1.233,-0.123
Wkly_upswing,2024-04-22,BIGBLOC,2024-04-26,triggered,131.450,2024-05-06,131.450,120.934,152.482,2024-05-06,120.934,stop,-8.250,-1.000
Wkly_upswing,2024-04-22,GANDHITUBE,2024-04-26,triggered,878.000,2024-05-06,878.000,807.760,1018.480,2024-05-09,807.760,stop,-8.250,-1.000
Wkly_upswing,2024-04-22,GEOJITFSL,2024-04-26,triggered,96.700,2024-04-29,96.700,88.964,112.172,2024-05-21,112.172,target,15.750,2.000
Wkly_upswing,2024-04-22,GRSE,2024-04-26,not_triggered,1077.850,,,,,,,,,
Wkly_upswing,2024-04-22,HAVELLS,2024-04-26,triggered,1652.700,2024-04-29,1656.500,1523.980,1921.540,2024-05-24,1921.540,target,15.750,2.000
Wkly_upswing,2024-04-22,MAZDOCK,2024-04-26,not_triggered,1262.400,,,,,,,,,
Wkly_upswing,2024-04-22,MOIL,2024-04-26,triggered,443.000,2024-05-02,443.000,407.560,513.880,2024-05-09,407.560,stop,-8.250,-1.000
Wkly_upswing,2024-04-22,PRECOT,2024-04-26,not_triggered,417.000,,,,,,,,,
Wkly_upswing,2024-04-22,PRICOLLTD,2024-04-26,not_triggered,448.300,,,,,,,,,
Wkly_upswing,2024-04-22,SILGO,2024-04-26,triggered,40.550,2024-05-03,40.550,37.306,47.038,2024-05-03,37.306,stop,-8.250,-1.000
Wkly_upswing,2024-04-22,SOMATEX,2024-04-26,not_triggered,42.200,,,,,,,,,
Wkly_upswing,2024-04-22,STEELCITY,2024-04-26,not_triggered,105.800,,,,,,,,,
Wkly_upswing,2024-04-22,STYRENIX,2024-04-26,triggered,1733.000,2024-05-06,1733.000,1594.360,2010.280,2024-05-06,1594.360,stop,-8.250,-1.000
Wkly_upswing,2024-04-22,TEJASNET,2024-04-26,triggered,1135.000,2024-04-30,1135.000,1044.200,1316.600,2024-05-07,1044.200,stop,-8.250,-1.000
Wkly_upswing,2024-04-22,UNIVCABLES,2024-04-26,not_triggered,611.950,,,,,,,,,
Wkly_upswing,2024-04-22,UTIAMC,2024-04-26,not_triggered,1005.000,,,,,,,,,
Wkly_upswing,2024-04-22,VESUVIUS,2024-04-26,triggered,445.400,2024-04-30,475.500,437.460,551.580,2024-05-02,437.460,stop,-8.250,-1.000
Wkly_upswing,2024-04-29,LEMONTREE,2024-05-03,not_triggered,158.000,,,,,,,,,
Wkly_upswing,2024-04-29,PDMJEPAPER,2024-05-03,triggered,92.700,2024-05-09,92.700,85.284,107.532,2024-05-10,85.284,stop,-8.250,-1.000
Wkly_upswing,2024-04-29,RANEHOLDIN,2024-05-03,triggered,1446.800,2024-05-06,1446.800,1331.056,1678.288,2024-05-09,1331.056,stop,-8.250,-1.000
Wkly_upswing,2024-04-29,VEEDOL,2024-05-03,not_triggered,1870.000,,,,,,,,,
Wkly_upswing,2024-05-06,SARLAPOLY,2024-05-10,triggered,81.250,2024-05-14,81.250,74.750,94.250,2024-05-21,96.000,target_gap,17.904,2.269
Wkly_upswing,2024-05-06,ZYDUSWELL,2024-05-10,triggered,347.100,2024-05-14,347.100,324.010,393.280,2024-06-12,393.280,target,13.055,2.000
Wkly_upswing,2024-05-13,AARTIPHARM,2024-05-17,triggered,624.050,2024-05-22,624.050,574.126,723.898,2024-05-22,574.126,stop,-8.250,-1.000
Wkly_upswing,2024-05-13,AVONMORE,2024-05-17,triggered,13.480,2024-05-21,13.875,12.765,16.095,2024-05-23,12.765,stop,-8.250,-1.000
Wkly_upswing,2024-05-13,EDELWEISS,2024-05-17,triggered,85.950,2024-05-21,87.100,80.132,101.036,2024-05-27,80.132,stop,-8.250,-1.000
Wkly_upswing,2024-05-13,INDIANHUME,2024-05-17,triggered,328.650,2024-05-21,337.400,310.408,391.384,2024-05-30,310.408,stop,-8.250,-1.000
Wkly_upswing,2024-05-13,JSWINFRA,2024-05-17,triggered,275.500,2024-05-21,275.500,253.460,319.580,2024-06-05,253.460,stop,-8.250,-1.000
Wkly_upswing,2024-05-13,OBEROIRLTY,2024-05-17,triggered,1771.450,2024-05-22,1771.450,1629.734,2054.882,2024-06-04,1629.734,stop,-8.250,-1.000
Wkly_upswing,2024-05-13,PENINLAND,2024-05-17,not_triggered,72.950,,,,,,,,,
Wkly_upswing,2024-05-13,TAINWALCHM,2024-05-17,triggered,167.700,2024-05-21,174.750,160.770,202.710,2024-05-23,212.000,target_gap,21.066,2.665
Wkly_upswing,2024-05-13,UMIYA-MRO,2024-05-17,not_triggered,116.200,,,,,,,,,
Wkly_upswing,2024-05-21,ALICON,2024-05-24,triggered,1134.900,2024-05-27,1145.900,1054.228,1329.244,2024-05-30,1054.228,stop,-8.250,-1.000
Wkly_upswing,2024-05-21,CIEINDIA,2024-05-24,triggered,556.950,2024-05-27,557.000,512.440,646.120,2024-06-04,512.440,stop,-8.250,-1.000
Wkly_upswing,2024-05-21,DREDGECORP,2024-05-24,triggered,1032.700,2024-05-27,1048.400,964.528,1216.144,2024-05-28,957.000,stop_gap,-8.968,-1.090
Wkly_upswing,2024-05-21,FINCABLES,2024-05-24,triggered,1363.300,2024-05-27,1363.300,1254.236,1581.428,2024-06-10,1581.428,target,15.750,2.000
Wkly_upswing,2024-05-21,PARAS,2024-05-24,triggered,887.000,2024-05-27,887.000,816.040,1028.920,2024-06-04,816.040,stop,-8.250,-1.000
Wkly_upswing,2024-05-21,PODDARMENT,2024-05-24,not_triggered,427.400,,,,,,,,,
Wkly_upswing,2024-05-21,SANDHAR,2024-05-24,not_triggered,575.000,,,,,,,,,
Wkly_upswing,2024-05-21,SJS,2024-05-24,not_triggered,745.000,,,,,,,,,
Wkly_upswing,2024-05-21,UNOMINDA,2024-05-24,triggered,880.000,2024-05-30,880.000,809.600,1020.800,2024-06-04,809.600,stop,-8.250,-1.000
Wkly_upswing,2024-05-27,ATLANTAA,2024-05-31,triggered,37.800,2024-06-03,37.950,34.914,44.022,2024-06-24,44.620,target_gap,17.326,2.197
Wkly_upswing,2024-05-27,KNRCON,2024-05-31,triggered,330.700,2024-06-03,348.900,320.988,404.724,2024-06-04,320.988,stop,-8.250,-1.000
Wkly_upswing,2024-06-03,ABSLAMC,2024-06-07,triggered,595.000,2024-06-10,596.650,548.918,692.114,2024-06-14,701.900,target_gap,17.390,2.205
Wkly_upswing,2024-06-03,BIRLAMONEY,2024-06-07,triggered,158.400,2024-06-10,158.700,146.004,184.092,2024-07-09,161.310,time,1.395,0.206
Wkly_upswing,2024-06-03,GREENPLY,2024-06-07,triggered,289.400,2024-06-10,289.400,266.248,335.704,2024-06-25,335.704,target,15.750,2.000
Wkly_upswing,2024-06-03,KCP,2024-06-07,triggered,252.800,2024-06-10,257.950,237.314,299.222,2024-06-11,237.314,stop,-8.250,-1.000
Wkly_upswing,2024-06-03,PENIND,2024-06-07,triggered,172.000,2024-06-10,174.300,160.356,202.188,2024-07-09,170.720,time,-2.304,-0.257
Wkly_upswing,2024-06-10,AMNPLST,2024-06-14,triggered,261.200,2024-06-18,262.850,241.822,304.906,2024-06-27,309.900,target_gap,17.650,2.237
Wkly_upswing,2024-06-10,ANTELOPUS,2024-06-14,not_triggered,792.450,,,,,,,,,
Wkly_upswing,2024-06-10,AURIONPRO,2024-06-14,triggered,1373.325,2024-06-18,1405.000,1292.600,1629.800,2024-07-08,1650.000,target_gap,17.188,2.180
Wkly_upswing,2024-06-10,BAJAJHIND,2024-06-14,triggered,43.500,2024-06-19,43.500,40.020,50.460,2024-06-19,40.020,stop,-8.250,-1.000
Wkly_upswing,2024-06-10,BLKASHYAP,2024-06-14,triggered,94.750,2024-06-19,94.750,87.170,109.910,2024-07-16,109.910,target,15.750,2.000
Wkly_upswing,2024-06-10,CHEMPLASTS,2024-06-14,not_triggered,633.900,,,,,,,,,
Wkly_upswing,2024-06-10,DGCONTENT,2024-06-14,triggered,28.680,2024-06-18,30.110,27.701,34.928,2024-06-26,35.000,target_gap,15.990,2.030
Wkly_upswing,2024-06-10,ELECON,2024-06-14,triggered,677.750,2024-06-24,677.750,623.530,786.190,2024-07-10,623.530,stop,-8.250,-1.000
Wkly_upswing,2024-06-10,ESSARSHPNG,2024-06-14,triggered,47.920,2024-06-18,47.920,44.086,55.587,2024-06-20,57.190,target_gap,19.095,2.418
Wkly_upswing,2024-06-10,FEDERALBNK,2024-06-14,triggered,175.100,2024-06-18,175.100,162.770,199.760,2024-07-16,195.350,time,11.315,1.642
Wkly_upswing,2024-06-10,GIPCL,2024-06-14,triggered,238.400,2024-06-18,241.000,221.720,279.560,2024-07-16,259.170,time,7.289,0.942
Wkly_upswing,2024-06-10,HCC,2024-06-14,triggered,51.180,2024-06-20,51.180,47.086,59.369,2024-06-27,47.086,stop,-8.250,-1.000
Wkly_upswing,2024-06-10,JISLJALEQS,2024-06-14,triggered,79.510,2024-06-20,79.510,73.149,92.232,2024-07-03,73.149,stop,-8.250,-1.000
Wkly_upswing,2024-06-10,JKPAPER,2024-06-14,triggered,498.000,2024-06-18,498.000,458.160,577.680,2024-07-02,577.680,target,15.750,2.000
Wkly_upswing,2024-06-10,JTEKTINDIA,2024-06-14,triggered,195.000,2024-06-18,196.200,180.504,227.592,2024-07-16,210.160,time,6.865,0.889
Wkly_upswing,2024-06-10,KMSUGAR,2024-06-14,not_triggered,50.400,,,,,,,,,
Wkly_upswing,2024-06-10,LUMAXTECH,2024-06-14,triggered,535.600,2024-06-20,535.600,492.752,621.296,2024-07-19,544.100,time,1.337,0.198
Wkly_upswing,2024-06-10,MAHEPC,2024-06-14,not_triggered,179.650,,,,,,,,,
Wkly_upswing,2024-06-10,MANALIPETC,2024-06-14,triggered,92.000,2024-06-19,92.000,84.640,106.720,2024-07-18,97.130,time,5.326,0.697
Wkly_upswing,2024-06-10,MARINE,2024-06-14,triggered,147.100,2024-06-18,153.800,141.496,178.408,2024-07-03,178.900,target_gap,16.070,2.040
Wkly_upswing,2024-06-10,MAWANASUG,2024-06-14,triggered,124.560,2024-06-19,124.560,114.595,144.490,2024-07-02,114.595,stop,-8.250,-1.000
Wkly_upswing,2024-06-10,PETRONET,2024-06-14,triggered,327.850,2024-06-24,327.850,301.622,380.306,2024-07-23,333.550,time,1.489,0.217
Wkly_upswing,2024-06-10,RALLIS,2024-06-14,triggered,328.200,2024-06-18,328.200,301.944,380.712,2024-07-16,352.150,time,7.047,0.912
Wkly_upswing,2024-06-10,SHRIRAMFIN,2024-06-14,triggered,549.400,2024-06-18,549.790,505.807,637.756,2024-07-16,562.700,time,2.098,0.294
Wkly_upswing,2024-06-10,STAR,2024-06-14,triggered,990.000,2024-06-18,990.000,910.800,1148.400,2024-07-12,910.800,stop,-8.250,-1.000
Wkly_upswing,2024-06-10,TEXINFRA,2024-06-14,triggered,140.850,2024-06-21,140.850,129.582,163.386,2024-06-21,129.582,stop,-8.250,-1.000
Wkly_upswing,2024-06-10,TIRUMALCHM,2024-06-14,triggered,309.400,2024-06-18,313.900,288.788,364.124,2024-07-16,311.050,time,-1.158,-0.113
Wkly_upswing,2024-06-10,USHAMART,2024-06-14,not_triggered,423.950,,,,,,,,,
Wkly_upswing,2024-06-10,USK,2024-06-14,triggered,74.130,2024-06-21,74.130,68.200,85.991,2024-06-21,68.200,stop,-8.250,-1.000
Wkly_upswing,2024-06-10,VBL,2024-06-14,triggered,660.000,2024-06-18,660.000,609.200,761.600,2024-07-16,639.600,time,-3.341,-0.402
Wkly_upswing,2024-06-10,ZOTA,2024-06-14,triggered,623.850,2024-06-18,628.000,577.760,728.480,2024-06-24,577.760,stop,-8.250,-1.000
Wkly_upswing,2024-06-18,360ONE,2024-06-21,triggered,864.500,2024-06-26,864.500,795.340,1002.820,2024-06-28,1002.820,target,15.750,2.000
Wkly_upswing,2024-06-18,AARTIPHARM,2024-06-21,not_triggered,653.000,,,,,,,,,
Wkly_upswing,2024-06-18,ALEMBICLTD,2024-06-21,triggered,113.860,2024-06-24,113.860,104.751,132.078,2024-07-08,132.078,target,15.750,2.000
Wkly_upswing,2024-06-18,ASAHIINDIA,2024-06-21,triggered,690.000,2024-06-24,690.000,634.800,800.400,2024-07-19,634.800,stop,-8.250,-1.000
Wkly_upswing,2024-06-18,BEPL,2024-06-21,not_triggered,137.600,,,,,,,,,
Wkly_upswing,2024-06-18,BYKE,2024-06-21,triggered,88.000,2024-06-24,88.050,81.006,102.138,2024-06-28,81.006,stop,-8.250,-1.000
Wkly_upswing,2024-06-18,ELGIEQUIP,2024-06-21,triggered,750.000,2024-06-24,750.000,690.000,870.000,2024-07-11,690.000,stop,-8.250,-1.000
Wkly_upswing,2024-06-18,EMBDL,2024-06-21,triggered,162.920,2024-06-24,162.920,149.886,188.987,2024-06-27,149.886,stop,-8.250,-1.000
Wkly_upswing,2024-06-18,FACT,2024-06-21,not_triggered,1187.000,,,,,,,,,
Wkly_upswing,2024-06-18,GTLINFRA,2024-06-21,triggered,2.580,2024-06-24,2.640,2.429,3.062,2024-06-27,3.110,target_gap,17.553,2.225
Wkly_upswing,2024-06-18,HUHTAMAKI,2024-06-21,triggered,381.000,2024-06-24,381.000,350.520,441.960,2024-07-23,386.350,time,1.154,0.176
Wkly_upswing,2024-06-18,KALYANIFRG,2024-06-21,not_triggered,727.300,,,,,,,,,
Wkly_upswing,2024-06-18,KALYANKJIL,2024-06-21,triggered,464.950,2024-06-27,464.950,427.754,539.342,2024-06-28,539.342,target,15.750,2.000
Wkly_upswing,2024-06-18,MARATHON,2024-06-21,not_triggered,618.400,,,,,,,,,
Wkly_upswing,2024-06-18,PENINLAND,2024-06-21,triggered,74.800,2024-06-24,74.800,68.816,86.768,2024-07-10,68.816,stop,-8.250,-1.000
Wkly_upswing,2024-06-18,PRICOLLTD,2024-06-21,not_triggered,515.000,,,,,,,,,
Wkly_upswing,2024-06-18,RKFORGE,2024-06-21,triggered,930.000,2024-06-24,930.000,855.600,1078.800,2024-07-19,855.600,stop,-8.250,-1.000
Wkly_upswing,2024-06-18,SURANAT&P,2024-06-21,triggered,24.300,2024-06-25,24.300,22.356,28.188,2024-07-04,29.550,target_gap,21.355,2.701
Wkly_upswing,2024-06-18,TICL,2024-06-21,triggered,53.610,2024-06-24,53.610,49.321,62.188,2024-07-01,48.600,stop_gap,-9.595,-1.168
Wkly_upswing,2024-06-18,TIRUPATIFL,2024-06-21,not_triggered,28.200,,,,,,,,,
Wkly_upswing,2024-06-18,WINDMACHIN,2024-06-21,triggered,156.550,2024-06-24,156.550,144.026,181.598,2024-06-24,144.026,stop,-8.250,-1.000
Wkly_upswing,2024-06-24,BBOX,2024-06-28,triggered,384.380,2024-07-01,384.380,353.630,445.881,2024-07-26,457.100,target_gap,18.669,2.365
Wkly_upswing,2024-06-24,BOMDYEING,2024-06-28,triggered,214.500,2024-07-01,214.500,197.340,248.820,2024-07-23,197.340,stop,-8.250,-1.000
Wkly_upswing,2024-06-24,CDSL,2024-06-28,triggered,1203.700,2024-07-01,1210.000,1113.200,1403.600,2024-07-23,1113.200,stop,-8.250,-1.000
Wkly_upswing,2024-06-24,CESC,2024-06-28,not_triggered,171.200,,,,,,,,,
Wkly_upswing,2024-06-24,EMSLIMITED,2024-06-28,triggered,675.000,2024-07-01,675.000,621.000,783.000,2024-07-19,621.000,stop,-8.250,-1.000
Wkly_upswing,2024-06-24,IDEA,2024-06-28,not_triggered,19.180,,,,,,,,,
Wkly_upswing,2024-06-24,KAVDEFENCE,2024-06-28,triggered,21.560,2024-07-01,21.990,20.231,25.508,2024-07-11,25.710,target_gap,16.667,2.115
Wkly_upswing,2024-06-24,LGBBROSLTD,2024-06-28,triggered,1479.950,2024-07-01,1479.950,1361.554,1716.742,2024-07-23,1361.554,stop,-8.250,-1.000
Wkly_upswing,2024-06-24,MGL,2024-06-28,triggered,1628.000,2024-07-01,1628.000,1497.760,1888.480,2024-07-30,1888.480,target,15.750,2.000
Wkly_upswing,2024-06-24,NAUKRI,2024-06-28,triggered,1363.990,2024-07-01,1363.990,1258.750,1574.470,2024-07-30,1401.960,time,2.534,0.361
Wkly_upswing,2024-06-24,ROSSELLIND,2024-06-28,not_triggered,600.850,,,,,,,,,
Wkly_upswing,2024-06-24,SHILPAMED,2024-06-28,triggered,304.000,2024-07-05,304.000,279.680,352.640,2024-07-30,352.640,target,15.750,2.000
Wkly_upswing,2024-06-24,SOMANYCERA,2024-06-28,not_triggered,872.600,,,,,,,,,
Wkly_upswing,2024-06-24,STYLAMIND,2024-06-28,triggered,2020.550,2024-07-02,2020.550,1858.906,2343.838,2024-07-23,1858.906,stop,-8.250,-1.000
Wkly_upswing,2024-07-01,ALANKIT,2024-07-05,not_triggered,26.400,,,,,,,,,
Wkly_upswing,2024-07-01,AMRUTANJAN,2024-07-05,not_triggered,825.150,,,,,,,,,
Wkly_upswing,2024-07-01,AWHCL,2024-07-05,triggered,612.000,2024-07-08,612.000,563.040,709.920,2024-07-10,563.040,stop,-8.250,-1.000
Wkly_upswing,2024-07-01,CASTROLIND,2024-07-05,triggered,260.000,2024-07-09,260.000,239.200,301.600,2024-07-23,239.200,stop,-8.250,-1.000
Wkly_upswing,2024-07-01,CONCORDBIO,2024-07-05,triggered,1745.000,2024-07-10,1745.000,1605.400,2024.200,2024-08-01,1605.400,stop,-8.250,-1.000
Wkly_upswing,2024-07-01,EPIGRAL,2024-07-05,not_triggered,1584.000,,,,,,,,,
Wkly_upswing,2024-07-01,FDC,2024-07-05,not_triggered,521.650,,,,,,,,,
Wkly_upswing,2024-07-01,LAURUSLABS,2024-07-05,triggered,481.450,2024-07-08,481.450,442.934,558.482,2024-07-19,442.934,stop,-8.250,-1.000
Wkly_upswing,2024-07-01,MARKSANS,2024-07-05,triggered,189.250,2024-07-08,190.020,174.818,220.423,2024-08-06,189.300,time,-0.629,-0.047
Wkly_upswing,2024-07-01,MMFL,2024-07-05,triggered,676.000,2024-07-12,676.000,621.920,784.160,2024-07-19,621.920,stop,-8.250,-1.000
Wkly_upswing,2024-07-01,RECLTD,2024-07-05,triggered,587.050,2024-07-08,587.050,540.086,680.978,2024-08-06,565.450,time,-3.929,-0.460
Wkly_upswing,2024-07-01,SOLARA,2024-07-05,triggered,597.350,2024-07-08,597.350,552.200,687.650,2024-07-19,552.000,stop_gap,-7.842,-1.004
Wkly_upswing,2024-07-01,SOTL,2024-07-05,triggered,654.900,2024-07-09,654.900,602.508,759.684,2024-07-15,602.508,stop,-8.250,-1.000
Wkly_upswing,2024-07-01,SUNFLAG,2024-07-05,triggered,268.000,2024-07-08,268.000,246.560,310.880,2024-07-18,246.560,stop,-8.250,-1.000
Wkly_upswing,2024-07-01,WALCHANNAG,2024-07-05,triggered,300.320,2024-07-08,304.850,280.462,353.626,2024-07-11,355.000,target_gap,16.201,2.056
Wkly_upswing,2024-07-08,ARTEMISMED,2024-07-12,triggered,224.600,2024-07-15,224.600,206.632,260.536,2024-07-23,206.632,stop,-8.250,-1.000
Wkly_upswing,2024-07-08,BIGBLOC,2024-07-12,triggered,144.850,2024-07-18,144.850,133.262,168.026,2024-07-19,133.262,stop,-8.250,-1.000
Wkly_upswing,2024-07-08,DRREDDY,2024-07-12,triggered,1349.000,2024-07-15,1350.000,1286.190,1477.620,2024-08-13,1389.680,time,2.689,0.622
Wkly_upswing,2024-07-08,INOXWIND,2024-07-12,triggered,175.000,2024-07-15,175.000,161.000,203.000,2024-07-18,161.000,stop,-8.250,-1.000
Wkly_upswing,2024-07-08,INSPIRISYS,2024-07-12,triggered,137.900,2024-07-15,140.870,129.600,163.409,2024-07-29,166.500,target_gap,17.944,2.274
Wkly_upswing,2024-07-08,JUBLINGREA,2024-07-12,triggered,614.400,2024-07-15,614.400,565.248,712.704,2024-07-18,565.248,stop,-8.250,-1.000
Wkly_upswing,2024-07-08,PCJEWELLER,2024-07-12,triggered,7.090,2024-07-15,7.100,6.532,8.236,2024-07-26,8.581,target_gap,20.609,2.607
Wkly_upswing,2024-07-08,SBILIFE,2024-07-12,triggered,1570.000,2024-07-15,1570.000,1508.250,1693.500,2024-07-25,1693.500,target,7.616,2.000
Wkly_upswing,2024-07-08,TEGA,2024-07-12,not_triggered,1917.850,,,,,,,,,
Wkly_upswing,2024-07-15,GEOJITFSL,2024-07-19,not_triggered,125.500,,,,,,,,,
Wkly_upswing,2024-07-15,JUSTDIAL,2024-07-19,triggered,1304.600,2024-07-22,1304.600,1200.232,1513.336,2024-07-23,1200.232,stop,-8.250,-1.000
Wkly_upswing,2024-07-15,MANOMAY,2024-07-19,triggered,255.460,2024-07-26,255.460,235.023,296.334,2024-07-31,296.334,target,15.750,2.000
Wkly_upswing,2024-07-15,MINDTECK,2024-07-19,triggered,328.800,2024-07-26,336.880,309.930,390.781,2024-08-09,309.930,stop,-8.250,-1.000
Wkly_upswing,2024-07-15,PETRONET,2024-07-19,triggered,355.750,2024-07-24,355.750,338.250,390.750,2024-07-24,338.250,stop,-5.169,-1.000
Wkly_upswing,2024-07-15,QUICKHEAL,2024-07-19,triggered,633.300,2024-07-22,633.300,582.636,734.628,2024-07-23,582.636,stop,-8.250,-1.000
Wkly_upswing,2024-07-15,SBIN,2024-07-19,not_triggered,899.000,,,,,,,,,
Wkly_upswing,2024-07-15,VSTIND,2024-07-19,not_triggered,440.886,,,,,,,,,
Wkly_upswing,2024-07-22,ARVSMART,2024-07-26,not_triggered,826.000,,,,,,,,,
Wkly_upswing,2024-07-22,ASALCBR,2024-07-26,triggered,818.000,2024-07-29,852.650,784.438,989.074,2024-08-05,784.438,stop,-8.250,-1.000
Wkly_upswing,2024-07-22,ELECTCAST,2024-07-26,triggered,217.800,2024-07-30,217.800,200.376,252.648,2024-08-05,200.376,stop,-8.250,-1.000
Wkly_upswing,2024-07-22,FORTIS,2024-07-26,not_triggered,532.250,,,,,,,,,
Wkly_upswing,2024-07-22,HDFCLIFE,2024-07-26,triggered,709.800,2024-07-29,709.800,653.016,823.368,2024-08-27,739.550,time,3.941,0.524
Wkly_upswing,2024-07-22,INDBANK,2024-07-26,triggered,58.100,2024-07-29,58.100,53.452,67.396,2024-08-01,53.452,stop,-8.250,-1.000
Wkly_upswing,2024-07-22,KARURVYSYA,2024-07-26,triggered,191.117,2024-07-29,191.117,175.827,221.695,2024-08-05,175.827,stop,-8.250,-1.000
Wkly_upswing,2024-07-22,NEWGEN,2024-07-26,not_triggered,1156.950,,,,,,,,,
Wkly_upswing,2024-07-22,NTPC,2024-07-26,triggered,399.500,2024-07-29,404.000,371.680,468.640,2024-08-27,409.650,time,1.149,0.175
Wkly_upswing,2024-07-22,PANSARI,2024-07-26,triggered,140.490,2024-07-29,147.510,135.709,171.112,2024-07-31,133.120,stop_gap,-10.005,-1.219
Wkly_upswing,2024-07-22,PIGL,2024-07-26,triggered,100.180,2024-07-29,105.180,96.766,122.009,2024-08-07,124.330,target_gap,17.957,2.276
Wkly_upswing,2024-07-22,QUESS,2024-07-26,triggered,729.900,2024-07-29,729.900,671.508,846.684,2024-08-05,655.050,stop_gap,-10.505,-1.282
Wkly_upswing,2024-07-22,SIKKO,2024-07-26,triggered,5.605,2024-07-29,5.739,5.280,6.657,2024-08-02,5.280,stop,-8.250,-1.000
Wkly_upswing,2024-07-22,STAR,2024-07-26,triggered,1032.000,2024-07-29,1032.000,949.440,1197.120,2024-08-14,1197.120,target,15.750,2.000
Wkly_upswing,2024-07-29,ADANIPORTS,2024-08-02,not_triggered,1604.950,,,,,,,,,
Wkly_upswing,2024-07-29,ANTELOPUS,2024-08-02,not_triggered,1045.000,,,,,,,,,
Wkly_upswing,2024-07-29,ESTER,2024-08-02,not_triggered,161.100,,,,,,,,,
Wkly_upswing,2024-07-29,GHCL,2024-08-02,not_triggered,662.000,,,,,,,,,
Wkly_upswing,2024-07-29,IEX,2024-08-02,triggered,197.800,2024-08-07,197.800,181.976,229.448,2024-09-05,209.340,time,5.584,0.729
Wkly_upswing,2024-07-29,JINDALSAW,2024-08-02,triggered,332.000,2024-08-09,332.000,305.440,385.120,2024-08-14,305.440,stop,-8.250,-1.000
Wkly_upswing,2024-07-29,KFINTECH,2024-08-02,triggered,898.000,2024-08-08,898.000,826.160,1041.680,2024-08-09,1041.680,target,15.750,2.000
Wkly_upswing,2024-07-29,KNRCON,2024-08-02,not_triggered,415.400,,,,,,,,,
Wkly_upswing,2024-07-29,KOKUYOCMLN,2024-08-02,not_triggered,193.880,,,,,,,,,
Wkly_upswing,2024-07-29,MCX,2024-08-02,triggered,880.000,2024-08-09,880.000,825.000,990.000,2024-08-28,990.000,target,12.250,2.000
Wkly_upswing,2024-07-29,PRICOLLTD,2024-08-02,not_triggered,542.500,,,,,,,,,
Wkly_upswing,2024-07-29,SAPPHIRE,2024-08-02,not_triggered,363.440,,,,,,,,,
Wkly_upswing,2024-07-29,SJS,2024-08-02,triggered,1020.000,2024-08-08,1020.000,938.400,1183.200,2024-09-06,965.350,time,-5.608,-0.670
Wkly_upswing,2024-07-29,TTKHLTCARE,2024-08-02,not_triggered,1805.900,,,,,,,,,
Wkly_upswing,2024-07-29,ZOTA,2024-08-02,not_triggered,715.000,,,,,,,,,
Wkly_upswing,2024-08-05,AIRAN,2024-08-09,triggered,38.990,2024-08-12,38.990,35.871,45.228,2024-08-12,45.228,target,15.750,2.000
Wkly_upswing,2024-08-05,FMGOETZE,2024-08-09,not_triggered,482.000,,,,,,,,,
Wkly_upswing,2024-08-05,IMAGICAA,2024-08-09,triggered,96.300,2024-08-12,96.300,88.596,111.708,2024-09-10,90.880,time,-5.878,-0.704
Wkly_upswing,2024-08-05,NORBTEAEXP,2024-08-09,triggered,15.130,2024-08-12,15.130,13.920,17.551,2024-08-13,13.920,stop,-8.250,-1.000
Wkly_upswing,2024-08-05,SYMPHONY,2024-08-09,not_triggered,1748.750,,,,,,,,,
Wkly_upswing,2024-08-12,AAREYDRUGS,2024-08-16,triggered,63.660,2024-08-19,65.000,59.800,75.400,2024-08-22,59.800,stop,-8.250,-1.000
Wkly_upswing,2024-08-12,GULFOILLUB,2024-08-16,triggered,1388.000,2024-08-22,1388.000,1276.960,1610.080,2024-09-19,1396.800,time,0.384,0.079
Wkly_upswing,2024-08-12,JUBLFOOD,2024-08-16,triggered,656.000,2024-08-21,656.000,604.200,759.600,2024-09-18,675.650,time,2.745,0.379
Wkly_upswing,2024-08-12,SARDAEN,2024-08-16,triggered,338.900,2024-08-19,340.300,313.076,394.748,2024-09-16,391.450,time,14.781,1.879
Wkly_upswing,2024-08-12,STOVEKRAFT,2024-08-16,triggered,744.900,2024-08-19,744.900,685.308,864.084,2024-09-02,864.084,target,15.750,2.000
Wkly_upswing,2024-08-12,SUBROS,2024-08-16,triggered,758.550,2024-08-19,758.550,697.866,879.918,2024-09-16,771.600,time,1.470,0.215
Wkly_upswing,2024-08-12,UNIVASTU,2024-08-16,triggered,79.417,2024-08-19,79.417,73.063,92.123,2024-08-19,73.063,stop,-8.250,-1.000
Wkly_upswing,2024-08-19,BALPHARMA,2024-08-23,triggered,147.000,2024-08-26,147.000,135.240,170.520,2024-09-03,133.000,stop_gap,-9.774,-1.190
Wkly_upswing,2024-08-19,MAHAPEXLTD,2024-08-23,not_triggered,218.350,,,,,,,,,
Wkly_upswing,2024-08-19,ONIDA,2024-08-23,triggered,32.030,2024-08-26,32.800,30.176,38.048,2024-08-27,29.010,stop_gap,-11.805,-1.444
Wkly_upswing,2024-08-19,TREJHARA,2024-08-23,triggered,248.900,2024-08-28,249.900,229.908,289.884,2024-08-29,229.908,stop,-8.250,-1.000
Wkly_upswing,2024-08-19,TRIVENI,2024-08-23,triggered,482.000,2024-08-30,482.000,443.440,559.120,2024-09-27,470.150,time,-2.709,-0.307
Wkly_upswing,2024-08-19,UMIYA-MRO,2024-08-23,triggered,98.860,2024-08-26,100.000,92.000,116.000,2024-08-27,116.000,target,15.750,2.000
Wkly_upswing,2024-08-26,GOODLUCK,2024-08-30,triggered,393.000,2024-09-02,393.000,361.560,455.880,2024-09-30,389.017,time,-1.264,-0.127
Wkly_upswing,2024-08-26,HCLTECH,2024-08-30,triggered,1766.300,2024-09-02,1766.300,1667.100,1964.700,2024-09-30,1796.100,time,1.437,0.300
Wkly_upswing,2024-08-26,INDOTHAI,2024-08-30,triggered,43.810,2024-09-02,43.810,40.305,50.820,2024-09-05,51.135,target_gap,16.470,2.090
Wkly_upswing,2024-08-26,MAWANASUG,2024-08-30,not_triggered,137.000,,,,,,,,,
Wkly_upswing,2024-08-26,MODIRUBBER,2024-08-30,triggered,130.460,2024-09-02,130.460,120.023,151.334,2024-09-10,154.540,target_gap,18.208,2.307
Wkly_upswing,2024-08-26,PANSARI,2024-08-30,triggered,138.410,2024-09-03,138.410,127.337,160.556,2024-09-09,127.337,stop,-8.250,-1.000
Wkly_upswing,2024-08-26,UCAL,2024-08-30,not_triggered,229.000,,,,,,,,,
Wkly_upswing,2024-08-26,VARDMNPOLY,2024-08-30,triggered,12.350,2024-09-02,12.960,11.923,15.034,2024-09-06,11.700,stop_gap,-9.972,-1.215
Wkly_upswing,2024-08-26,VIMTALABS,2024-08-30,not_triggered,336.950,,,,,,,,,
Wkly_upswing,2024-09-02,IPCALAB,2024-09-06,triggered,1460.000,2024-09-12,1460.000,1375.000,1630.000,2024-10-11,1630.000,target,11.394,2.000
Wkly_upswing,2024-09-02,NESCO,2024-09-06,triggered,1023.900,2024-09-11,1023.900,941.988,1187.724,2024-09-19,941.988,stop,-8.250,-1.000
Wkly_upswing,2024-09-02,UNIENTER,2024-09-06,not_triggered,195.500,,,,,,,,,
Wkly_upswing,2024-09-02,VERANDA,2024-09-06,not_triggered,360.250,,,,,,,,,
Wkly_upswing,2024-09-09,CANFINHOME,2024-09-13,not_triggered,951.750,,,,,,,,,
Wkly_upswing,2024-09-09,COFORGE,2024-09-13,triggered,1408.790,2024-09-16,1408.790,1296.087,1634.196,2024-10-15,1493.990,time,5.798,0.756
Wkly_upswing,2024-09-09,COMPUSOFT,2024-09-13,not_triggered,41.500,,,,,,,,,
Wkly_upswing,2024-09-09,HIKAL,2024-09-13,triggered,407.450,2024-09-18,407.450,374.854,472.642,2024-09-19,374.854,stop,-8.250,-1.000
Wkly_upswing,2024-09-09,UNICHEMLAB,2024-09-13,not_triggered,694.700,,,,,,,,,
Wkly_upswing,2024-09-16,BSE,2024-09-20,triggered,1350.000,2024-09-23,1350.000,1242.000,1566.000,2024-09-27,1242.000,stop,-8.250,-1.000
Wkly_upswing,2024-09-16,VISACHROME,2024-09-20,triggered,29.760,2024-09-23,31.240,28.741,36.238,2024-09-23,28.741,stop,-8.250,-1.000
Wkly_upswing,2024-09-23,CLSEL,2024-09-27,triggered,308.200,2024-09-30,308.200,283.544,357.512,2024-10-29,306.300,time,-0.866,-0.077
Wkly_upswing,2024-09-23,IL&FSENGG,2024-09-27,triggered,44.010,2024-09-30,44.890,41.299,52.072,2024-10-18,40.950,stop_gap,-9.027,-1.097
Wkly_upswing,2024-09-23,SRHHYPOLTD,2024-09-27,triggered,779.000,2024-10-04,779.000,716.680,903.640,2024-10-04,716.680,stop,-8.250,-1.000
Wkly_upswing,2024-09-23,VAKRANGEE,2024-09-27,triggered,33.300,2024-09-30,33.300,30.636,38.628,2024-10-07,30.636,stop,-8.250,-1.000
Wkly_upswing,2024-09-30,ASIANHOTNR,2024-10-04,triggered,227.890,2024-10-07,234.000,215.280,271.440,2024-10-08,212.000,stop_gap,-9.652,-1.175
Wkly_upswing,2024-10-07,EMUDHRA,2024-10-11,triggered,971.000,2024-10-14,971.000,893.320,1126.360,2024-10-18,893.320,stop,-8.250,-1.000
Wkly_upswing,2024-10-07,PAVNAIND,2024-10-11,triggered,72.250,2024-10-14,74.495,68.535,86.414,2024-10-14,68.535,stop,-8.250,-1.000
Wkly_upswing,2024-10-07,RCOM,2024-10-11,not_triggered,2.580,,,,,,,,,
Wkly_upswing,2024-10-07,SBCL,2024-10-11,not_triggered,729.800,,,,,,,,,
Wkly_upswing,2024-10-07,SUNDROP,2024-10-11,not_triggered,998.000,,,,,,,,,
Wkly_upswing,2024-10-14,GUFICBIO,2024-10-18,triggered,448.000,2024-10-21,448.000,412.160,519.680,2024-10-28,412.160,stop,-8.250,-1.000
Wkly_upswing,2024-10-14,PRECAM,2024-10-18,not_triggered,331.700,,,,,,,,,
Wkly_upswing,2024-10-14,SUPREMEINF,2024-10-18,triggered,124.750,2024-10-21,127.240,117.061,147.598,2024-10-30,117.061,stop,-8.250,-1.000
Wkly_upswing,2024-10-21,MFSL,2024-10-25,not_triggered,1306.450,,,,,,,,,
Wkly_upswing,2024-10-28,BSL,2024-11-01,triggered,267.000,2024-11-04,267.000,245.640,309.720,2024-11-07,245.640,stop,-8.250,-1.000
Wkly_upswing,2024-11-04,ECLERX,2024-11-08,triggered,1715.000,2024-11-12,1715.000,1577.800,1989.400,2024-11-18,1577.800,stop,-8.250,-1.000
Wkly_upswing,2024-11-04,ELGIRUBCO,2024-11-08,not_triggered,139.950,,,,,,,,,
Wkly_upswing,2024-11-04,TCI,2024-11-08,not_triggered,1244.400,,,,,,,,,
Wkly_upswing,2024-11-04,VIJIFIN,2024-11-08,triggered,3.600,2024-11-11,3.660,3.367,4.246,2024-11-14,4.246,target,15.750,2.000
Wkly_upswing,2024-11-04,VIMTALABS,2024-11-08,triggered,347.025,2024-11-11,368.475,338.997,427.431,2024-11-25,427.431,target,15.750,2.000
Wkly_upswing,2024-11-18,JPOLYINVST,2024-11-22,not_triggered,1135.000,,,,,,,,,
Wkly_upswing,2024-11-25,ASTERDM,2024-11-29,triggered,510.000,2024-12-02,510.000,469.200,591.600,2024-12-31,513.950,time,0.525,0.097
Wkly_upswing,2024-11-25,CAPACITE,2024-11-29,triggered,437.000,2024-12-02,437.000,402.040,506.920,2024-12-31,435.000,time,-0.708,-0.057
Wkly_upswing,2024-11-25,CCL,2024-11-29,not_triggered,827.300,,,,,,,,,
Wkly_upswing,2024-11-25,JGCHEM,2024-11-29,not_triggered,484.500,,,,,,,,,
Wkly_upswing,2024-11-25,LAURUSLABS,2024-11-29,triggered,570.000,2024-12-02,570.000,524.400,661.200,2024-12-31,602.700,time,5.487,0.717
Wkly_upswing,2024-11-25,UNITEDPOLY,2024-11-29,not_triggered,15.066,,,,,,,,,
Wkly_upswing,2024-11-25,XPROINDIA,2024-11-29,triggered,1498.550,2024-12-02,1498.550,1378.666,1738.318,2024-12-31,1489.050,time,-0.884,-0.079
Wkly_upswing,2024-12-02,AGI,2024-12-06,triggered,1226.100,2024-12-09,1226.100,1128.012,1422.276,2024-12-27,1128.012,stop,-8.250,-1.000
Wkly_upswing,2024-12-02,ARIHANTSUP,2024-12-06,triggered,424.000,2024-12-09,424.000,390.080,491.840,2024-12-30,491.840,target,15.750,2.000
Wkly_upswing,2024-12-02,KEC,2024-12-06,not_triggered,1313.250,,,,,,,,,
Wkly_upswing,2024-12-02,MONTECARLO,2024-12-06,triggered,977.000,2024-12-10,977.000,898.840,1133.320,2024-12-12,898.840,stop,-8.250,-1.000
Wkly_upswing,2024-12-02,NELCO,2024-12-06,triggered,1349.000,2024-12-09,1349.000,1241.080,1564.840,2024-12-30,1241.080,stop,-8.250,-1.000
Wkly_upswing,2024-12-02,TIMETECHNO,2024-12-06,triggered,242.500,2024-12-09,243.000,223.560,281.880,2025-01-07,235.625,time,-3.285,-0.379
Wkly_upswing,2024-12-09,BLS,2024-12-13,triggered,481.850,2024-12-16,481.850,443.302,558.946,2025-01-10,443.302,stop,-8.250,-1.000
Wkly_upswing,2024-12-09,BYKE,2024-12-13,triggered,97.560,2024-12-16,99.790,91.807,115.756,2024-12-31,91.000,stop_gap,-9.058,-1.101
Wkly_upswing,2024-12-09,CHALET,2024-12-13,not_triggered,1052.450,,,,,,,,,
Wkly_upswing,2024-12-09,DCM,2024-12-13,not_triggered,141.880,,,,,,,,,
Wkly_upswing,2024-12-09,GOKEX,2024-12-13,triggered,1210.000,2024-12-16,1210.000,1113.200,1403.600,2024-12-26,1113.200,stop,-8.250,-1.000
Wkly_upswing,2024-12-09,LAMBODHARA,2024-12-13,not_triggered,248.000,,,,,,,,,
Wkly_upswing,2024-12-09,ORBTEXP,2024-12-13,triggered,279.100,2024-12-16,283.700,261.004,329.092,2024-12-16,261.004,stop,-8.250,-1.000
Wkly_upswing,2024-12-09,PRECAM,2024-12-13,not_triggered,382.800,,,,,,,,,
Wkly_upswing,2024-12-09,RELIGARE,2024-12-13,triggered,307.300,2024-12-16,307.300,282.716,356.468,2024-12-27,282.716,stop,-8.250,-1.000
Wkly_upswing,2024-12-09,RVHL,2024-12-13,triggered,77.530,2024-12-16,80.500,74.060,93.380,2024-12-16,74.060,stop,-8.250,-1.000
Wkly_upswing,2024-12-09,SARLAPOLY,2024-12-13,triggered,128.500,2024-12-16,128.500,118.220,149.060,2024-12-20,118.220,stop,-8.250,-1.000
Wkly_upswing,2024-12-09,SETCO,2024-12-13,triggered,18.800,2024-12-16,19.740,18.161,22.898,2024-12-30,17.560,stop_gap,-11.294,-1.380
Wkly_upswing,2024-12-09,SINTERCOM,2024-12-13,not_triggered,186.000,,,,,,,,,
Wkly_upswing,2024-12-09,STEELCAS,2024-12-13,not_triggered,184.000,,,,,,,,,
Wkly_upswing,2024-12-09,SWANCORP,2024-12-13,triggered,804.400,2024-12-16,804.400,740.048,933.104,2024-12-20,740.048,stop,-8.250,-1.000
Wkly_upswing,2024-12-09,VEDL,2024-12-13,triggered,526.600,2024-12-16,526.600,488.800,602.200,2024-12-19,482.250,stop_gap,-8.672,-1.173
Wkly_upswing,2024-12-09,VIDHIING,2024-12-13,triggered,569.050,2024-12-16,569.050,523.526,660.098,2024-12-17,523.526,stop,-8.250,-1.000
Wkly_upswing,2024-12-09,WANBURY,2024-12-13,triggered,321.850,2024-12-17,321.850,296.102,373.346,2024-12-19,289.000,stop_gap,-10.457,-1.276
Wkly_upswing,2024-12-09,WIPL,2024-12-13,triggered,245.260,2024-12-18,245.260,225.639,284.502,2025-01-07,225.639,stop,-8.250,-1.000
Wkly_upswing,2024-12-16,LINC,2024-12-20,not_triggered,207.900,,,,,,,,,
Wkly_upswing,2024-12-16,PRICOLLTD,2024-12-20,not_triggered,598.800,,,,,,,,,
Wkly_upswing,2024-12-16,UCAL,2024-12-20,triggered,226.410,2024-12-23,226.410,208.297,262.636,2024-12-27,208.297,stop,-8.250,-1.000
Wkly_upswing,2024-12-16,VAKRANGEE,2024-12-20,triggered,34.960,2024-12-30,34.960,32.163,40.554,2025-01-13,32.163,stop,-8.250,-1.000
Wkly_upswing,2024-12-16,ZOTA,2024-12-20,triggered,822.000,2024-12-23,822.000,756.240,953.520,2025-01-07,953.520,target,15.750,2.000
Wkly_upswing,2024-12-30,AARTECH,2025-01-03,triggered,91.050,2025-01-06,93.950,86.434,108.982,2025-01-10,86.060,stop_gap,-8.648,-1.050
Wkly_upswing,2024-12-30,KAVDEFENCE,2025-01-03,not_triggered,65.940,,,,,,,,,
Wkly_upswing,2024-12-30,NORBTEAEXP,2025-01-03,triggered,26.320,2025-01-06,26.460,24.343,30.694,2025-01-17,24.050,stop_gap,-9.358,-1.139
Wkly_upswing,2024-12-30,WELENT,2025-01-03,triggered,653.450,2025-01-06,653.450,601.174,758.002,2025-01-07,601.174,stop,-8.250,-1.000
Wkly_upswing,2024-12-30,WORTHPERI,2025-01-03,not_triggered,190.420,,,,,,,,,
Wkly_upswing,2025-01-06,VISACHROME,2025-01-10,not_triggered,45.480,,,,,,,,,
Wkly_upswing,2025-01-27,JINDRILL,2025-02-01,triggered,977.700,2025-02-04,977.700,899.484,1134.132,2025-02-10,899.484,stop,-8.250,-1.000
Wkly_upswing,2025-02-03,ACUTAAS,2025-02-07,not_triggered,1322.000,,,,,,,,,
Wkly_upswing,2025-02-10,NORBTEAEXP,2025-02-14,triggered,36.540,2025-02-17,38.360,35.291,44.498,2025-02-27,45.320,target_gap,17.894,2.268
Wkly_upswing,2025-02-17,DECCANCE,2025-02-21,triggered,907.000,2025-02-24,907.000,834.440,1052.120,2025-02-24,834.440,stop,-8.250,-1.000
Wkly_upswing,2025-03-17,ASALCBR,2025-03-21,triggered,1459.900,2025-03-24,1460.000,1343.200,1693.600,2025-03-25,1343.200,stop,-8.250,-1.000
Wkly_upswing,2025-03-17,MANAPPURAM,2025-03-21,not_triggered,247.600,,,,,,,,,
Wkly_upswing,2025-03-24,MAHASTEEL,2025-03-28,not_triggered,280.990,,,,,,,,,
Wkly_upswing,2025-04-15,BHARTIHEXA,2025-04-17,triggered,1642.800,2025-04-21,1642.800,1511.376,1905.648,2025-05-20,1669.200,time,1.357,0.201
Wkly_upswing,2025-04-15,HDFCBANK,2025-04-17,triggered,959.850,2025-04-21,962.000,927.500,1031.000,2025-05-20,957.450,time,-0.723,-0.132
Wkly_upswing,2025-04-21,CHOICEIN,2025-04-25,triggered,635.000,2025-04-28,635.700,584.844,737.412,2025-05-27,705.000,time,10.651,1.363
Wkly_upswing,2025-04-21,PANACEABIO,2025-04-25,triggered,549.050,2025-04-29,549.050,505.126,636.898,2025-05-06,505.126,stop,-8.250,-1.000
Wkly_upswing,2025-04-28,PARAS,2025-05-02,triggered,734.475,2025-05-09,734.475,675.717,851.991,2025-05-12,675.717,stop,-8.250,-1.000
Wkly_upswing,2025-05-05,KPRMILL,2025-05-09,not_triggered,1389.000,,,,,,,,,
Wkly_upswing,2025-05-05,NAZARA,2025-05-09,triggered,276.625,2025-05-12,278.750,256.450,323.350,2025-05-20,323.350,target,15.750,2.000
Wkly_upswing,2025-05-12,AIIL,2025-05-16,triggered,432.800,2025-05-19,433.220,398.562,502.535,2025-06-03,502.535,target,15.750,2.000
Wkly_upswing,2025-05-12,ASTERDM,2025-05-16,not_triggered,609.500,,,,,,,,,
Wkly_upswing,2025-05-12,CAMLINFINE,2025-05-16,triggered,202.000,2025-05-19,202.000,185.840,234.320,2025-05-23,185.840,stop,-8.250,-1.000
Wkly_upswing,2025-05-12,INDIAGLYCO,2025-05-16,triggered,890.000,2025-05-19,890.000,818.800,1032.400,2025-06-16,954.200,time,6.963,0.902
Wkly_upswing,2025-05-12,KALYANIFRG,2025-05-16,triggered,807.350,2025-05-19,847.700,779.884,983.332,2025-05-21,770.000,stop_gap,-9.416,-1.146
Wkly_upswing,2025-05-12,KANPRPLA,2025-05-16,triggered,195.940,2025-05-19,210.100,193.292,243.716,2025-05-30,247.450,target_gap,17.527,2.222
Wkly_upswing,2025-05-19,KITEX,2025-05-23,not_triggered,324.420,,,,,,,,,
Wkly_upswing,2025-05-19,SILGO,2025-05-23,triggered,59.900,2025-05-26,60.000,55.200,69.600,2025-05-29,54.390,stop_gap,-9.600,-1.169
Wkly_upswing,2025-05-26,IFBAGRO,2025-05-30,triggered,718.000,2025-06-02,718.000,660.560,832.880,2025-06-02,832.880,target,15.750,2.000
Wkly_upswing,2025-05-26,PANSARI,2025-05-30,triggered,254.370,2025-06-03,256.400,239.510,290.180,2025-06-12,239.290,stop_gap,-6.923,-1.013
Wkly_upswing,2025-05-26,PILITA,2025-05-30,triggered,19.540,2025-06-02,19.540,17.977,22.666,2025-06-03,17.977,stop,-8.250,-1.000
Wkly_upswing,2025-06-02,GODREJIND,2025-06-06,not_triggered,1390.000,,,,,,,,,
Wkly_upswing,2025-06-02,MCX,2025-06-06,triggered,1506.200,2025-06-09,1513.700,1392.604,1755.892,2025-06-25,1755.892,target,15.750,2.000
Wkly_upswing,2025-06-02,SBICARD,2025-06-06,triggered,999.450,2025-06-09,999.450,919.494,1159.362,2025-07-02,919.494,stop,-8.250,-1.000
Wkly_upswing,2025-06-02,TVSELECT,2025-06-06,triggered,473.450,2025-06-09,478.000,439.760,554.480,2025-06-09,554.480,target,15.750,2.000
Wkly_upswing,2025-06-09,BLUEJET,2025-06-13,not_triggered,986.000,,,,,,,,,
Wkly_upswing,2025-06-09,CSBBANK,2025-06-13,triggered,394.950,2025-06-17,394.950,374.250,436.350,2025-07-15,430.550,time,8.764,1.720
Wkly_upswing,2025-06-09,GFSTEELS,2025-06-13,not_triggered,9.270,,,,,,,,,
Wkly_upswing,2025-06-09,RAMCOCEM,2025-06-13,triggered,1080.000,2025-06-16,1080.000,1005.000,1230.000,2025-06-23,999.000,stop_gap,-7.750,-1.080
Wkly_upswing,2025-06-09,WOCKPHARMA,2025-06-13,not_triggered,1868.800,,,,,,,,,
Wkly_upswing,2025-06-16,JINDALPHOT,2025-06-20,not_triggered,1033.100,,,,,,,,,
Wkly_upswing,2025-06-23,AAREYDRUGS,2025-06-27,triggered,67.980,2025-06-30,68.000,62.560,78.880,2025-07-28,64.400,time,-5.544,-0.662
Wkly_upswing,2025-06-30,EIFFL,2025-07-04,not_triggered,292.050,,,,,,,,,
Wkly_upswing,2025-06-30,JKLAKSHMI,2025-07-04,not_triggered,1006.500,,,,,,,,,
Wkly_upswing,2025-06-30,RAYMOND,2025-07-04,not_triggered,783.900,,,,,,,,,
Wkly_upswing,2025-07-07,ACMESOLAR,2025-07-11,not_triggered,303.940,,,,,,,,,
Wkly_upswing,2025-07-07,MGEL,2025-07-11,triggered,17.350,2025-07-14,17.350,15.962,20.126,2025-08-11,15.962,stop,-8.250,-1.000
Wkly_upswing,2025-07-07,YATHARTH,2025-07-11,not_triggered,647.300,,,,,,,,,
Wkly_upswing,2025-07-14,ABDL,2025-07-18,not_triggered,505.900,,,,,,,,,
Wkly_upswing,2025-07-14,GFSTEELS,2025-07-18,not_triggered,9.730,,,,,,,,,
Wkly_upswing,2025-07-14,GUJAPOLLO,2025-07-18,triggered,451.000,2025-07-21,458.850,422.142,532.266,2025-08-11,422.142,stop,-8.250,-1.000
Wkly_upswing,2025-07-14,HPL,2025-07-18,not_triggered,639.900,,,,,,,,,
Wkly_upswing,2025-07-14,IXIGO,2025-07-18,triggered,226.240,2025-07-22,226.240,208.141,262.438,2025-08-12,262.438,target,15.750,2.000
Wkly_upswing,2025-07-14,PRECOT,2025-07-18,not_triggered,631.550,,,,,,,,,
Wkly_upswing,2025-07-14,RALLIS,2025-07-18,not_triggered,385.750,,,,,,,,,
Wkly_upswing,2025-07-14,RAMAPHO,2025-07-18,triggered,154.090,2025-07-21,157.800,145.176,183.048,2025-08-08,142.580,stop_gap,-9.895,-1.206
Wkly_upswing,2025-07-14,SAGCEM,2025-07-18,triggered,273.850,2025-07-21,273.850,251.942,317.666,2025-07-24,251.942,stop,-8.250,-1.000
Wkly_upswing,2025-07-14,VENUSREM,2025-07-18,not_triggered,567.800,,,,,,,,,
Wkly_upswing,2025-07-21,GLOBUSSPR,2025-07-25,triggered,1284.000,2025-07-31,1284.000,1181.280,1489.440,2025-08-05,1181.280,stop,-8.250,-1.000
Wkly_upswing,2025-07-21,GMDCLTD,2025-07-25,not_triggered,472.400,,,,,,,,,
Wkly_upswing,2025-07-21,TI,2025-07-25,triggered,506.500,2025-07-28,506.500,465.980,587.540,2025-08-08,465.980,stop,-8.250,-1.000
Wkly_upswing,2025-07-28,ARVINDFASN,2025-08-01,not_triggered,564.300,,,,,,,,,
Wkly_upswing,2025-07-28,ZUARI,2025-08-01,triggered,344.400,2025-08-05,344.400,316.848,399.504,2025-09-03,316.848,stop,-8.250,-1.000
Wkly_upswing,2025-08-11,HBLENGINE,2025-08-14,triggered,787.600,2025-08-19,787.600,724.592,913.616,2025-09-15,913.616,target,15.750,2.000
Wkly_upswing,2025-08-11,SKMEGGPROD,2025-08-14,not_triggered,177.025,,,,,,,,,
Wkly_upswing,2025-08-18,ASAHIINDIA,2025-08-22,not_triggered,901.000,,,,,,,,,
Wkly_upswing,2025-08-18,ASHOKLEY,2025-08-22,not_triggered,134.310,,,,,,,,,
Wkly_upswing,2025-08-18,IMFA,2025-08-22,triggered,870.000,2025-08-25,870.000,815.000,980.000,2025-09-05,980.000,target,12.394,2.000
Wkly_upswing,2025-08-18,IZMO,2025-08-22,triggered,587.550,2025-08-25,611.500,562.580,709.340,2025-08-26,709.340,target,15.750,2.000
Wkly_upswing,2025-08-18,MAHEPC,2025-08-22,not_triggered,185.120,,,,,,,,,
Wkly_upswing,2025-09-01,POCL,2025-09-05,triggered,508.000,2025-09-08,516.000,474.720,598.560,2025-09-26,474.720,stop,-8.250,-1.000
Wkly_upswing,2025-09-01,SYRMA,2025-09-05,triggered,872.000,2025-09-08,872.000,802.240,1011.520,2025-09-15,802.240,stop,-8.250,-1.000
Wkly_upswing,2025-09-08,ADANIPOWER,2025-09-12,triggered,131.710,2025-09-15,131.710,121.173,152.784,2025-09-22,152.784,target,15.750,2.000
Wkly_upswing,2025-09-08,BAJFINANCE,2025-09-12,triggered,1004.600,2025-09-15,1004.600,935.650,1142.500,2025-10-14,1019.150,time,1.198,0.211
Wkly_upswing,2025-09-08,CENTEXT,2025-09-12,not_triggered,30.800,,,,,,,,,
Wkly_upswing,2025-09-08,VISACHROME,2025-09-12,not_triggered,44.240,,,,,,,,,
Wkly_upswing,2025-09-15,CCCL,2025-09-19,not_triggered,28.870,,,,,,,,,
Wkly_upswing,2025-09-15,RELTD,2025-09-19,triggered,188.430,2025-09-22,188.430,173.356,218.579,2025-09-23,173.356,stop,-8.250,-1.000
Wkly_upswing,2025-09-15,USHAMART,2025-09-19,triggered,429.400,2025-09-22,429.400,395.048,498.104,2025-10-21,460.050,time,6.888,0.892
Wkly_upswing,2025-09-22,AAREYDRUGS,2025-09-26,triggered,80.950,2025-09-29,80.950,74.474,93.902,2025-10-29,93.110,time,14.772,1.878
Wkly_upswing,2025-09-22,EMKAY,2025-09-26,not_triggered,409.900,,,,,,,,,
Wkly_upswing,2025-10-06,GMBREW,2025-10-10,triggered,935.050,2025-10-13,935.050,860.246,1084.658,2025-10-15,1084.658,target,15.750,2.000
Wkly_upswing,2025-10-06,HITECHGEAR,2025-10-10,triggered,854.800,2025-10-13,897.450,825.654,1041.042,2025-10-20,823.000,stop_gap,-8.546,-1.037
Wkly_upswing,2025-10-06,INDRAMEDCO,2025-10-10,not_triggered,624.700,,,,,,,,,
Wkly_upswing,2025-10-06,MINDTECK,2025-10-10,not_triggered,304.000,,,,,,,,,
Wkly_upswing,2025-10-06,TARACHAND,2025-10-10,triggered,95.490,2025-10-14,95.490,87.851,110.768,2025-10-14,87.851,stop,-8.250,-1.000
Wkly_upswing,2025-10-20,FEDERALBNK,2025-10-24,triggered,232.200,2025-10-27,232.200,216.020,264.560,2025-11-25,255.990,time,9.995,1.470
Wkly_upswing,2025-10-20,JKTYRE,2025-10-24,triggered,427.000,2025-10-28,437.400,402.408,507.384,2025-11-26,456.000,time,4.002,0.532
Wkly_upswing,2025-10-20,LORDSCHLO,2025-10-24,not_triggered,233.000,,,,,,,,,
Wkly_upswing,2025-10-20,SALSTEEL,2025-10-24,triggered,36.350,2025-10-27,37.070,34.104,43.001,2025-11-21,43.380,target_gap,16.772,2.128
Wkly_upswing,2025-10-20,UJJIVANSFB,2025-10-24,triggered,52.470,2025-10-27,52.470,48.530,60.350,2025-11-25,53.860,time,2.399,0.353
Wkly_upswing,2025-10-27,BHAGYANGR,2025-10-31,not_triggered,148.950,,,,,,,,,
Wkly_upswing,2025-10-27,PSPPROJECT,2025-10-31,triggered,949.850,2025-11-03,949.850,873.862,1101.826,2025-11-24,873.862,stop,-8.250,-1.000
Wkly_upswing,2025-10-27,PVP,2025-10-31,not_triggered,36.470,,,,,,,,,
Wkly_upswing,2025-10-27,SOMATEX,2025-10-31,triggered,139.310,2025-11-03,146.270,134.568,169.673,2025-11-10,132.970,stop_gap,-9.343,-1.137
Wkly_upswing,2025-11-03,KMEW,2025-11-07,triggered,1429.500,2025-11-10,1429.500,1315.140,1658.220,2025-11-13,1315.140,stop,-8.250,-1.000
Wkly_upswing,2025-11-03,PRICOLLTD,2025-11-07,triggered,593.850,2025-11-10,593.850,546.342,688.866,2025-11-20,688.866,target,15.750,2.000
Wkly_upswing,2025-11-03,TEMBO,2025-11-07,triggered,69.580,2025-11-10,70.450,64.814,81.722,2025-11-11,81.722,target,15.750,2.000
Wkly_upswing,2025-11-10,BHEL,2025-11-14,triggered,290.900,2025-11-19,290.900,267.628,337.444,2025-12-17,277.850,time,-4.736,-0.561
Wkly_upswing,2025-11-10,THYROCARE,2025-11-14,triggered,526.333,2025-11-17,535.000,492.200,620.600,2025-11-24,492.200,stop,-8.250,-1.000
Wkly_upswing,2025-11-17,INDIAGLYCO,2025-11-21,not_triggered,1222.000,,,,,,,,,
Wkly_upswing,2025-11-17,PANSARI,2025-11-21,not_triggered,352.300,,,,,,,,,
Wkly_upswing,2025-11-17,RELIANCE,2025-11-21,triggered,1557.800,2025-11-25,1557.800,1510.500,1652.400,2025-12-23,1570.700,time,0.578,0.273
Wkly_upswing,2025-12-01,UEL,2025-12-05,triggered,150.160,2025-12-08,157.660,145.047,182.886,2025-12-22,142.300,stop_gap,-9.992,-1.218
Wkly_upswing,2025-12-08,HINDZINC,2025-12-12,triggered,567.450,2025-12-15,567.450,522.054,658.242,2026-01-13,629.850,time,10.747,1.375
Wkly_upswing,2025-12-15,ASIANTILES,2025-12-19,triggered,72.850,2025-12-22,72.850,67.022,84.506,2026-01-20,71.350,time,-2.309,-0.257
Wkly_upswing,2025-12-29,CSBBANK,2026-01-02,triggered,489.900,2026-01-05,491.000,451.720,569.560,2026-01-05,569.560,target,15.750,2.000
Wkly_upswing,2025-12-29,GRAPHITE,2026-01-02,triggered,665.000,2026-01-05,665.000,611.800,771.400,2026-01-12,611.800,stop,-8.250,-1.000
Wkly_upswing,2025-12-29,IDBI,2026-01-02,triggered,115.700,2026-01-05,115.700,106.444,134.212,2026-01-08,106.444,stop,-8.250,-1.000
Wkly_upswing,2025-12-29,IIFLCAPS,2026-01-02,triggered,383.900,2026-01-05,383.900,353.188,445.324,2026-01-20,353.188,stop,-8.250,-1.000
Wkly_upswing,2025-12-29,INDUSTOWER,2026-01-02,triggered,446.000,2026-01-09,450.000,414.000,522.000,2026-01-20,414.000,stop,-8.250,-1.000
Wkly_upswing,2025-12-29,JSL,2026-01-02,triggered,867.000,2026-01-05,867.000,797.640,1005.720,2026-01-09,797.640,stop,-8.250,-1.000
Wkly_upswing,2025-12-29,MAHABANK,2026-01-02,triggered,64.180,2026-01-05,64.180,59.046,74.449,2026-02-03,63.740,time,-0.936,-0.086
Wkly_upswing,2026-01-05,MANAKALUCO,2026-01-09,triggered,40.260,2026-01-12,40.260,37.039,46.702,2026-01-12,37.039,stop,-8.250,-1.000
Wkly_upswing,2026-01-19,ATALREAL,2026-01-23,not_triggered,29.200,,,,,,,,,
Wkly_upswing,2026-01-19,KAPSTON,2026-01-23,triggered,427.350,2026-01-27,427.350,393.162,495.726,2026-01-27,393.162,stop,-8.250,-1.000
Wkly_upswing,2026-02-02,BHARATFORG,2026-02-06,triggered,1599.000,2026-02-09,1599.000,1471.080,1854.840,2026-02-24,1854.840,target,15.750,2.000
63_30_daily,2026-02-03,GNA,2026-02-03,triggered,425.000,2026-02-06,425.000,391.000,493.000,2026-03-09,430.400,time,1.021,0.159
63_30_daily,2026-02-03,MEDPLUS,2026-02-03,triggered,870.000,2026-02-04,870.000,814.050,981.900,2026-03-02,802.600,stop_gap,-7.997,-1.205
63_30_daily,2026-02-04,INDSWFTLAB,2026-02-04,triggered,124.500,2026-02-05,124.500,114.540,144.420,2026-02-16,144.420,target,15.750,2.000
63_30_daily,2026-02-04,PTC,2026-02-04,triggered,183.900,2026-02-09,183.900,173.300,205.100,2026-02-16,173.300,stop,-6.014,-1.000
Bullish_Scanner,2026-02-04,CANTABIL,2026-02-04,triggered,314.300,2026-02-06,314.300,303.000,336.900,2026-02-06,303.000,stop,-3.845,-1.000
Bullish_Scanner,2026-02-05,TORNTPOWER,2026-02-05,triggered,1427.400,2026-02-06,1427.400,1385.500,1511.200,2026-02-11,1385.500,stop,-3.185,-1.000
Bullish_Scanner,2026-02-06,SAIL,2026-02-06,triggered,161.300,2026-02-09,161.300,156.490,170.920,2026-02-10,156.490,stop,-3.232,-1.000
63_30_daily,2026-02-09,KIRLPNU,2026-02-09,not_triggered,610.800,,,,,,,,,
Bullish_Scanner,2026-02-09,IFCI,2026-02-09,not_triggered,68.130,,,,,,,,,
Bullish_Scanner,2026-02-09,INDUSTOWER,2026-02-09,triggered,457.150,2026-02-10,459.000,443.750,489.500,2026-03-02,439.150,stop_gap,-4.575,-1.302
Wkly_upswing,2026-02-09,MFSL,2026-02-13,triggered,1848.500,2026-02-16,1848.500,1707.000,2131.500,2026-03-06,1707.000,stop,-7.905,-1.000
63_30_daily,2026-02-10,MAHLOG,2026-02-10,triggered,407.500,2026-02-11,407.500,374.900,472.700,2026-03-05,374.900,stop,-8.250,-1.000
Bullish_Scanner,2026-02-10,MOTHERSON,2026-02-10,triggered,131.890,2026-02-11,131.890,123.280,149.110,2026-03-04,123.280,stop,-6.778,-1.000
Bullish_Scanner,2026-02-10,TORNTPOWER,2026-02-10,not_triggered,1506.000,,,,,,,,,
63_30_daily,2026-02-11,ASTRAL,2026-02-11,triggered,1598.800,2026-02-12,1598.800,1536.800,1722.800,2026-03-11,1722.800,target,7.506,2.000
Bullish_Scanner,2026-02-11,ASHIANA,2026-02-11,triggered,357.000,2026-02-12,357.000,332.100,406.800,2026-02-16,332.100,stop,-7.225,-1.000
Bullish_Scanner,2026-02-11,IOC,2026-02-11,triggered,181.600,2026-02-12,182.250,176.820,193.110,2026-02-12,176.820,stop,-3.229,-1.000
Bullish_Scanner,2026-02-12,MFSL,2026-02-12,triggered,1821.000,2026-02-13,1821.300,1738.500,1986.900,2026-03-04,1738.500,stop,-4.796,-1.000
Bullish_Scanner,2026-02-16,ASTRAL,2026-02-16,triggered,1644.500,2026-02-17,1644.500,1589.900,1753.700,2026-03-11,1753.700,target,6.390,2.000
Wkly_upswing,2026-02-16,GLOBAL,2026-02-20,triggered,107.500,2026-02-23,109.100,100.372,126.556,2026-02-27,100.372,stop,-8.250,-1.000
Bullish_Scanner,2026-02-17,MANGLMCEM,2026-02-17,triggered,898.950,2026-02-18,898.950,827.034,1042.782,2026-03-09,815.000,stop_gap,-9.589,-1.167
Bullish_Scanner,2026-02-17,SMSPHARMA,2026-02-17,triggered,371.800,2026-02-18,371.800,342.056,431.288,2026-03-11,431.288,target,15.750,2.000
63_30_daily,2026-02-18,E2E,2026-02-18,triggered,306.820,2026-02-19,306.820,282.274,355.911,2026-02-23,282.274,stop,-8.250,-1.000
63_30_daily,2026-02-18,SCHNEIDER,2026-02-18,triggered,942.450,2026-02-23,942.450,867.054,1093.242,2026-02-25,867.054,stop,-8.250,-1.000
Bullish_Scanner,2026-02-18,AEROFLEX,2026-02-18,triggered,231.820,2026-02-19,231.820,213.274,268.911,2026-02-24,213.274,stop,-8.250,-1.000
Bullish_Scanner,2026-02-18,INDIANB,2026-02-18,triggered,942.500,2026-02-19,942.500,920.450,986.600,2026-02-24,986.600,target,4.429,2.000
Bullish_Scanner,2026-02-18,MAHABANK,2026-02-18,triggered,69.210,2026-02-19,69.330,67.400,73.190,2026-02-20,67.400,stop,-3.034,-1.000
Bullish_Scanner,2026-02-18,MARICO,2026-02-18,triggered,798.000,2026-02-19,798.000,773.600,846.800,2026-03-02,770.100,stop_gap,-3.746,-1.143
63_30_daily,2026-02-19,NITINSPIN,2026-02-19,triggered,392.350,2026-02-20,392.350,360.962,455.126,2026-03-04,360.962,stop,-8.250,-1.000
Bullish_Scanner,2026-02-19,NITINSPIN,2026-02-19,triggered,392.350,2026-02-20,392.350,360.962,455.126,2026-03-04,360.962,stop,-8.250,-1.000
63_30_daily,2026-02-20,ABINFRA,2026-02-20,triggered,22.830,2026-02-23,23.560,21.675,27.330,2026-02-23,21.675,stop,-8.250,-1.000
63_30_daily,2026-02-20,VESUVIUS,2026-02-20,not_triggered,607.900,,,,,,,,,
Bullish_Scanner,2026-02-20,GAEL,2026-02-20,triggered,148.150,2026-02-23,148.150,138.900,166.650,2026-03-02,133.710,stop_gap,-9.997,-1.561
Bullish_Scanner,2026-02-20,VESUVIUS,2026-02-20,not_triggered,607.900,,,,,,,,,
63_30_daily,2026-02-23,TFCILTD,2026-02-23,triggered,79.980,2026-02-24,79.980,73.582,92.777,2026-02-26,73.582,stop,-8.250,-1.000
Bullish_Scanner,2026-02-23,CIEINDIA,2026-02-23,not_triggered,526.000,,,,,,,,,
Bullish_Scanner,2026-02-23,INDIANB,2026-02-23,triggered,986.000,2026-02-24,986.000,952.050,1053.900,2026-03-04,952.050,stop,-3.693,-1.000
63_30_daily,2026-02-24,BANDHANBNK,2026-02-24,triggered,181.870,2026-02-25,181.870,172.810,199.990,2026-03-09,172.810,stop,-5.232,-1.000
Bullish_Scanner,2026-02-24,J&KBANK,2026-02-24,triggered,115.500,2026-02-26,115.500,106.260,133.980,2026-03-30,110.010,time,-5.003,-0.594
Bullish_Scanner,2026-02-25,NATCOPHARM,2026-02-25,triggered,990.000,2026-02-26,990.000,942.950,1084.100,2026-03-02,925.150,stop_gap,-6.801,-1.378
63_30_daily,2026-02-26,FINCABLES,2026-02-26,triggered,882.000,2026-02-27,882.000,826.200,993.600,2026-03-10,993.600,target,12.403,2.000
63_30_daily,2026-02-26,FUSION,2026-02-26,not_triggered,205.900,,,,,,,,,
63_30_daily,2026-02-26,JYOTISTRUC,2026-02-26,not_triggered,13.460,,,,,,,,,
63_30_daily,2026-02-26,VARDMNPOLY,2026-02-26,not_triggered,9.090,,,,,,,,,
63_30_daily,2026-02-26,VIYASH,2026-02-26,not_triggered,240.000,,,,,,,,,
Bullish_Scanner,2026-02-26,J&KBANK,2026-02-26,triggered,122.250,2026-02-27,122.250,113.200,140.350,2026-03-04,113.200,stop,-7.653,-1.000
63_30_daily,2026-02-27,CHENNPETRO,2026-02-27,triggered,973.000,2026-03-04,973.000,911.050,1096.900,2026-03-04,911.050,stop,-6.617,-1.000
63_30_daily,2026-02-27,SUNTV,2026-02-27,not_triggered,655.000,,,,,,,,,
Bullish_Scanner,2026-02-27,SUNTV,2026-02-27,not_triggered,655.000,,,,,,,,,
Wkly_upswing,2026-03-02,ANANDRATHI,2026-03-06,not_triggered,1620.500,,,,,,,,,
63_30_daily,2026-03-05,SAILIFE,2026-03-05,not_triggered,1084.000,,,,,,,,,
63_30_daily,2026-03-09,APOLLOPIPE,2026-03-09,triggered,416.900,2026-03-10,416.900,383.548,483.604,2026-03-10,383.548,stop,-8.250,-1.000
63_30_daily,2026-03-10,JPOLYINVST,2026-03-10,not_triggered,1487.700,,,,,,,,,
63_30_daily,2026-03-10,NEOGEN,2026-03-10,not_triggered,1501.000,,,,,,,,,
Bullish_Scanner,2026-03-10,AUROPHARMA,2026-03-10,triggered,1291.800,2026-03-11,1291.800,1249.000,1377.400,2026-03-19,1249.000,stop,-3.563,-1.000
Bullish_Scanner,2026-03-11,AKUMS,2026-03-11,not_triggered,515.000,,,,,,,,,
Bullish_Scanner,2026-03-11,KTKBANK,2026-03-11,not_triggered,233.000,,,,,,,,,
63_30_daily,2026-03-12,VIDYAWIRES,2026-03-12,not_triggered,59.470,,,,,,,,,
Bullish_Scanner,2026-03-12,COALINDIA,2026-03-12,triggered,474.000,2026-03-13,474.000,445.000,532.000,2026-03-24,445.000,stop,-6.368,-1.000
63_30_daily,2026-03-16,AEROFLEX,2026-03-16,triggered,251.000,2026-03-17,251.000,234.450,284.100,2026-03-19,234.450,stop,-6.844,-1.000
63_30_daily,2026-03-17,CHENNPETRO,2026-03-17,triggered,1077.700,2026-03-20,1077.700,991.484,1250.132,2026-03-24,991.484,stop,-8.250,-1.000
63_30_daily,2026-03-18,EMMVEE,2026-03-18,triggered,238.560,2026-03-19,238.560,219.475,276.730,2026-03-23,219.475,stop,-8.250,-1.000
63_30_daily,2026-03-18,JAINREC,2026-03-18,not_triggered,451.800,,,,,,,,,
63_30_daily,2026-03-18,KSB,2026-03-18,triggered,823.050,2026-03-19,823.050,758.850,951.450,2026-03-23,758.850,stop,-8.050,-1.000
Bullish_Scanner,2026-03-18,GODAVARIB,2026-03-18,not_triggered,342.550,,,,,,,,,
Bullish_Scanner,2026-03-20,AETHER,2026-03-20,triggered,1180.000,2026-03-24,1180.000,1085.600,1368.800,2026-03-30,1085.600,stop,-8.250,-1.000
63_30_daily,2026-03-23,ACI,2026-03-23,not_triggered,622.000,,,,,,,,,
63_30_daily,2026-03-25,MAHSEAMLES,2026-03-25,triggered,581.800,2026-03-27,581.800,553.500,638.400,2026-03-30,553.500,stop,-5.114,-1.000
63_30_daily,2026-03-25,TRIVENI,2026-03-25,not_triggered,419.600,,,,,,,,,
Bullish_Scanner,2026-03-25,GRANULES,2026-03-25,not_triggered,640.000,,,,,,,,,
63_30_daily,2026-03-27,ACMESOLAR,2026-03-27,triggered,274.000,2026-04-02,274.000,252.080,317.840,2026-05-04,298.750,time,8.783,1.129
63_30_daily,2026-03-27,DWARKESH,2026-03-27,triggered,42.500,2026-03-30,42.990,39.730,49.510,2026-04-30,49.510,target,14.916,2.000
63_30_daily,2026-03-27,SPLPETRO,2026-03-27,not_triggered,786.950,,,,,,,,,
Bullish_Scanner,2026-03-27,ATHERENERG,2026-03-27,triggered,802.900,2026-03-30,802.900,759.050,890.600,2026-03-30,759.050,stop,-5.711,-1.000
63_30_daily,2026-03-30,ASTERDM,2026-03-30,not_triggered,709.600,,,,,,,,,
Wkly_upswing,2026-03-30,MBAPL,2026-04-02,triggered,107.400,2026-04-06,107.670,99.056,124.897,2026-05-05,112.770,time,4.487,0.592
63_30_daily,2026-04-01,AUROPHARMA,2026-04-01,not_triggered,1359.900,,,,,,,,,
Bullish_Scanner,2026-04-01,MBAPL,2026-04-01,triggered,101.990,2026-04-02,101.990,93.831,118.308,2026-05-04,109.680,time,7.290,0.942
63_30_daily,2026-04-06,ADANIPOWER,2026-04-06,triggered,165.100,2026-04-07,165.100,161.050,173.200,2026-04-08,173.200,target,4.656,2.000
63_30_daily,2026-04-06,ZYDUSWELL,2026-04-06,not_triggered,527.650,,,,,,,,,
Bullish_Scanner,2026-04-06,GRANULES,2026-04-06,triggered,649.000,2026-04-08,650.000,602.200,745.600,2026-05-06,745.600,target,14.458,2.000
Wkly_upswing,2026-04-06,GAEL,2026-04-10,triggered,154.800,2026-04-13,154.800,142.416,179.568,2026-05-12,166.420,time,7.256,0.938
Wkly_upswing,2026-04-06,PRECWIRE,2026-04-10,triggered,341.900,2026-04-13,341.900,314.548,396.604,2026-04-21,396.604,target,15.750,2.000
Wkly_upswing,2026-04-06,ROSSTECH,2026-04-10,triggered,957.900,2026-04-15,957.900,881.268,1111.164,2026-04-20,881.268,stop,-8.250,-1.000
Wkly_upswing,2026-04-06,RPTECH,2026-04-10,triggered,407.000,2026-04-13,407.000,374.440,472.120,2026-04-20,472.120,target,15.750,2.000
Wkly_upswing,2026-04-06,STEELCAS,2026-04-10,triggered,285.000,2026-04-13,285.000,262.200,330.600,2026-05-13,298.450,time,4.469,0.590
63_30_daily,2026-04-07,BODALCHEM,2026-04-07,triggered,66.100,2026-04-08,66.980,61.622,77.697,2026-05-08,73.150,time,8.962,1.151
Bullish_Scanner,2026-04-07,ALIVUS,2026-04-07,triggered,1042.650,2026-04-08,1054.900,995.000,1174.700,2026-04-29,995.000,stop,-5.928,-1.000
63_30_daily,2026-04-08,SUYOG,2026-04-08,triggered,780.000,2026-04-09,780.000,717.600,904.800,2026-05-11,812.900,time,3.968,0.527
Bullish_Scanner,2026-04-08,ANANDRATHI,2026-04-08,triggered,1705.100,2026-04-09,1714.500,1660.300,1822.900,2026-04-15,1822.900,target,6.073,2.000
Bullish_Scanner,2026-04-08,ARFIN,2026-04-08,triggered,87.800,2026-04-09,88.250,81.190,102.370,2026-05-11,95.930,time,8.453,1.088
63_30_daily,2026-04-09,ELECTCAST,2026-04-09,not_triggered,86.500,,,,,,,,,
63_30_daily,2026-04-09,ZENTEC,2026-04-09,not_triggered,1582.000,,,,,,,,,
Bullish_Scanner,2026-04-09,BELRISE,2026-04-09,triggered,204.400,2026-04-10,204.400,193.390,226.420,2026-05-07,226.420,target,10.523,2.000
Bullish_Scanner,2026-04-09,HONASA,2026-04-09,triggered,348.650,2026-04-10,348.650,320.758,404.434,2026-05-11,352.950,time,0.983,0.154
63_30_daily,2026-04-10,ACI,2026-04-10,not_triggered,630.850,,,,,,,,,
63_30_daily,2026-04-10,ATLANTAELE,2026-04-10,triggered,1350.800,2026-04-15,1350.800,1290.000,1472.400,2026-04-22,1472.400,target,8.752,2.000
63_30_daily,2026-04-10,HIRECT,2026-04-10,triggered,847.400,2026-04-13,847.400,779.608,982.984,2026-04-27,982.984,target,15.750,2.000
Bullish_Scanner,2026-04-10,INOXINDIA,2026-04-10,triggered,1325.000,2026-04-13,1325.000,1226.000,1523.000,2026-04-16,1523.000,target,14.693,2.000
Bullish_Scanner,2026-04-10,ISGEC,2026-04-10,triggered,1009.500,2026-04-13,1009.500,961.350,1105.800,2026-05-13,1061.800,time,4.931,1.086
Bullish_Scanner,2026-04-10,SBC,2026-04-10,not_triggered,33.620,,,,,,,,,
63_30_daily,2026-04-13,ACMESOLAR,2026-04-13,triggered,289.150,2026-04-15,289.750,269.050,331.150,2026-05-13,282.550,time,-2.735,-0.348
Bullish_Scanner,2026-04-13,AKUMS,2026-04-13,triggered,527.600,2026-04-15,531.950,498.800,598.250,2026-05-14,527.900,time,-1.011,-0.122
Wkly_upswing,2026-04-13,AZAD,2026-04-17,triggered,1923.700,2026-04-20,1923.700,1769.804,2231.492,2026-04-27,2231.492,target,15.750,2.000
Wkly_upswing,2026-04-13,BHEL,2026-04-17,triggered,317.800,2026-04-20,318.530,293.048,369.495,2026-05-04,369.495,target,15.750,2.000
Wkly_upswing,2026-04-13,ENGINERSIN,2026-04-17,triggered,247.560,2026-04-20,247.560,227.755,287.170,2026-05-18,237.550,time,-4.293,-0.505
Wkly_upswing,2026-04-13,GMDCLTD,2026-04-17,not_triggered,771.900,,,,,,,,,
Wkly_upswing,2026-04-13,IMFA,2026-04-17,triggered,1582.700,2026-04-24,1582.700,1456.084,1835.932,2026-05-04,1456.084,stop,-8.250,-1.000
Wkly_upswing,2026-04-13,JAYNECOIND,2026-04-17,triggered,99.700,2026-04-21,99.700,91.724,115.652,2026-05-05,115.652,target,15.750,2.000
Wkly_upswing,2026-04-13,KRN,2026-04-17,triggered,1290.000,2026-04-20,1290.000,1186.800,1496.400,2026-04-22,1186.800,stop,-8.250,-1.000
Wkly_upswing,2026-04-13,LAURUSLABS,2026-04-17,triggered,1142.350,2026-04-20,1142.350,1072.550,1281.950,2026-05-12,1281.950,target,11.970,2.000
Wkly_upswing,2026-04-13,MAHLOG,2026-04-17,triggered,436.700,2026-04-21,436.700,401.764,506.572,2026-04-24,401.764,stop,-8.250,-1.000
Wkly_upswing,2026-04-13,RAMRAT,2026-04-17,not_triggered,414.650,,,,,,,,,
Wkly_upswing,2026-04-13,SAIL,2026-04-17,triggered,174.990,2026-04-21,174.990,160.991,202.988,2026-05-14,203.000,target_gap,15.757,2.001
Wkly_upswing,2026-04-13,SALSTEEL,2026-04-17,triggered,57.750,2026-04-24,57.750,53.130,66.990,2026-05-25,56.210,time,-2.917,-0.333
Wkly_upswing,2026-04-13,SYRMA,2026-04-17,triggered,993.000,2026-04-21,993.000,913.560,1151.880,2026-05-12,1155.000,target_gap,16.064,2.039
Wkly_upswing,2026-04-13,TATAPOWER,2026-04-17,triggered,432.000,2026-04-20,432.000,397.440,501.120,2026-05-13,391.000,stop_gap,-9.741,-1.186
63_30_daily,2026-04-15,IGIL,2026-04-15,triggered,355.000,2026-04-16,360.700,341.000,400.100,2026-05-04,341.000,stop,-5.712,-1.000
63_30_daily,2026-04-15,JINDALSAW,2026-04-15,triggered,220.400,2026-04-16,221.990,208.250,249.470,2026-04-23,249.470,target,12.129,2.000
63_30_daily,2026-04-15,JSWENERGY,2026-04-15,triggered,534.800,2026-04-16,534.800,518.400,567.600,2026-04-23,567.600,target,5.883,2.000
63_30_daily,2026-04-15,WSTCSTPAPR,2026-04-15,triggered,491.600,2026-04-16,491.600,463.000,548.800,2026-05-14,469.000,time,-4.847,-0.790
Bullish_Scanner,2026-04-15,GPIL,2026-04-15,triggered,304.950,2026-04-16,307.450,292.200,337.950,2026-04-23,292.200,stop,-5.210,-1.000
Bullish_Scanner,2026-04-15,JINDALSAW,2026-04-15,triggered,220.400,2026-04-16,221.990,208.250,249.470,2026-04-23,249.470,target,12.129,2.000
Bullish_Scanner,2026-04-15,KIRLOSENG,2026-04-15,triggered,1613.200,2026-04-16,1618.000,1500.000,1854.000,2026-05-14,1596.600,time,-1.573,-0.181
Bullish_Scanner,2026-04-15,NMDC,2026-04-15,triggered,87.970,2026-04-16,87.970,86.211,91.489,2026-04-16,86.211,stop,-2.250,-1.000
Bullish_Scanner,2026-04-15,TATAPOWER,2026-04-15,triggered,423.900,2026-04-16,427.400,410.000,462.200,2026-04-28,462.200,target,7.892,2.000
63_30_daily,2026-04-16,SGFIN,2026-04-16,triggered,532.700,2026-04-17,532.700,490.084,617.932,2026-05-07,628.000,target_gap,17.640,2.236
Bullish_Scanner,2026-04-16,IGIL,2026-04-16,not_triggered,384.950,,,,,,,,,
Bullish_Scanner,2026-04-16,NLCINDIA,2026-04-16,triggered,307.450,2026-04-17,307.450,282.854,356.642,2026-05-14,356.642,target,15.750,2.000
Bullish_Scanner,2026-04-16,SENORES,2026-04-16,triggered,896.500,2026-04-17,898.800,847.650,1001.100,2026-05-15,1001.100,target,11.132,2.000
Bullish_Scanner,2026-04-16,SGFIN,2026-04-16,triggered,532.700,2026-04-17,532.700,490.084,617.932,2026-05-07,628.000,target_gap,17.640,2.236
Bullish_Scanner,2026-04-16,VISHNU,2026-04-16,triggered,598.900,2026-04-17,598.900,550.988,694.724,2026-05-15,573.000,time,-4.575,-0.541
63_30_daily,2026-04-17,IOLCP,2026-04-17,triggered,93.730,2026-04-22,93.730,86.232,108.727,2026-05-11,108.727,target,15.750,2.000
63_30_daily,2026-04-17,PREMIERENE,2026-04-17,not_triggered,1050.800,,,,,,,,,
Bullish_Scanner,2026-04-17,CGPOWER,2026-04-17,triggered,776.500,2026-04-20,776.500,748.350,832.800,2026-04-22,832.800,target,7.000,2.000
Bullish_Scanner,2026-04-17,NAVA,2026-04-17,not_triggered,736.800,,,,,,,,,
63_30_daily,2026-04-20,GUJALKALI,2026-04-20,triggered,745.550,2026-04-21,745.550,704.000,828.650,2026-04-21,704.000,stop,-5.823,-1.000
63_30_daily,2026-04-20,SUVEN,2026-04-20,not_triggered,217.500,,,,,,,,,
Bullish_Scanner,2026-04-20,NTPC,2026-04-20,triggered,400.850,2026-04-21,400.850,390.650,421.250,2026-05-13,390.650,stop,-2.795,-1.000
Wkly_upswing,2026-04-20,ARIHANT,2026-04-24,not_triggered,1100.000,,,,,,,,,
Wkly_upswing,2026-04-20,CGPOWER,2026-04-24,not_triggered,846.900,,,,,,,,,
Wkly_upswing,2026-04-20,HSCL,2026-04-24,triggered,605.000,2026-04-29,605.000,556.600,701.800,2026-05-18,556.600,stop,-8.250,-1.000
Wkly_upswing,2026-04-20,MAHABANK,2026-04-24,not_triggered,82.150,,,,,,,,,
Wkly_upswing,2026-04-20,MMFL,2026-04-24,not_triggered,526.950,,,,,,,,,
Wkly_upswing,2026-04-20,NESTLEIND,2026-04-24,triggered,1430.900,2026-04-27,1430.900,1316.428,1659.844,2026-05-25,1413.600,time,-1.459,-0.151
Wkly_upswing,2026-04-20,RHETAN,2026-04-24,triggered,29.490,2026-04-27,29.490,27.131,34.208,2026-05-04,27.131,stop,-8.250,-1.000
Wkly_upswing,2026-04-20,SIGMAADV,2026-04-24,triggered,239.700,2026-04-27,248.490,228.611,288.248,2026-05-04,297.000,target_gap,19.272,2.440
Wkly_upswing,2026-04-20,TORNTPOWER,2026-04-24,triggered,1744.400,2026-04-27,1744.400,1604.848,2023.504,2026-05-12,1604.848,stop,-8.250,-1.000
63_30_daily,2026-04-21,ANTHEM,2026-04-21,not_triggered,767.100,,,,,,,,,
63_30_daily,2026-04-21,JAGSNPHARM,2026-04-21,triggered,201.790,2026-04-23,201.790,186.100,233.170,2026-05-21,211.840,time,4.730,0.641
63_30_daily,2026-04-21,PRAJIND,2026-04-21,triggered,368.000,2026-04-22,368.950,356.550,393.750,2026-04-23,393.750,target,6.472,2.000
Bullish_Scanner,2026-04-21,CEIGALL,2026-04-21,triggered,325.000,2026-04-22,325.000,306.800,361.400,2026-05-07,361.400,target,10.950,2.000
Bullish_Scanner,2026-04-21,HSCL,2026-04-21,triggered,513.450,2026-04-22,513.450,487.000,566.350,2026-04-24,566.350,target,10.053,2.000
63_30_daily,2026-04-22,RISHABH,2026-04-22,triggered,514.850,2026-04-23,514.850,473.662,597.226,2026-04-30,473.662,stop,-8.250,-1.000
63_30_daily,2026-04-22,URBANCO,2026-04-22,triggered,149.500,2026-04-23,149.500,137.540,173.420,2026-05-11,132.400,stop_gap,-11.688,-1.430
Bullish_Scanner,2026-04-22,BALRAMCHIN,2026-04-22,triggered,544.450,2026-04-23,544.450,509.600,614.150,2026-04-24,509.600,stop,-6.651,-1.000
Bullish_Scanner,2026-04-22,NTPC,2026-04-22,triggered,407.250,2026-04-27,407.250,393.200,435.350,2026-04-30,393.200,stop,-3.700,-1.000
Bullish_Scanner,2026-04-22,SANGAMIND,2026-04-22,triggered,548.000,2026-04-23,555.000,510.600,643.800,2026-04-24,510.600,stop,-8.250,-1.000
63_30_daily,2026-04-23,BAJAJHIND,2026-04-23,not_triggered,20.300,,,,,,,,,
63_30_daily,2026-04-23,DHAMPURSUG,2026-04-23,not_triggered,155.200,,,,,,,,,
63_30_daily,2026-04-23,MAGADSUGAR,2026-04-23,not_triggered,548.800,,,,,,,,,
63_30_daily,2026-04-23,MARINE,2026-04-23,not_triggered,244.450,,,,,,,,,
63_30_daily,2026-04-23,NOCIL,2026-04-23,triggered,183.900,2026-04-24,185.000,174.610,205.780,2026-05-11,174.610,stop,-5.866,-1.000
63_30_daily,2026-04-23,RENUKA,2026-04-23,not_triggered,30.200,,,,,,,,,
63_30_daily,2026-04-23,STAR,2026-04-23,triggered,1080.900,2026-04-24,1080.900,1002.050,1238.600,2026-05-22,1153.200,time,6.439,0.917
63_30_daily,2026-04-23,WELCORP,2026-04-23,triggered,1234.950,2026-04-28,1234.950,1136.154,1432.542,2026-05-26,1319.000,time,6.556,0.851
Bullish_Scanner,2026-04-23,RHETAN,2026-04-23,triggered,28.800,2026-04-24,29.040,26.717,33.686,2026-05-04,26.717,stop,-8.250,-1.000
63_30_daily,2026-04-24,SBCL,2026-04-24,triggered,625.000,2026-04-27,625.000,575.000,725.000,2026-05-13,575.000,stop_gap,-8.250,-1.000
63_30_daily,2026-04-27,ADVENZYMES,2026-04-27,triggered,334.400,2026-04-28,334.400,307.648,387.904,2026-05-11,387.904,target,15.750,2.000
63_30_daily,2026-04-27,ASAL,2026-04-27,not_triggered,556.600,,,,,,,,,
63_30_daily,2026-04-27,BHAGYANGR,2026-04-27,triggered,255.990,2026-04-28,255.990,235.511,296.948,2026-05-07,304.700,target_gap,18.778,2.379
63_30_daily,2026-04-27,ENGINERSIN,2026-04-27,not_triggered,264.600,,,,,,,,,
63_30_daily,2026-04-27,GKSL,2026-04-27,triggered,119.500,2026-04-29,119.500,112.010,134.480,2026-05-08,134.480,target,12.286,2.000
63_30_daily,2026-04-27,KIRLPNU,2026-04-27,triggered,755.000,2026-04-28,755.000,694.600,875.800,2026-05-26,831.000,time,9.816,1.258
63_30_daily,2026-04-27,NTPCGREEN,2026-04-27,not_triggered,119.950,,,,,,,,,
63_30_daily,2026-04-27,PITTIENG,2026-04-27,triggered,1013.000,2026-04-28,1013.000,931.960,1175.080,2026-05-12,931.960,stop,-8.250,-1.000
63_30_daily,2026-04-27,TALBROAUTO,2026-04-27,triggered,299.000,2026-04-28,299.000,277.000,343.000,2026-05-05,343.000,target,14.466,2.000
63_30_daily,2026-04-27,TARIL,2026-04-27,not_triggered,358.000,,,,,,,,,
63_30_daily,2026-04-27,TATAPOWER,2026-04-27,triggered,455.950,2026-04-28,455.950,435.200,497.450,2026-05-08,435.200,stop,-4.801,-1.000
63_30_daily,2026-04-27,USHAMART,2026-04-27,triggered,470.000,2026-04-30,470.000,446.100,517.800,2026-05-27,517.800,target,9.920,2.000
63_30_daily,2026-04-27,VIJAYA,2026-04-27,triggered,1120.000,2026-04-28,1120.000,1065.550,1228.900,2026-05-08,1269.000,target_gap,13.054,2.736
Bullish_Scanner,2026-04-27,MWL,2026-04-27,triggered,31.020,2026-04-28,31.020,28.538,35.983,2026-05-04,36.000,target_gap,15.804,2.007
Wkly_upswing,2026-04-27,ADANIPORTS,2026-05-01,triggered,1677.000,2026-05-04,1702.000,1593.000,1920.000,2026-06-01,1783.500,time,4.538,0.748
Wkly_upswing,2026-04-27,AUSOMENT,2026-04-30,triggered,159.400,2026-05-05,159.400,146.648,184.904,2026-05-06,146.648,stop,-8.250,-1.000
Wkly_upswing,2026-04-27,BBOX,2026-05-01,triggered,655.850,2026-05-04,655.850,603.382,760.786,2026-05-08,760.786,target,15.750,2.000
Wkly_upswing,2026-04-27,NTPC,2026-05-01,not_triggered,414.400,,,,,,,,,
63_30_daily,2026-04-28,ATGL,2026-04-28,not_triggered,684.900,,,,,,,,,
63_30_daily,2026-04-28,AVL,2026-04-28,not_triggered,550.000,,,,,,,,,
63_30_daily,2026-04-28,DHANBANK,2026-04-28,triggered,33.400,2026-04-29,33.400,30.728,38.744,2026-04-29,30.728,stop,-8.250,-1.000
63_30_daily,2026-04-28,EMIL,2026-04-28,triggered,127.000,2026-04-29,127.000,116.840,147.320,2026-05-11,116.840,stop,-8.250,-1.000
63_30_daily,2026-04-28,KIOCL,2026-04-28,not_triggered,442.000,,,,,,,,,
63_30_daily,2026-04-28,PTC,2026-04-28,triggered,206.790,2026-04-29,208.250,195.690,233.370,2026-05-20,195.690,stop,-6.281,-1.000
63_30_daily,2026-04-28,URJA,2026-04-28,triggered,13.090,2026-04-29,13.090,12.043,15.184,2026-04-29,12.043,stop,-8.250,-1.000
Bullish_Scanner,2026-04-28,BBOX,2026-04-28,not_triggered,655.850,,,,,,,,,
Bullish_Scanner,2026-04-28,DHANBANK,2026-04-28,triggered,33.400,2026-04-29,33.400,30.728,38.744,2026-04-29,30.728,stop,-8.250,-1.000
Bullish_Scanner,2026-04-28,RKFORGE,2026-04-28,not_triggered,617.750,,,,,,,,,
Bullish_Scanner,2026-04-28,RRKABEL,2026-04-28,triggered,1620.000,2026-04-29,1620.000,1504.600,1850.800,2026-05-07,1850.800,target,13.997,2.000
63_30_daily,2026-04-29,ARIS,2026-04-29,triggered,139.800,2026-04-30,139.800,132.030,155.340,2026-05-05,132.030,stop,-5.808,-1.000
63_30_daily,2026-04-29,BAJEL,2026-04-29,not_triggered,201.730,,,,,,,,,
63_30_daily,2026-04-29,EMMVEE,2026-04-29,not_triggered,299.500,,,,,,,,,
63_30_daily,2026-04-29,GREENPLY,2026-04-29,not_triggered,294.660,,,,,,,,,
63_30_daily,2026-04-29,INDIAGLYCO,2026-04-29,triggered,1039.000,2026-04-30,1039.000,962.150,1192.700,2026-05-28,1000.800,time,-3.927,-0.497
63_30_daily,2026-04-29,INDOBORAX,2026-04-29,not_triggered,294.000,,,,,,,,,
63_30_daily,2026-04-29,POLYPLEX,2026-04-29,not_triggered,978.000,,,,,,,,,
63_30_daily,2026-04-29,SGFIN,2026-04-29,triggered,581.000,2026-05-04,581.000,534.520,673.960,2026-06-01,559.700,time,-3.916,-0.458
63_30_daily,2026-04-29,UNIPARTS,2026-04-29,not_triggered,559.000,,,,,,,,,
Bullish_Scanner,2026-04-29,BANDHANBNK,2026-04-29,triggered,204.440,2026-05-04,204.440,188.085,237.150,2026-05-18,188.085,stop,-8.250,-1.000
Bullish_Scanner,2026-04-29,COALINDIA,2026-04-29,triggered,485.700,2026-04-30,485.700,464.050,529.000,2026-05-07,464.050,stop,-4.707,-1.000
Bullish_Scanner,2026-04-29,EMCURE,2026-04-29,triggered,1769.000,2026-05-04,1769.000,1653.000,2001.000,2026-05-06,1653.000,stop,-6.807,-1.000
Bullish_Scanner,2026-04-29,RBLBANK,2026-04-29,not_triggered,345.650,,,,,,,,,
63_30_daily,2026-04-30,BAJAJHIND,2026-04-30,triggered,20.630,2026-05-04,20.630,19.590,22.710,2026-05-11,19.590,stop,-5.291,-1.000
63_30_daily,2026-04-30,CEMPRO,2026-04-30,triggered,815.250,2026-05-04,846.250,778.550,981.650,2026-05-07,981.650,target,15.750,2.000
63_30_daily,2026-04-30,GLOBUSSPR,2026-04-30,triggered,1125.000,2026-05-04,1125.000,1055.000,1265.000,2026-05-08,1055.000,stop,-6.472,-1.000
63_30_daily,2026-04-30,INNOVACAP,2026-04-30,triggered,763.400,2026-05-04,790.000,726.800,916.400,2026-05-13,916.400,target,15.750,2.000
63_30_daily,2026-04-30,URBANCO,2026-04-30,triggered,156.000,2026-05-05,156.000,143.520,180.960,2026-05-06,143.520,stop,-8.250,-1.000
63_30_daily,2026-05-04,ADANIPORTS,2026-05-04,triggered,1748.600,2026-05-05,1749.800,1687.300,1874.800,2026-05-12,1687.300,stop,-3.822,-1.000
63_30_daily,2026-05-04,AVALON,2026-05-04,triggered,1169.900,2026-05-05,1182.000,1087.440,1371.120,2026-05-08,1371.120,target,15.750,2.000
63_30_daily,2026-05-04,BHEL,2026-05-04,triggered,399.000,2026-05-07,399.000,367.080,462.840,2026-06-04,389.200,time,-2.706,-0.307
63_30_daily,2026-05-04,CESC,2026-05-04,not_triggered,204.500,,,,,,,,,
63_30_daily,2026-05-04,CGCL,2026-05-04,triggered,195.750,2026-05-05,195.750,184.000,219.250,2026-05-13,184.000,stop,-6.253,-1.000
63_30_daily,2026-05-04,EPIGRAL,2026-05-04,not_triggered,1400.000,,,,,,,,,
63_30_daily,2026-05-04,INDGN,2026-05-04,triggered,538.900,2026-05-05,538.900,505.000,606.700,2026-05-18,505.000,stop,-6.541,-1.000
63_30_daily,2026-05-04,KSL,2026-05-04,triggered,900.000,2026-05-05,900.000,851.500,997.000,2026-05-08,851.500,stop,-5.639,-1.000
63_30_daily,2026-05-04,MANORAMA,2026-05-04,triggered,1573.700,2026-05-05,1573.700,1500.000,1721.100,2026-05-12,1490.000,stop_gap,-5.569,-1.136
63_30_daily,2026-05-04,NESCO,2026-05-04,triggered,1290.000,2026-05-05,1297.000,1231.000,1429.000,2026-05-12,1231.000,stop,-5.339,-1.000
63_30_daily,2026-05-04,NOCIL,2026-05-04,triggered,191.000,2026-05-05,191.000,179.000,215.000,2026-05-08,179.000,stop,-6.533,-1.000
63_30_daily,2026-05-04,SATIN,2026-05-04,triggered,189.800,2026-05-05,190.890,176.160,220.350,2026-05-12,233.300,target_gap,21.967,2.879
63_30_daily,2026-05-04,SUNFLAG,2026-05-04,triggered,326.950,2026-05-05,335.000,308.200,388.600,2026-05-06,388.600,target,15.750,2.000
63_30_daily,2026-05-04,SURYODAY,2026-05-04,triggered,159.500,2026-05-05,159.500,152.170,174.160,2026-05-05,152.170,stop,-4.846,-1.000
63_30_daily,2026-05-04,UNIVCABLES,2026-05-04,triggered,993.550,2026-05-05,993.550,914.066,1152.518,2026-05-08,1152.518,target,15.750,2.000
63_30_daily,2026-05-04,VIJAYA,2026-05-04,triggered,1173.000,2026-05-05,1173.000,1136.000,1247.000,2026-05-08,1269.000,target_gap,7.934,2.595
63_30_daily,2026-05-04,VINDHYATEL,2026-05-04,triggered,1520.000,2026-05-07,1520.000,1398.400,1763.200,2026-05-08,1763.200,target,15.750,2.000
Bullish_Scanner,2026-05-04,PTC,2026-05-04,triggered,217.590,2026-05-05,217.590,208.660,235.450,2026-05-12,208.660,stop,-4.354,-1.000
Wkly_upswing,2026-05-04,KERNEX,2026-05-08,not_triggered,1626.000,,,,,,,,,
Wkly_upswing,2026-05-04,MSPL,2026-05-08,triggered,42.180,2026-05-11,42.970,39.532,49.845,2026-05-18,39.532,stop,-8.250,-1.000
63_30_daily,2026-05-05,AADHARHFC,2026-05-05,not_triggered,523.000,,,,,,,,,
63_30_daily,2026-05-05,DSSL,2026-05-05,triggered,1338.600,2026-05-06,1338.600,1231.512,1552.776,2026-05-19,1552.776,target,15.750,2.000
63_30_daily,2026-05-05,GABRIEL,2026-05-05,triggered,1108.500,2026-05-07,1108.500,1019.900,1285.700,2026-06-04,1019.900,stop,-8.243,-1.000
63_30_daily,2026-05-05,GOODLUCK,2026-05-05,triggered,463.333,2026-05-06,464.133,429.167,534.067,2026-05-18,429.167,stop,-7.784,-1.000
63_30_daily,2026-05-05,METROPOLIS,2026-05-05,triggered,516.200,2026-05-08,516.200,492.600,563.400,2026-05-08,563.400,target,8.894,2.000
63_30_daily,2026-05-05,MUTHOOTMF,2026-05-05,triggered,210.000,2026-05-06,210.000,200.000,230.000,2026-05-08,200.000,stop,-5.012,-1.000
63_30_daily,2026-05-05,NORTHARC,2026-05-05,triggered,278.400,2026-05-06,278.400,256.300,322.600,2026-06-03,293.050,time,5.012,0.663
63_30_daily,2026-05-05,SUMICHEM,2026-05-05,triggered,480.200,2026-05-06,480.200,445.850,548.900,2026-05-12,445.850,stop,-7.403,-1.000
Bullish_Scanner,2026-05-05,CREDITACC,2026-05-05,not_triggered,1568.000,,,,,,,,,
63_30_daily,2026-05-06,CROMPTON,2026-05-06,triggered,286.900,2026-05-07,286.900,276.100,308.500,2026-05-15,308.500,target,7.279,2.000
63_30_daily,2026-05-06,DHANBANK,2026-05-06,not_triggered,33.990,,,,,,,,,
63_30_daily,2026-05-06,ELECON,2026-05-06,not_triggered,579.000,,,,,,,,,
63_30_daily,2026-05-06,INDIASHLTR,2026-05-06,not_triggered,858.000,,,,,,,,,
63_30_daily,2026-05-06,KPEL,2026-05-06,triggered,410.000,2026-05-07,418.000,387.000,480.000,2026-05-11,387.000,stop,-7.666,-1.000
63_30_daily,2026-05-06,KPIGREEN,2026-05-06,not_triggered,507.300,,,,,,,,,
63_30_daily,2026-05-06,LICHSGFIN,2026-05-06,triggered,585.000,2026-05-07,586.500,560.050,639.400,2026-05-14,560.050,stop,-4.760,-1.000
63_30_daily,2026-05-06,MARKSANS,2026-05-06,triggered,207.000,2026-05-11,207.000,190.440,240.120,2026-05-26,240.120,target,15.750,2.000
63_30_daily,2026-05-06,MOTILALOFS,2026-05-06,triggered,900.000,2026-05-07,900.000,850.050,999.900,2026-05-12,850.050,stop,-5.800,-1.000
63_30_daily,2026-05-06,ONMOBILE,2026-05-06,not_triggered,61.800,,,,,,,,,
63_30_daily,2026-05-06,PANACEABIO,2026-05-06,triggered,407.450,2026-05-07,407.450,374.854,472.642,2026-05-12,374.854,stop,-8.250,-1.000
63_30_daily,2026-05-06,RAYMOND,2026-05-06,triggered,527.950,2026-05-07,527.950,485.714,612.422,2026-05-12,485.714,stop,-8.250,-1.000
63_30_daily,2026-05-06,RAYMONDREL,2026-05-06,triggered,569.600,2026-05-07,591.000,543.720,685.560,2026-05-18,543.720,stop,-8.250,-1.000
63_30_daily,2026-05-06,STAR,2026-05-06,triggered,1117.000,2026-05-07,1117.000,1045.700,1259.600,2026-05-19,1045.700,stop,-6.633,-1.000
63_30_daily,2026-05-06,WSTCSTPAPR,2026-05-06,triggered,535.350,2026-05-07,535.350,495.700,614.650,2026-05-13,495.700,stop,-7.656,-1.000
Bullish_Scanner,2026-05-06,ARMANFIN,2026-05-06,triggered,1818.000,2026-05-07,1818.000,1685.000,2084.000,2026-05-19,1685.000,stop,-7.566,-1.000
Bullish_Scanner,2026-05-06,SOTL,2026-05-06,not_triggered,467.900,,,,,,,,,
Bullish_Scanner,2026-05-06,SUNPHARMA,2026-05-06,triggered,1857.800,2026-05-11,1857.800,1818.400,1936.600,2026-05-26,1818.400,stop,-2.371,-1.000
63_30_daily,2026-05-07,ARIS,2026-05-07,triggered,147.500,2026-05-08,149.490,137.531,173.408,2026-05-15,137.531,stop,-8.250,-1.000
63_30_daily,2026-05-07,ASAL,2026-05-07,triggered,561.250,2026-05-08,565.000,524.200,646.600,2026-05-12,521.000,stop_gap,-8.038,-1.078
63_30_daily,2026-05-07,BORORENEW,2026-05-07,triggered,568.900,2026-05-08,568.900,546.000,614.700,2026-05-11,546.000,stop,-4.275,-1.000
63_30_daily,2026-05-07,CARBORUNIV,2026-05-07,triggered,1023.350,2026-05-08,1023.350,987.800,1094.450,2026-05-15,1094.450,target,6.698,2.000
63_30_daily,2026-05-07,COSMOFIRST,2026-05-07,triggered,782.900,2026-05-08,782.900,723.050,902.600,2026-06-01,723.050,stop,-7.895,-1.000
63_30_daily,2026-05-07,DCXINDIA,2026-05-07,triggered,222.700,2026-05-08,222.700,206.310,255.480,2026-05-12,205.730,stop_gap,-7.870,-1.035
63_30_daily,2026-05-07,E2E,2026-05-07,triggered,327.740,2026-05-08,337.000,317.500,376.000,2026-05-14,314.100,stop_gap,-7.045,-1.174
63_30_daily,2026-05-07,GODREJIND,2026-05-07,triggered,1226.850,2026-05-08,1241.000,1141.720,1439.560,2026-05-11,1141.720,stop,-8.250,-1.000
63_30_daily,2026-05-07,HARSHA,2026-05-07,not_triggered,469.000,,,,,,,,,
63_30_daily,2026-05-07,IIFLCAPS,2026-05-07,triggered,359.000,2026-05-08,359.000,335.000,407.000,2026-06-05,342.750,time,-4.776,-0.677
63_30_daily,2026-05-07,KERNEX,2026-05-07,triggered,1530.000,2026-05-08,1535.000,1412.200,1780.600,2026-05-12,1412.200,stop,-8.250,-1.000
63_30_daily,2026-05-07,LXCHEM,2026-05-07,triggered,164.900,2026-05-08,164.900,154.500,185.700,2026-05-14,154.500,stop,-6.557,-1.000
63_30_daily,2026-05-07,MEIL,2026-05-07,not_triggered,355.300,,,,,,,,,
63_30_daily,2026-05-07,MOSCHIP,2026-05-07,triggered,235.000,2026-05-08,235.000,216.200,272.600,2026-05-12,216.200,stop,-8.250,-1.000
63_30_daily,2026-05-07,ONIDA,2026-05-07,triggered,39.750,2026-05-08,41.750,38.410,48.430,2026-05-11,48.430,target,15.750,2.000
63_30_daily,2026-05-07,PLATIND,2026-05-07,triggered,258.890,2026-05-08,258.890,238.480,299.710,2026-05-13,238.480,stop,-8.134,-1.000
63_30_daily,2026-05-07,SCILAL,2026-05-07,not_triggered,55.000,,,,,,,,,
63_30_daily,2026-05-07,SYRMA,2026-05-07,triggered,1104.350,2026-05-08,1104.350,1059.000,1195.050,2026-05-13,1059.000,stop,-4.356,-1.000
63_30_daily,2026-05-07,TANLA,2026-05-07,not_triggered,589.000,,,,,,,,,
63_30_daily,2026-05-07,TVSELECT,2026-05-07,not_triggered,530.000,,,,,,,,,
Bullish_Scanner,2026-05-07,GODREJIND,2026-05-07,triggered,1226.850,2026-05-08,1241.000,1141.720,1439.560,2026-05-11,1141.720,stop,-8.250,-1.000
Bullish_Scanner,2026-05-07,RBLBANK,2026-05-07,not_triggered,349.900,,,,,,,,,
Bullish_Scanner,2026-05-07,SCILAL,2026-05-07,not_triggered,55.000,,,,,,,,,
63_30_daily,2026-05-08,DMCC,2026-05-08,not_triggered,332.900,,,,,,,,,
63_30_daily,2026-05-08,JAGSNPHARM,2026-05-08,not_triggered,225.120,,,,,,,,,
63_30_daily,2026-05-08,MIDHANI,2026-05-08,not_triggered,438.700,,,,,,,,,
63_30_daily,2026-05-08,NEOGEN,2026-05-08,not_triggered,1883.000,,,,,,,,,
63_30_daily,2026-05-08,NRBBEARING,2026-05-08,triggered,350.000,2026-05-13,350.000,322.000,406.000,2026-06-08,406.000,target,15.750,2.000
63_30_daily,2026-05-08,RPTECH,2026-05-08,triggered,538.000,2026-05-11,538.000,510.650,592.700,2026-05-13,510.650,stop,-5.334,-1.000
63_30_daily,2026-05-08,SHREEPUSHK,2026-05-08,not_triggered,423.000,,,,,,,,,
Bullish_Scanner,2026-05-08,METROPOLIS,2026-05-08,not_triggered,574.900,,,,,,,,,
63_30_daily,2026-05-11,ADVENZYMES,2026-05-11,not_triggered,419.000,,,,,,,,,
63_30_daily,2026-05-11,DBL,2026-05-11,not_triggered,497.000,,,,,,,,,
63_30_daily,2026-05-11,GREAVESCOT,2026-05-11,not_triggered,178.850,,,,,,,,,
63_30_daily,2026-05-11,IOLCP,2026-05-11,triggered,113.400,2026-05-12,113.400,104.328,131.544,2026-05-13,104.328,stop,-8.250,-1.000
63_30_daily,2026-05-11,SCI,2026-05-11,not_triggered,368.750,,,,,,,,,
63_30_daily,2026-05-11,SERVOTECH,2026-05-11,not_triggered,102.200,,,,,,,,,
63_30_daily,2026-05-11,TATACONSUM,2026-05-11,triggered,1279.400,2026-05-12,1279.400,1200.000,1438.200,2026-05-20,1200.000,stop,-6.456,-1.000
Bullish_Scanner,2026-05-11,KIMS,2026-05-11,not_triggered,791.150,,,,,,,,,
Bullish_Scanner,2026-05-11,SANSTAR,2026-05-11,not_triggered,102.800,,,,,,,,,
Bullish_Scanner,2026-05-11,TATACONSUM,2026-05-11,triggered,1279.400,2026-05-12,1279.400,1200.000,1438.200,2026-05-20,1200.000,stop,-6.456,-1.000
Wkly_upswing,2026-05-11,POCL,2026-05-15,not_triggered,647.600,,,,,,,,,
Wkly_upswing,2026-05-11,TATASTEEL,2026-05-15,not_triggered,224.400,,,,,,,,,
63_30_daily,2026-05-13,VERANDA,2026-05-13,triggered,245.000,2026-05-14,245.000,225.400,284.200,2026-06-02,225.400,stop,-8.250,-1.000
63_30_daily,2026-05-14,ALKYLAMINE,2026-05-14,not_triggered,1889.000,,,,,,,,,
63_30_daily,2026-05-14,BALAMINES,2026-05-14,triggered,1623.400,2026-05-15,1660.000,1527.200,1925.600,2026-05-25,1925.600,target,15.750,2.000
63_30_daily,2026-05-14,CARERATING,2026-05-14,triggered,1787.200,2026-05-15,1787.200,1690.000,1981.600,2026-05-25,1690.000,stop,-5.689,-1.000
63_30_daily,2026-05-14,DIACABS,2026-05-14,triggered,191.990,2026-05-15,195.000,179.400,226.200,2026-06-12,201.910,time,3.294,0.443
63_30_daily,2026-05-14,INDOAMIN,2026-05-14,not_triggered,134.950,,,,,,,,,
63_30_daily,2026-05-14,POCL,2026-05-14,not_triggered,647.600,,,,,,,,,
63_30_daily,2026-05-15,CROMPTON,2026-05-15,not_triggered,310.500,,,,,,,,,
63_30_daily,2026-05-15,HCG,2026-05-15,not_triggered,662.150,,,,,,,,,
Bullish_Scanner,2026-05-15,CARERATING,2026-05-15,not_triggered,1838.000,,,,,,,,,
Bullish_Scanner,2026-05-15,HESTERBIO,2026-05-15,not_triggered,1990.000,,,,,,,,,
Bullish_Scanner,2026-05-15,NAZARA,2026-05-15,not_triggered,314.000,,,,,,,,,
63_30_daily,2026-05-18,BBOX,2026-05-18,not_triggered,966.000,,,,,,,,,
63_30_daily,2026-05-18,FCL,2026-05-18,triggered,30.520,2026-05-19,33.000,30.360,38.280,2026-05-25,38.280,target,15.750,2.000
Bullish_Scanner,2026-05-18,SANSTAR,2026-05-18,triggered,113.000,2026-05-19,113.000,103.960,131.080,2026-05-25,103.960,stop,-8.250,-1.000
Wkly_upswing,2026-05-18,PRECOT,2026-05-22,triggered,783.900,2026-05-25,783.900,721.188,909.324,2026-06-08,721.188,stop,-8.250,-1.000
63_30_daily,2026-05-19,DSSL,2026-05-19,triggered,1575.800,2026-05-20,1575.800,1449.736,1827.928,2026-05-25,1827.928,target,15.750,2.000
63_30_daily,2026-05-19,SPARC,2026-05-19,triggered,189.450,2026-05-22,189.450,174.294,219.762,2026-05-25,219.762,target,15.750,2.000
63_30_daily,2026-05-19,TATATECH,2026-05-19,triggered,672.000,2026-05-20,672.000,629.400,757.200,2026-06-05,757.200,target,12.429,2.000
Bullish_Scanner,2026-05-19,ZYDUSLIFE,2026-05-19,triggered,1048.000,2026-05-20,1066.150,995.000,1208.450,2026-06-17,1061.400,time,-0.696,-0.067
63_30_daily,2026-05-20,ASIANENE,2026-05-20,triggered,375.750,2026-05-22,375.750,345.690,435.870,2026-06-01,345.690,stop,-8.250,-1.000
63_30_daily,2026-05-20,AVALON,2026-05-20,triggered,1499.000,2026-05-21,1499.000,1379.080,1738.840,2026-05-26,1379.080,stop,-8.250,-1.000
63_30_daily,2026-05-20,CARYSIL,2026-05-20,triggered,1070.000,2026-05-21,1070.000,984.400,1241.200,2026-06-18,1241.200,target,15.750,2.000
63_30_daily,2026-05-20,NOVARTIND,2026-05-20,triggered,1348.000,2026-05-21,1348.000,1240.160,1563.680,2026-05-29,1563.680,target,15.750,2.000
63_30_daily,2026-05-20,RAYMOND,2026-05-20,triggered,551.300,2026-05-21,551.300,509.850,634.200,2026-06-05,509.850,stop,-7.769,-1.000
63_30_daily,2026-05-21,CENTENKA,2026-05-21,triggered,540.100,2026-05-22,565.000,519.800,655.400,2026-05-22,519.800,stop,-8.250,-1.000
63_30_daily,2026-05-21,INDOBORAX,2026-05-21,triggered,329.900,2026-05-22,331.000,304.520,383.960,2026-06-15,384.000,target_gap,15.762,2.002
63_30_daily,2026-05-21,POLYPLEX,2026-05-21,not_triggered,1011.900,,,,,,,,,
63_30_daily,2026-05-21,SANDHAR,2026-05-21,triggered,604.400,2026-05-22,604.400,556.048,701.104,2026-05-25,701.104,target,15.750,2.000
63_30_daily,2026-05-21,SANGHVIMOV,2026-05-21,triggered,378.250,2026-05-25,378.250,347.990,438.770,2026-06-01,347.990,stop,-8.250,-1.000
63_30_daily,2026-05-21,SHYAMMETL,2026-05-21,triggered,938.000,2026-05-22,938.000,919.240,975.520,2026-05-25,975.520,target,3.750,2.000
Bullish_Scanner,2026-05-21,CENTENKA,2026-05-21,triggered,540.100,2026-05-22,565.000,519.800,655.400,2026-05-22,519.800,stop,-8.250,-1.000
Bullish_Scanner,2026-05-21,INDOBORAX,2026-05-21,triggered,329.900,2026-05-22,331.000,304.520,383.960,2026-06-15,384.000,target_gap,15.762,2.002
Bullish_Scanner,2026-05-21,POLYPLEX,2026-05-21,not_triggered,1011.900,,,,,,,,,
63_30_daily,2026-05-22,SFL,2026-05-22,not_triggered,659.000,,,,,,,,,
Bullish_Scanner,2026-05-22,ENTERO,2026-05-22,triggered,1374.000,2026-05-25,1374.000,1297.500,1527.000,2026-05-25,1297.500,stop,-5.818,-1.000
Bullish_Scanner,2026-05-22,JSWCEMENT,2026-05-22,not_triggered,142.500,,,,,,,,,
Bullish_Scanner,2026-05-22,SHYAMMETL,2026-05-22,triggered,952.500,2026-05-25,958.900,925.650,1025.400,2026-06-22,960.800,time,-0.052,0.057
63_30_daily,2026-05-25,CORDSCABLE,2026-05-25,triggered,235.600,2026-05-26,238.000,218.960,276.080,2026-06-02,218.000,stop_gap,-8.653,-1.050
63_30_daily,2026-05-25,E2E,2026-05-25,triggered,375.730,2026-05-26,375.730,355.110,416.970,2026-06-02,428.000,target_gap,13.662,2.535
63_30_daily,2026-05-25,JAYKAY,2026-05-25,triggered,209.100,2026-05-27,209.100,192.372,242.556,2026-05-29,192.372,stop,-8.250,-1.000
63_30_daily,2026-05-25,LLOYDSENGG,2026-05-25,triggered,75.950,2026-05-26,75.950,70.000,87.850,2026-06-03,70.000,stop,-8.084,-1.000
63_30_daily,2026-05-25,RAIN,2026-05-25,not_triggered,183.000,,,,,,,,,
Bullish_Scanner,2026-05-25,RAIN,2026-05-25,not_triggered,183.000,,,,,,,,,
Wkly_upswing,2026-05-25,FEDFINA,2026-05-29,not_triggered,166.440,,,,,,,,,
Wkly_upswing,2026-05-25,WANBURY,2026-05-29,not_triggered,315.200,,,,,,,,,
63_30_daily,2026-05-26,AMBIKCO,2026-05-26,not_triggered,1750.000,,,,,,,,,
63_30_daily,2026-05-26,ATGL,2026-05-26,triggered,731.400,2026-05-27,731.400,672.888,848.424,2026-05-29,848.424,target,15.750,2.000
63_30_daily,2026-05-26,BLUEJET,2026-05-26,not_triggered,521.550,,,,,,,,,
63_30_daily,2026-05-26,GALAPREC,2026-05-26,triggered,950.000,2026-05-29,976.600,898.472,1132.856,2026-06-01,898.472,stop,-8.250,-1.000
63_30_daily,2026-05-26,GREAVESCOT,2026-05-26,triggered,183.490,2026-05-27,183.490,171.500,207.470,2026-06-22,207.470,target,12.819,2.000
63_30_daily,2026-05-26,HIKAL,2026-05-26,triggered,220.370,2026-05-27,220.370,212.300,236.510,2026-05-29,209.000,stop_gap,-5.410,-1.409
63_30_daily,2026-05-26,INDOAMIN,2026-05-26,triggered,135.900,2026-05-27,145.010,133.409,168.212,2026-05-29,133.409,stop,-8.250,-1.000
63_30_daily,2026-05-26,MARKOLINES,2026-05-26,not_triggered,176.500,,,,,,,,,
63_30_daily,2026-05-26,MUNJALAU,2026-05-26,triggered,97.000,2026-05-27,97.000,93.200,104.600,2026-05-29,91.000,stop_gap,-6.436,-1.579
63_30_daily,2026-05-26,RAINBOW,2026-05-26,triggered,1390.200,2026-05-29,1390.200,1343.800,1483.000,2026-06-02,1343.800,stop,-3.588,-1.000
63_30_daily,2026-05-26,REDTAPE,2026-05-26,triggered,157.500,2026-05-27,157.500,144.900,182.700,2026-05-27,144.900,stop,-8.250,-1.000
Bullish_Scanner,2026-05-26,ADOR,2026-05-26,triggered,1169.000,2026-05-27,1169.000,1075.480,1356.040,2026-06-24,1226.600,time,4.677,0.616
Bullish_Scanner,2026-05-26,ICEMAKE,2026-05-26,not_triggered,920.000,,,,,,,,,
Bullish_Scanner,2026-05-26,MUFIN,2026-05-26,triggered,127.900,2026-05-27,127.900,123.600,136.500,2026-05-29,123.600,stop,-3.612,-1.000
63_30_daily,2026-05-27,EXIDEIND,2026-05-27,triggered,397.400,2026-05-29,397.400,365.608,460.984,2026-06-26,389.800,time,-2.162,-0.239
63_30_daily,2026-05-27,IFCI,2026-05-27,triggered,68.700,2026-05-29,68.900,64.200,78.300,2026-06-03,78.300,target,13.393,2.000
63_30_daily,2026-05-27,MANCREDIT,2026-05-27,triggered,198.950,2026-05-29,198.950,183.034,230.782,2026-06-15,230.782,target,15.750,2.000
63_30_daily,2026-05-27,MOTILALOFS,2026-05-27,not_triggered,909.000,,,,,,,,,
63_30_daily,2026-05-27,PSPPROJECT,2026-05-27,triggered,879.000,2026-06-01,879.000,824.550,987.900,2026-06-03,824.550,stop,-6.445,-1.000
63_30_daily,2026-05-27,WOCKPHARMA,2026-05-27,triggered,1789.000,2026-05-29,1925.000,1771.000,2233.000,2026-06-01,2377.000,target_gap,23.231,2.935
Bullish_Scanner,2026-05-27,EXIDEIND,2026-05-27,triggered,397.400,2026-05-29,397.400,365.608,460.984,2026-06-26,389.800,time,-2.162,-0.239
Bullish_Scanner,2026-05-27,JSWENERGY,2026-05-27,triggered,608.900,2026-05-29,608.900,579.100,668.500,2026-06-02,579.100,stop,-5.144,-1.000
63_30_daily,2026-05-29,BLUSPRING,2026-05-29,triggered,80.970,2026-06-01,80.970,74.492,93.925,2026-06-05,93.925,target,15.750,2.000
63_30_daily,2026-05-29,GTLINFRA,2026-05-29,not_triggered,1.520,,,,,,,,,
63_30_daily,2026-05-29,ORCHPHARMA,2026-05-29,triggered,828.000,2026-06-01,828.000,761.760,960.480,2026-06-15,960.480,target,15.750,2.000
63_30_daily,2026-06-01,ICIL,2026-06-01,triggered,353.900,2026-06-02,353.900,325.588,410.524,2026-06-05,325.588,stop,-8.250,-1.000
63_30_daily,2026-06-01,SAREGAMA,2026-06-01,not_triggered,477.500,,,,,,,,,
63_30_daily,2026-06-01,WELSPUNLIV,2026-06-01,not_triggered,146.000,,,,,,,,,
Bullish_Scanner,2026-06-01,SAREGAMA,2026-06-01,not_triggered,477.500,,,,,,,,,
Wkly_upswing,2026-06-01,ACMESOLAR,2026-06-05,triggered,360.000,2026-06-08,360.000,331.200,417.600,2026-06-17,331.200,stop,-8.250,-1.000
Wkly_upswing,2026-06-01,SILVERTUC,2026-06-05,triggered,183.990,2026-06-08,183.990,169.271,213.428,2026-07-06,183.540,time,-0.495,-0.031
Wkly_upswing,2026-06-01,ZENTEC,2026-06-05,not_triggered,1885.000,,,,,,,,,
63_30_daily,2026-06-02,COFORGE,2026-06-02,not_triggered,1554.000,,,,,,,,,
63_30_daily,2026-06-02,UNIVCABLES,2026-06-02,triggered,1280.800,2026-06-03,1299.900,1195.908,1507.884,2026-06-03,1195.908,stop,-8.250,-1.000
63_30_daily,2026-06-03,NH,2026-06-03,triggered,1989.000,2026-06-04,1989.000,1920.500,2126.000,2026-06-08,1920.500,stop,-3.694,-1.000
63_30_daily,2026-06-03,PNBGILTS,2026-06-03,triggered,90.900,2026-06-04,90.900,83.628,105.444,2026-06-04,83.628,stop,-8.250,-1.000
63_30_daily,2026-06-03,SOTL,2026-06-03,triggered,525.300,2026-06-04,527.000,484.840,611.320,2026-06-15,611.320,target,15.750,2.000
63_30_daily,2026-06-03,SOUTHBANK,2026-06-03,triggered,44.300,2026-06-04,44.300,42.000,48.900,2026-06-18,48.900,target,10.134,2.000
63_30_daily,2026-06-03,SPECTRUM,2026-06-03,triggered,1687.900,2026-06-04,1687.900,1552.868,1957.964,2026-06-11,1552.868,stop,-8.250,-1.000
63_30_daily,2026-06-03,STALLION,2026-06-03,triggered,195.020,2026-06-04,195.950,180.274,227.302,2026-06-08,180.274,stop,-8.250,-1.000
Bullish_Scanner,2026-06-03,SPAL,2026-06-03,not_triggered,849.500,,,,,,,,,
63_30_daily,2026-06-04,ANANTRAJ,2026-06-04,triggered,592.950,2026-06-05,595.200,547.584,690.432,2026-06-08,547.584,stop,-8.250,-1.000
63_30_daily,2026-06-04,BCG,2026-06-04,triggered,11.590,2026-06-05,12.100,11.150,14.000,2026-06-08,11.150,stop,-8.101,-1.000
63_30_daily,2026-06-04,SIYSIL,2026-06-04,triggered,633.450,2026-06-09,633.450,582.774,734.802,2026-07-07,630.300,time,-0.747,-0.062
63_30_daily,2026-06-04,V2RETAIL,2026-06-04,not_triggered,259.250,,,,,,,,,
63_30_daily,2026-06-05,CHEMCON,2026-06-05,not_triggered,214.450,,,,,,,,,
63_30_daily,2026-06-05,GREAVESCOT,2026-06-05,triggered,193.400,2026-06-08,193.400,181.440,217.320,2026-06-10,181.440,stop,-6.434,-1.000
63_30_daily,2026-06-05,JASH,2026-06-05,triggered,450.000,2026-06-08,451.500,423.300,507.900,2026-06-15,507.900,target,12.242,2.000
63_30_daily,2026-06-05,RAMCOSYS,2026-06-05,triggered,571.950,2026-06-08,571.950,526.194,663.462,2026-06-09,526.194,stop,-8.250,-1.000
63_30_daily,2026-06-05,RPEL,2026-06-05,triggered,1120.000,2026-06-09,1120.000,1030.400,1299.200,2026-07-03,1300.000,target_gap,15.821,2.009
63_30_daily,2026-06-05,TVSSCS,2026-06-05,not_triggered,130.390,,,,,,,,,
Bullish_Scanner,2026-06-05,SAILIFE,2026-06-05,triggered,1190.000,2026-06-08,1190.000,1157.000,1256.000,2026-06-29,1256.000,target,5.296,2.000
63_30_daily,2026-06-08,OCCLLTD,2026-06-08,triggered,138.750,2026-06-09,138.750,127.650,160.950,2026-06-10,127.650,stop,-8.250,-1.000
63_30_daily,2026-06-08,SFL,2026-06-08,triggered,678.000,2026-06-09,678.000,629.850,774.300,2026-07-07,748.500,time,10.148,1.464
Bullish_Scanner,2026-06-08,OCCLLTD,2026-06-08,triggered,138.750,2026-06-09,138.750,127.650,160.950,2026-06-10,127.650,stop,-8.250,-1.000
Wkly_upswing,2026-06-08,INOXINDIA,2026-06-12,not_triggered,1980.000,,,,,,,,,
Wkly_upswing,2026-06-08,MAHABANK,2026-06-12,triggered,87.620,2026-06-15,88.610,81.521,102.788,2026-07-08,81.521,stop,-8.250,-1.000
Bullish_Scanner,2026-06-09,FEDERALBNK,2026-06-09,triggered,315.900,2026-06-10,315.900,306.350,335.000,2026-07-08,326.550,time,3.121,1.115
Bullish_Scanner,2026-06-09,RBLBANK,2026-06-09,triggered,362.000,2026-06-10,362.000,345.950,394.100,2026-07-08,359.800,time,-0.858,-0.137
63_30_daily,2026-06-10,AEGISLOG,2026-06-10,triggered,832.900,2026-06-11,832.900,787.100,924.500,2026-06-11,924.500,target,10.748,2.000
63_30_daily,2026-06-10,EASEMYTRIP,2026-06-10,not_triggered,9.140,,,,,,,,,
63_30_daily,2026-06-10,ELECTHERM,2026-06-10,triggered,1179.900,2026-06-11,1179.900,1085.508,1368.684,2026-06-18,1085.508,stop,-8.250,-1.000
63_30_daily,2026-06-11,VINCOFE,2026-06-11,not_triggered,169.500,,,,,,,,,
63_30_daily,2026-06-12,BETA,2026-06-12,triggered,1771.200,2026-06-15,1920.000,1766.400,2227.200,2026-06-22,2227.200,target,15.750,2.000
63_30_daily,2026-06-12,MANALIPETC,2026-06-12,triggered,68.600,2026-06-15,68.600,63.112,79.576,2026-06-29,63.112,stop,-8.250,-1.000
63_30_daily,2026-06-12,ORCHPHARMA,2026-06-12,triggered,935.000,2026-06-15,936.700,861.764,1086.572,2026-06-16,1086.572,target,15.750,2.000
63_30_daily,2026-06-15,CYIENTDLM,2026-06-15,not_triggered,490.150,,,,,,,,,
63_30_daily,2026-06-15,GAIL,2026-06-15,triggered,177.210,2026-06-16,177.210,172.110,187.410,2026-06-29,172.110,stop,-3.128,-1.000
63_30_daily,2026-06-15,GALAPREC,2026-06-15,not_triggered,1082.900,,,,,,,,,
63_30_daily,2026-06-15,JASH,2026-06-15,not_triggered,514.800,,,,,,,,,
63_30_daily,2026-06-15,JAYBARMARU,2026-06-15,triggered,159.120,2026-06-16,164.690,151.515,191.040,2026-07-10,191.040,target,15.750,2.000
63_30_daily,2026-06-15,MAITHANALL,2026-06-15,triggered,1089.000,2026-06-17,1089.000,1035.000,1197.000,2026-06-18,1197.000,target,9.667,2.000
63_30_daily,2026-06-15,MOTILALOFS,2026-06-15,triggered,945.550,2026-06-16,948.950,903.000,1040.850,2026-07-14,967.000,time,1.652,0.393
63_30_daily,2026-06-15,QUADFUTURE,2026-06-15,triggered,386.850,2026-06-16,386.850,355.902,448.746,2026-06-24,448.746,target,15.750,2.000
63_30_daily,2026-06-15,RATEGAIN,2026-06-15,triggered,842.950,2026-06-16,842.950,801.150,926.550,2026-07-02,926.550,target,9.668,2.000
63_30_daily,2026-06-15,VAIBHAVGBL,2026-06-15,triggered,245.990,2026-06-17,245.990,231.690,274.590,2026-06-29,231.690,stop,-6.063,-1.000
63_30_daily,2026-06-15,YESBANK,2026-06-15,triggered,24.000,2026-06-16,24.000,23.250,25.500,2026-06-18,25.500,target,6.000,2.000
Bullish_Scanner,2026-06-15,SPAL,2026-06-15,triggered,931.250,2026-06-18,931.250,856.750,1080.250,2026-06-18,856.750,stop,-8.250,-1.000
Wkly_upswing,2026-06-15,AEROENTER,2026-06-19,triggered,137.950,2026-06-22,139.020,127.898,161.263,2026-07-07,127.898,stop,-8.250,-1.000
Wkly_upswing,2026-06-15,AVL,2026-06-19,triggered,636.900,2026-06-22,640.000,588.800,742.400,2026-07-20,637.300,time,-0.672,-0.053
Wkly_upswing,2026-06-15,EQUITASBNK,2026-06-19,not_triggered,80.140,,,,,,,,,
Wkly_upswing,2026-06-15,IRISDOREME,2026-06-19,triggered,41.370,2026-06-25,41.370,38.060,47.989,2026-07-16,47.989,target,15.750,2.000
Wkly_upswing,2026-06-15,KPIL,2026-06-19,triggered,1409.900,2026-06-22,1410.000,1297.200,1635.600,2026-07-14,1297.200,stop,-8.250,-1.000
Wkly_upswing,2026-06-15,NUVAMA,2026-06-19,triggered,1779.000,2026-06-25,1779.000,1636.680,2063.640,2026-07-23,1947.200,time,9.205,1.182
Wkly_upswing,2026-06-15,NYKAA,2026-06-19,triggered,303.750,2026-06-22,303.750,279.450,352.350,2026-07-20,323.500,time,6.252,0.813
Wkly_upswing,2026-06-15,STARHEALTH,2026-06-19,triggered,595.800,2026-06-23,595.800,548.136,691.128,2026-07-21,588.650,time,-1.450,-0.150
Wkly_upswing,2026-06-15,THELEELA,2026-06-19,triggered,502.000,2026-06-22,502.400,462.208,582.784,2026-07-20,492.550,time,-2.211,-0.245
Wkly_upswing,2026-06-15,WELSPUNLIV,2026-06-19,triggered,165.500,2026-06-24,165.500,152.260,191.980,2026-07-22,164.990,time,-0.558,-0.039
63_30_daily,2026-06-16,CHAMBLFERT,2026-06-16,not_triggered,497.800,,,,,,,,,
63_30_daily,2026-06-16,RELIGARE,2026-06-16,triggered,247.490,2026-06-17,247.490,239.040,264.390,2026-06-22,264.390,target,6.579,2.000
63_30_daily,2026-06-16,VARROC,2026-06-16,triggered,625.000,2026-06-18,626.000,583.050,711.900,2026-07-16,659.600,time,5.117,0.782
Bullish_Scanner,2026-06-16,AVL,2026-06-16,triggered,593.700,2026-06-17,593.700,567.200,646.700,2026-06-22,646.700,target,8.677,2.000
Bullish_Scanner,2026-06-16,FACT,2026-06-16,not_triggered,1058.600,,,,,,,,,
Bullish_Scanner,2026-06-16,MMTC,2026-06-16,triggered,77.590,2026-06-17,77.590,71.383,90.004,2026-06-25,71.383,stop,-8.250,-1.000
63_30_daily,2026-06-17,NBCC,2026-06-17,triggered,113.200,2026-06-18,113.300,108.820,122.260,2026-06-23,108.820,stop,-4.204,-1.000
63_30_daily,2026-06-17,RICOAUTO,2026-06-17,triggered,145.000,2026-06-18,145.000,133.400,168.200,2026-06-29,133.400,stop,-8.250,-1.000
Bullish_Scanner,2026-06-17,EVEREADY,2026-06-17,triggered,369.000,2026-06-19,369.000,345.000,417.000,2026-07-14,345.000,stop,-6.754,-1.000
63_30_daily,2026-06-18,BHARATCOAL,2026-06-18,not_triggered,44.400,,,,,,,,,
63_30_daily,2026-06-18,LANDMARK,2026-06-18,triggered,461.950,2026-06-22,461.950,424.994,535.862,2026-06-29,424.994,stop,-8.250,-1.000
63_30_daily,2026-06-18,PANAMAPET,2026-06-18,triggered,418.950,2026-06-19,418.950,385.434,485.982,2026-06-19,485.982,target,15.750,2.000
63_30_daily,2026-06-18,RELAXO,2026-06-18,not_triggered,375.700,,,,,,,,,
Bullish_Scanner,2026-06-18,BEPL,2026-06-18,not_triggered,109.800,,,,,,,,,
Bullish_Scanner,2026-06-18,GMRAIRPORT,2026-06-18,not_triggered,111.150,,,,,,,,,
Bullish_Scanner,2026-06-18,JSWINFRA,2026-06-18,triggered,309.900,2026-06-19,309.900,297.200,335.300,2026-06-24,335.300,target,7.946,2.000
Bullish_Scanner,2026-06-18,NYKAA,2026-06-18,triggered,303.750,2026-06-22,303.750,281.800,347.650,2026-07-20,323.500,time,6.252,0.900
Bullish_Scanner,2026-06-18,OLECTRA,2026-06-18,triggered,1454.000,2026-06-19,1454.000,1343.000,1676.000,2026-07-17,1343.000,stop,-7.884,-1.000
Bullish_Scanner,2026-06-18,WELSPUNLIV,2026-06-18,not_triggered,165.500,,,,,,,,,
63_30_daily,2026-06-19,GARFIBRES,2026-06-19,not_triggered,818.650,,,,,,,,,
63_30_daily,2026-06-19,GREAVESCOT,2026-06-19,triggered,201.000,2026-06-22,201.000,190.120,222.760,2026-06-30,222.760,target,10.576,2.000
63_30_daily,2026-06-19,PWL,2026-06-19,triggered,123.500,2026-06-22,123.500,113.620,143.260,2026-07-07,143.260,target,15.750,2.000
63_30_daily,2026-06-19,SPECTRUM,2026-06-19,triggered,1853.000,2026-06-24,1853.000,1718.100,2122.800,2026-07-06,2122.800,target,14.310,2.000
Bullish_Scanner,2026-06-19,GARFIBRES,2026-06-19,not_triggered,818.650,,,,,,,,,
Bullish_Scanner,2026-06-22,ABCAPITAL,2026-06-22,triggered,392.900,2026-06-23,394.400,375.050,433.100,2026-07-21,409.050,time,3.465,0.757
Bullish_Scanner,2026-06-22,ACE,2026-06-22,triggered,1017.000,2026-06-23,1020.000,975.650,1108.700,2026-07-08,975.650,stop,-4.598,-1.000
Bullish_Scanner,2026-06-22,GPTINFRA,2026-06-22,triggered,139.040,2026-06-23,139.040,127.917,161.286,2026-07-06,127.917,stop,-8.250,-1.000
Bullish_Scanner,2026-06-22,HAPPYFORGE,2026-06-22,triggered,1565.000,2026-06-23,1565.000,1470.900,1753.200,2026-07-06,1470.900,stop,-6.263,-1.000
Bullish_Scanner,2026-06-22,MEDANTA,2026-06-22,triggered,1293.200,2026-06-23,1295.000,1261.000,1363.000,2026-07-06,1363.000,target,5.001,2.000
Bullish_Scanner,2026-06-22,MEGASTAR,2026-06-22,triggered,349.800,2026-06-23,349.800,327.250,394.900,2026-07-16,327.250,stop,-6.697,-1.000
Wkly_upswing,2026-06-22,ABCAPITAL,2026-06-26,triggered,399.350,2026-07-03,399.350,375.050,447.950,2026-07-31,404.300,time,0.990,0.204
Wkly_upswing,2026-06-22,SHIVAUM,2026-06-26,triggered,407.000,2026-06-29,445.500,409.860,516.780,2026-06-29,409.860,stop,-8.250,-1.000
63_30_daily,2026-06-23,PACEDIGITK,2026-06-23,triggered,214.300,2026-06-24,214.300,197.156,248.588,2026-06-29,197.156,stop,-8.250,-1.000
63_30_daily,2026-06-23,TNPETRO,2026-06-23,not_triggered,102.800,,,,,,,,,
Bullish_Scanner,2026-06-23,JAGSNPHARM,2026-06-23,triggered,235.800,2026-06-24,235.800,221.500,264.400,2026-06-25,221.500,stop,-6.314,-1.000
Bullish_Scanner,2026-06-23,JSWINFRA,2026-06-23,triggered,318.400,2026-06-24,318.400,309.000,337.200,2026-06-24,337.200,target,5.655,2.000
63_30_daily,2026-06-24,CHOLAFIN,2026-06-24,triggered,1803.000,2026-06-25,1807.000,1721.000,1979.000,2026-07-23,1721.000,stop,-5.009,-1.000
63_30_daily,2026-06-24,HINDPETRO,2026-06-24,triggered,414.000,2026-06-25,418.500,395.500,464.500,2026-06-29,395.500,stop,-5.746,-1.000
63_30_daily,2026-06-24,QUADFUTURE,2026-06-24,triggered,460.650,2026-06-25,460.650,423.798,534.354,2026-06-30,423.798,stop,-8.250,-1.000
63_30_daily,2026-06-24,RAMCOSYS,2026-06-24,triggered,673.800,2026-06-25,694.550,638.986,805.678,2026-06-29,805.678,target,15.750,2.000
Bullish_Scanner,2026-06-24,AETHER,2026-06-24,triggered,1370.600,2026-06-29,1370.600,1260.952,1589.896,2026-07-27,1480.100,time,7.739,0.999
Bullish_Scanner,2026-06-24,TCIEXP,2026-06-24,not_triggered,625.000,,,,,,,,,
63_30_daily,2026-06-25,ICICIBANK,2026-06-25,not_triggered,1404.000,,,,,,,,,
63_30_daily,2026-06-25,RAMCOIND,2026-06-25,not_triggered,356.000,,,,,,,,,
63_30_daily,2026-06-25,RELAXO,2026-06-25,triggered,423.000,2026-06-29,423.000,389.160,490.680,2026-07-08,389.160,stop,-8.250,-1.000
Bullish_Scanner,2026-06-25,AUROPHARMA,2026-06-25,triggered,1565.000,2026-06-29,1565.000,1532.000,1631.000,2026-07-03,1631.000,target,3.967,2.000
Bullish_Scanner,2026-06-25,RAMCOIND,2026-06-25,not_triggered,356.000,,,,,,,,,
63_30_daily,2026-06-29,CHOICEIN,2026-06-29,triggered,755.000,2026-06-30,755.000,730.150,804.700,2026-07-06,804.700,target,6.333,2.000
63_30_daily,2026-06-29,PPL,2026-06-29,triggered,314.900,2026-06-30,314.900,289.708,365.284,2026-07-03,285.450,stop_gap,-9.602,-1.169
Bullish_Scanner,2026-06-29,ANANDRATHI,2026-06-29,triggered,1999.000,2026-06-30,2008.900,1896.400,2233.900,2026-07-28,2037.900,time,1.194,0.258
Bullish_Scanner,2026-06-29,BANSALWIRE,2026-06-29,triggered,345.000,2026-06-30,345.000,325.000,385.000,2026-07-14,325.000,stop,-6.047,-1.000
Wkly_upswing,2026-06-29,BHARATSE,2026-07-03,triggered,255.740,2026-07-09,255.740,235.281,296.658,2026-07-09,235.281,stop,-8.250,-1.000
Wkly_upswing,2026-06-29,COMSYN,2026-07-03,triggered,205.000,2026-07-06,205.000,188.600,237.800,2026-07-06,188.600,stop,-8.250,-1.000
Wkly_upswing,2026-06-29,GHCLTEXTIL,2026-07-03,triggered,107.200,2026-07-06,107.200,98.624,124.352,2026-07-30,124.352,target,15.750,2.000
Wkly_upswing,2026-06-29,OBEROIRLTY,2026-07-03,triggered,1944.300,2026-07-06,1960.500,1803.660,2274.180,2026-07-24,1801.600,stop_gap,-8.355,-1.013
63_30_daily,2026-06-30,KILITCH,2026-06-30,triggered,199.990,2026-07-01,199.990,183.991,231.988,2026-07-08,183.991,stop,-8.250,-1.000
63_30_daily,2026-06-30,SPECTRUM,2026-06-30,triggered,1904.800,2026-07-01,1904.800,1752.416,2209.568,2026-07-22,2259.900,target_gap,18.392,2.330
63_30_daily,2026-06-30,VARROC,2026-06-30,triggered,652.000,2026-07-01,652.000,616.150,723.700,2026-07-29,664.550,time,1.675,0.350
Bullish_Scanner,2026-06-30,ALIVUS,2026-06-30,triggered,1176.900,2026-07-01,1176.900,1123.900,1282.900,2026-07-01,1123.900,stop,-4.753,-1.000
Bullish_Scanner,2026-06-30,IPCALAB,2026-06-30,triggered,1736.000,2026-07-01,1736.000,1635.800,1936.400,2026-07-17,1936.400,target,11.294,2.000
63_30_daily,2026-07-01,ETERNAL,2026-07-01,triggered,280.600,2026-07-02,282.000,265.300,315.400,2026-07-29,315.400,target,11.594,2.000
63_30_daily,2026-07-01,IXIGO,2026-07-01,triggered,215.640,2026-07-02,215.640,198.389,250.142,2026-07-08,198.389,stop,-8.250,-1.000
63_30_daily,2026-07-01,JTEKTINDIA,2026-07-01,not_triggered,159.500,,,,,,,,,
63_30_daily,2026-07-01,STYL,2026-07-01,triggered,330.600,2026-07-02,331.950,311.350,373.150,2026-07-14,375.050,target_gap,12.734,2.092
63_30_daily,2026-07-01,TRIVENI,2026-07-01,triggered,462.750,2026-07-02,462.750,425.730,536.790,2026-07-22,289.950,stop_gap,-37.592,-4.668
Bullish_Scanner,2026-07-01,DELHIVERY,2026-07-01,triggered,510.000,2026-07-02,510.250,470.500,589.750,2026-07-22,470.500,stop,-8.040,-1.000
Bullish_Scanner,2026-07-01,IRISDOREME,2026-07-01,triggered,44.650,2026-07-02,44.650,41.120,51.710,2026-07-29,51.710,target,15.562,2.000
Bullish_Scanner,2026-07-01,TRIVENI,2026-07-01,triggered,462.750,2026-07-02,462.750,425.730,536.790,2026-07-22,289.950,stop_gap,-37.592,-4.668
63_30_daily,2026-07-02,INDIGOPNTS,2026-07-02,triggered,1092.000,2026-07-03,1092.000,1028.700,1218.600,2026-07-08,1028.700,stop,-6.047,-1.000
63_30_daily,2026-07-02,INDOSTAR,2026-07-02,not_triggered,268.200,,,,,,,,,
63_30_daily,2026-07-02,PDSL,2026-07-02,not_triggered,381.150,,,,,,,,,
63_30_daily,2026-07-02,PRESTIGE,2026-07-02,triggered,1682.500,2026-07-03,1682.500,1635.700,1776.100,2026-07-08,1635.700,stop,-3.032,-1.000
63_30_daily,2026-07-02,UTKARSHBNK,2026-07-02,not_triggered,16.200,,,,,,,,,
Bullish_Scanner,2026-07-02,NDRAUTO,2026-07-02,triggered,895.000,2026-07-03,906.500,834.050,1051.400,2026-07-08,834.050,stop,-8.242,-1.000
63_30_daily,2026-07-03,DLF,2026-07-03,triggered,678.000,2026-07-06,678.000,656.600,720.800,2026-07-07,656.600,stop,-3.406,-1.000
63_30_daily,2026-07-03,GATEWAY,2026-07-03,not_triggered,63.250,,,,,,,,,
63_30_daily,2026-07-03,INDOFARM,2026-07-03,triggered,167.000,2026-07-06,168.850,155.342,195.866,2026-07-08,155.000,stop_gap,-8.453,-1.025
63_30_daily,2026-07-03,LTF,2026-07-03,triggered,329.000,2026-07-06,330.000,317.750,354.500,2026-07-08,317.750,stop,-3.962,-1.000
63_30_daily,2026-07-03,PARADEEP,2026-07-03,not_triggered,149.200,,,,,,,,,
63_30_daily,2026-07-03,RESPONIND,2026-07-03,not_triggered,218.000,,,,,,,,,
Bullish_Scanner,2026-07-03,AADHARHFC,2026-07-03,triggered,558.800,2026-07-06,560.000,533.850,612.300,2026-07-08,533.850,stop,-4.920,-1.000
Bullish_Scanner,2026-07-03,AUROPHARMA,2026-07-03,not_triggered,1636.800,,,,,,,,,
Bullish_Scanner,2026-07-03,IPCALAB,2026-07-03,triggered,1788.300,2026-07-06,1798.500,1719.400,1956.700,2026-08-03,1719.400,stop,-4.648,-1.000
Bullish_Scanner,2026-07-03,SPANDANA,2026-07-03,triggered,303.950,2026-07-06,303.950,284.950,341.950,2026-07-20,284.950,stop,-6.501,-1.000
63_30_daily,2026-07-06,AEGISVOPAK,2026-07-06,triggered,283.170,2026-07-07,283.170,260.516,328.477,2026-08-04,296.150,time,4.334,0.573
63_30_daily,2026-07-06,POONAWALLA,2026-07-06,not_triggered,480.900,,,,,,,,,
63_30_daily,2026-07-06,UNITDSPR,2026-07-06,triggered,1432.500,2026-07-07,1435.000,1392.800,1519.400,2026-07-09,1392.800,stop,-3.191,-1.000
Bullish_Scanner,2026-07-06,MANAPPURAM,2026-07-06,not_triggered,347.900,,,,,,,,,
Wkly_upswing,2026-07-06,GODREJIND,2026-07-10,not_triggered,1443.000,,,,,,,,,
63_30_daily,2026-07-07,ARKADE,2026-07-07,triggered,134.590,2026-07-08,134.590,124.400,154.970,2026-08-05,139.140,time,3.131,0.447
63_30_daily,2026-07-07,BHARTIARTL,2026-07-07,triggered,1956.500,2026-07-09,1956.500,1917.000,2035.500,2026-07-09,1917.000,stop,-2.269,-1.000
63_30_daily,2026-07-07,PWL,2026-07-07,triggered,152.670,2026-07-08,152.670,140.456,177.097,2026-07-15,140.456,stop,-8.250,-1.000
63_30_daily,2026-07-07,RELTD,2026-07-07,triggered,189.250,2026-07-08,189.250,175.000,217.750,2026-07-10,175.000,stop,-7.780,-1.000
63_30_daily,2026-07-07,TAJGVK,2026-07-07,triggered,365.000,2026-07-08,365.000,342.000,411.000,2026-08-05,364.700,time,-0.332,-0.013
63_30_daily,2026-07-08,GEMAROMA,2026-07-08,not_triggered,228.000,,,,,,,,,
63_30_daily,2026-07-08,HIKAL,2026-07-08,triggered,244.680,2026-07-10,244.680,225.106,283.829,2026-07-21,225.106,stop,-8.250,-1.000
63_30_daily,2026-07-08,UNICHEMLAB,2026-07-08,triggered,572.700,2026-07-09,610.150,561.338,707.774,2026-07-22,561.338,stop,-8.250,-1.000
63_30_daily,2026-07-09,ASKAUTOLTD,2026-07-09,triggered,486.900,2026-07-10,490.250,466.000,538.750,2026-07-13,466.000,stop,-5.196,-1.000
63_30_daily,2026-07-09,CHOICEIN,2026-07-09,triggered,837.000,2026-07-10,837.000,787.550,935.900,2026-08-07,841.150,time,0.246,0.084
63_30_daily,2026-07-09,IVALUE,2026-07-09,triggered,299.300,2026-07-10,299.300,284.000,329.900,2026-07-22,284.000,stop,-5.362,-1.000
63_30_daily,2026-07-10,DLF,2026-07-10,not_triggered,692.000,,,,,,,,,
63_30_daily,2026-07-10,IONEXCHANG,2026-07-10,triggered,479.400,2026-07-13,479.400,441.048,556.104,2026-07-14,441.048,stop,-8.250,-1.000
Bullish_Scanner,2026-07-10,IONEXCHANG,2026-07-10,triggered,479.400,2026-07-13,479.400,441.048,556.104,2026-07-14,441.048,stop,-8.250,-1.000
63_30_daily,2026-07-13,CANHLIFE,2026-07-13,not_triggered,158.800,,,,,,,,,
63_30_daily,2026-07-13,DDEVPLSTIK,2026-07-13,triggered,299.950,2026-07-14,299.950,278.800,342.250,2026-07-22,278.800,stop,-7.301,-1.000
63_30_daily,2026-07-13,GNA,2026-07-13,triggered,537.000,2026-07-14,537.000,494.040,622.920,2026-07-24,494.040,stop,-8.250,-1.000
63_30_daily,2026-07-13,HOMEFIRST,2026-07-13,not_triggered,1284.900,,,,,,,,,
63_30_daily,2026-07-13,SONATSOFTW,2026-07-13,not_triggered,329.500,,,,,,,,,
63_30_daily,2026-07-13,TRIVENI,2026-07-13,triggered,485.600,2026-07-14,485.600,458.700,539.400,2026-07-15,458.700,stop,-5.790,-1.000
Bullish_Scanner,2026-07-13,ARMANFIN,2026-07-13,triggered,1999.000,2026-07-14,1999.000,1839.080,2318.840,2026-08-11,2002.800,time,-0.060,0.024
Bullish_Scanner,2026-07-13,SENCO,2026-07-13,triggered,384.700,2026-07-14,384.700,358.500,437.100,2026-07-17,358.500,stop,-7.061,-1.000
Bullish_Scanner,2026-07-13,SHYAMMETL,2026-07-13,triggered,1038.000,2026-07-14,1038.050,965.150,1183.850,2026-08-11,984.800,time,-5.380,-0.730
Wkly_upswing,2026-07-13,INDIAGLYCO,2026-07-17,triggered,1189.900,2026-07-20,1189.900,1094.708,1380.284,2026-08-10,1094.708,stop,-8.250,-1.000
Wkly_upswing,2026-07-13,SHYAMMETL,2026-07-17,triggered,1059.000,2026-07-20,1059.000,974.280,1228.440,2026-08-14,974.280,stop,-8.250,-1.000
63_30_daily,2026-07-14,BLUESTONE,2026-07-14,triggered,612.800,2026-07-15,612.800,575.600,687.200,2026-07-21,687.200,target,11.891,2.000
63_30_daily,2026-07-14,LANDMARK,2026-07-14,triggered,507.450,2026-07-15,529.000,486.680,613.640,2026-07-17,486.680,stop,-8.250,-1.000
63_30_daily,2026-07-16,BAJAJHCARE,2026-07-16,triggered,380.000,2026-07-20,380.000,365.700,408.600,2026-07-22,365.700,stop,-4.013,-1.000
63_30_daily,2026-07-16,CHALET,2026-07-16,not_triggered,874.900,,,,,,,,,
63_30_daily,2026-07-16,HUHTAMAKI,2026-07-16,triggered,237.450,2026-07-17,237.450,225.080,262.190,2026-07-17,225.080,stop,-5.460,-1.000
63_30_daily,2026-07-17,ICICIBANK,2026-07-17,triggered,1455.100,2026-07-20,1455.100,1419.700,1525.900,2026-07-24,1419.700,stop,-2.683,-1.000
63_30_daily,2026-07-17,RELAXO,2026-07-17,triggered,439.950,2026-07-20,448.300,412.436,520.028,2026-07-21,412.436,stop,-8.250,-1.000
63_30_daily,2026-07-20,BAJFINANCE,2026-07-20,triggered,1067.700,2026-07-21,1067.700,1038.200,1126.700,2026-07-23,1038.200,stop,-3.013,-1.000
63_30_daily,2026-07-20,COMSYN,2026-07-20,not_triggered,224.600,,,,,,,,,
63_30_daily,2026-07-20,HOMEFIRST,2026-07-20,not_triggered,1289.600,,,,,,,,,
63_30_daily,2026-07-20,SUMEETINDS,2026-07-20,not_triggered,35.670,,,,,,,,,
Bullish_Scanner,2026-07-20,LXCHEM,2026-07-20,triggered,179.660,2026-07-21,179.660,168.790,201.400,2026-07-29,201.400,target,11.851,2.000
Bullish_Scanner,2026-07-20,VSSL,2026-07-20,triggered,310.950,2026-07-21,314.950,290.800,363.250,2026-07-24,290.800,stop,-7.918,-1.000
Wkly_upswing,2026-07-20,JSFB,2026-07-24,triggered,569.800,2026-07-29,569.800,524.216,660.968,2026-08-11,524.216,stop,-8.250,-1.000
Wkly_upswing,2026-07-20,STALLION,2026-07-24,triggered,260.800,2026-07-31,260.800,239.936,302.528,2026-08-12,229.250,stop_gap,-12.347,-1.512
63_30_daily,2026-07-22,LOTUSDEV,2026-07-22,triggered,162.970,2026-07-23,164.000,151.000,190.000,2026-07-28,190.000,target,15.604,2.000
63_30_daily,2026-07-22,UFLEX,2026-07-22,triggered,514.650,2026-07-23,514.650,473.478,596.994,2026-07-24,473.478,stop,-8.250,-1.000
63_30_daily,2026-07-23,ROUTE,2026-07-23,not_triggered,649.950,,,,,,,,,
63_30_daily,2026-07-23,UJJIVANSFB,2026-07-23,triggered,72.240,2026-07-27,72.240,66.461,83.798,2026-08-24,70.290,time,-2.949,-0.337
Bullish_Scanner,2026-07-23,ASKAUTOLTD,2026-07-23,triggered,506.700,2026-07-24,506.700,483.050,554.000,2026-08-03,554.000,target,9.085,2.000
Bullish_Scanner,2026-07-23,KRISHANA,2026-07-23,triggered,157.400,2026-07-24,157.400,144.808,182.584,2026-07-31,182.584,target,15.750,2.000
Bullish_Scanner,2026-07-24,TFCILTD,2026-07-24,triggered,88.200,2026-07-27,89.000,81.880,103.240,2026-08-03,103.240,target,15.750,2.000
Bullish_Scanner,2026-07-27,PVRINOX,2026-07-27,triggered,1136.900,2026-07-28,1136.900,1071.000,1268.700,2026-08-25,1268.700,target,11.343,2.000
Bullish_Scanner,2026-07-27,SENCO,2026-07-27,not_triggered,430.000,,,,,,,,,
Bullish_Scanner,2026-07-27,TTKHLTCARE,2026-07-27,not_triggered,1167.000,,,,,,,,,
Wkly_upswing,2026-07-27,BBTCL,2026-07-31,not_triggered,251.000,,,,,,,,,
Wkly_upswing,2026-07-27,MANAPPURAM,2026-07-31,not_triggered,381.550,,,,,,,,,
Wkly_upswing,2026-07-27,NAZARA,2026-07-31,triggered,343.800,2026-08-03,344.950,317.354,400.142,2026-08-31,372.700,time,7.795,1.006
Wkly_upswing,2026-07-27,PRICOLLTD,2026-07-31,triggered,715.500,2026-08-03,715.500,658.260,829.980,2026-08-31,803.250,time,12.014,1.533
Wkly_upswing,2026-07-27,REDINGTON,2026-07-31,triggered,338.500,2026-08-03,338.500,311.420,392.660,2026-08-31,357.750,time,5.437,0.711
63_30_daily,2026-07-28,MASTEK,2026-07-28,triggered,1881.000,2026-07-29,1886.900,1735.948,2188.804,2026-08-18,1735.948,stop,-8.250,-1.000
63_30_daily,2026-07-29,FSL,2026-07-29,triggered,298.500,2026-07-30,298.500,274.620,346.260,2026-08-10,274.620,stop,-8.250,-1.000
63_30_daily,2026-07-29,M&MFIN,2026-07-29,triggered,396.000,2026-07-30,396.000,370.150,447.700,2026-08-27,383.350,time,-3.444,-0.489
63_30_daily,2026-07-29,PARADEEP,2026-07-29,not_triggered,159.500,,,,,,,,,
Bullish_Scanner,2026-07-29,PCBL,2026-07-29,not_triggered,374.000,,,,,,,,,
63_30_daily,2026-07-30,PUNJABCHEM,2026-07-30,triggered,1244.700,2026-07-31,1244.700,1145.124,1443.852,2026-07-31,1145.124,stop,-8.250,-1.000
Bullish_Scanner,2026-07-30,ATALREAL,2026-07-30,triggered,33.250,2026-07-31,33.400,31.680,36.840,2026-08-18,31.680,stop,-5.400,-1.000
Bullish_Scanner,2026-07-30,REDINGTON,2026-07-30,triggered,338.500,2026-08-03,338.500,311.420,392.660,2026-08-31,357.750,time,5.437,0.711
63_30_daily,2026-07-31,BAJFINANCE,2026-07-31,triggered,1151.500,2026-08-03,1176.300,1083.600,1361.700,2026-08-07,1083.600,stop,-8.131,-1.000
63_30_daily,2026-07-31,RADHIKAJWE,2026-07-31,not_triggered,73.900,,,,,,,,,
Bullish_Scanner,2026-07-31,GAIL,2026-07-31,triggered,182.210,2026-08-03,182.210,173.500,199.630,2026-08-03,173.500,stop,-5.030,-1.000
63_30_daily,2026-08-03,BPCL,2026-08-03,not_triggered,329.950,,,,,,,,,
63_30_daily,2026-08-03,DALMIASUG,2026-08-03,triggered,421.050,2026-08-04,425.000,391.000,493.000,2026-08-05,391.000,stop,-8.250,-1.000
63_30_daily,2026-08-03,SHALPAINTS,2026-08-03,triggered,80.010,2026-08-04,83.000,76.360,96.280,2026-09-01,79.380,time,-4.611,-0.545
Bullish_Scanner,2026-08-03,ALIVUS,2026-08-03,triggered,1225.000,2026-08-04,1225.000,1172.900,1329.200,2026-08-04,1329.200,target,8.256,2.000
Bullish_Scanner,2026-08-03,ANTHEM,2026-08-03,triggered,832.950,2026-08-04,832.950,802.200,894.450,2026-08-11,894.450,target,7.133,2.000
Wkly_upswing,2026-08-03,ABCAPITAL,2026-08-07,not_triggered,430.700,,,,,,,,,
Wkly_upswing,2026-08-03,ANTHEM,2026-08-07,triggered,847.000,2026-08-10,847.000,802.200,936.600,2026-08-27,936.600,target,10.329,2.000
Wkly_upswing,2026-08-03,ARROWGREEN,2026-08-07,triggered,783.400,2026-08-10,783.400,720.728,908.744,2026-08-19,693.750,stop_gap,-11.694,-1.430
Wkly_upswing,2026-08-03,ATALREAL,2026-08-07,triggered,35.500,2026-08-10,35.500,33.250,40.000,2026-08-18,33.250,stop,-6.588,-1.000
Wkly_upswing,2026-08-03,DCI,2026-08-07,triggered,367.000,2026-08-13,367.000,337.640,425.720,2026-08-28,425.720,target,15.750,2.000
Wkly_upswing,2026-08-03,EXIDEIND,2026-08-07,triggered,493.000,2026-08-10,493.000,453.560,571.880,2026-08-24,453.560,stop,-8.250,-1.000
Wkly_upswing,2026-08-03,HMVL,2026-08-07,not_triggered,108.160,,,,,,,,,
Wkly_upswing,2026-08-03,MANAKSTEEL,2026-08-07,not_triggered,89.900,,,,,,,,,
Wkly_upswing,2026-08-03,MMP,2026-08-07,triggered,339.950,2026-08-10,339.950,312.754,394.342,2026-08-19,394.342,target,15.750,2.000
Bullish_Scanner,2026-08-04,MOREPENLAB,2026-08-04,triggered,69.180,2026-08-05,73.240,67.381,84.958,2026-08-17,84.958,target,15.750,2.000
Bullish_Scanner,2026-08-04,RBA,2026-08-04,triggered,84.910,2026-08-05,88.590,81.503,102.764,2026-08-13,102.764,target,15.750,2.000
Bullish_Scanner,2026-08-04,TI,2026-08-04,triggered,493.900,2026-08-05,493.900,465.800,550.100,2026-08-13,550.100,target,11.129,2.000
63_30_daily,2026-08-05,LAOPALA,2026-08-05,not_triggered,210.000,,,,,,,,,
Bullish_Scanner,2026-08-05,360ONE,2026-08-05,triggered,1194.700,2026-08-06,1194.700,1163.300,1257.500,2026-08-07,1163.300,stop,-2.878,-1.000
Bullish_Scanner,2026-08-05,BOSCH-HCIL,2026-08-05,triggered,1543.000,2026-08-06,1543.000,1439.400,1750.200,2026-08-19,1750.200,target,13.178,2.000
Bullish_Scanner,2026-08-05,CASTROLIND,2026-08-05,triggered,194.980,2026-08-06,194.980,190.000,204.940,2026-08-11,187.490,stop_gap,-4.091,-1.504
Bullish_Scanner,2026-08-05,JSWSTEEL,2026-08-05,triggered,1331.000,2026-08-06,1331.000,1284.700,1423.600,2026-08-11,1284.700,stop,-3.729,-1.000
63_30_daily,2026-08-06,TTKHLTCARE,2026-08-06,not_triggered,1210.000,,,,,,,,,
Bullish_Scanner,2026-08-06,CHOLAFIN,2026-08-06,not_triggered,1952.500,,,,,,,,,
Bullish_Scanner,2026-08-06,DDEVPLSTIK,2026-08-06,triggered,313.000,2026-08-07,314.850,289.662,365.226,2026-08-07,289.662,stop,-8.250,-1.000
Bullish_Scanner,2026-08-06,TATACAP,2026-08-06,not_triggered,390.200,,,,,,,,,
Bullish_Scanner,2026-08-06,TATATECH,2026-08-06,triggered,805.750,2026-08-07,805.750,756.000,905.250,2026-09-04,800.000,time,-0.964,-0.116
63_30_daily,2026-08-07,PGEL,2026-08-07,not_triggered,643.950,,,,,,,,,
Bullish_Scanner,2026-08-07,TRAVELFOOD,2026-08-07,not_triggered,1470.900,,,,,,,,,
63_30_daily,2026-08-10,AARTIPHARM,2026-08-10,triggered,823.000,2026-08-11,848.900,780.988,984.724,2026-09-08,867.000,time,1.882,0.267
63_30_daily,2026-08-10,BECTORFOOD,2026-08-10,triggered,237.690,2026-08-11,237.690,225.620,261.830,2026-08-18,261.830,target,9.906,2.000
63_30_daily,2026-08-10,BRIGADE,2026-08-10,triggered,613.750,2026-08-11,613.750,580.800,679.650,2026-08-17,580.800,stop,-5.619,-1.000
Bullish_Scanner,2026-08-10,AARTIPHARM,2026-08-10,triggered,823.000,2026-08-11,848.900,780.988,984.724,2026-09-08,867.000,time,1.882,0.267
Bullish_Scanner,2026-08-10,ANTHEM,2026-08-10,triggered,865.900,2026-08-11,865.900,843.050,911.600,2026-08-26,911.600,target,5.028,2.000
Bullish_Scanner,2026-08-10,INDGN,2026-08-10,triggered,574.950,2026-08-11,574.950,556.200,612.450,2026-08-14,556.200,stop,-3.511,-1.000
Bullish_Scanner,2026-08-10,PIXTRANS,2026-08-10,triggered,2060.600,2026-08-11,2068.000,1902.560,2398.880,2026-08-14,1902.560,stop,-8.250,-1.000
Bullish_Scanner,2026-08-10,YATHARTH,2026-08-10,triggered,918.000,2026-08-11,918.000,872.050,1009.900,2026-08-11,872.050,stop,-5.255,-1.000
Wkly_upswing,2026-08-10,AARTIIND,2026-08-14,not_triggered,541.700,,,,,,,,,
Wkly_upswing,2026-08-10,ANDHRSUGAR,2026-08-14,triggered,105.570,2026-08-17,105.570,97.124,122.461,2026-08-21,97.124,stop,-8.250,-1.000
Wkly_upswing,2026-08-10,BHARATSE,2026-08-14,not_triggered,254.200,,,,,,,,,
Wkly_upswing,2026-08-10,DOLPHIN,2026-08-14,triggered,538.800,2026-08-17,538.800,495.696,625.008,2026-08-18,625.008,target,15.750,2.000
Wkly_upswing,2026-08-10,FINCABLES,2026-08-14,not_triggered,1374.000,,,,,,,,,
Wkly_upswing,2026-08-10,HCG,2026-08-14,not_triggered,755.000,,,,,,,,,
Wkly_upswing,2026-08-10,SUMICHEM,2026-08-14,triggered,569.000,2026-08-17,569.000,530.000,647.000,2026-08-24,530.000,stop,-7.104,-1.000
Wkly_upswing,2026-08-10,TDPOWERSYS,2026-08-14,triggered,765.000,2026-08-17,765.000,703.800,887.400,2026-09-14,804.900,time,4.966,0.652
63_30_daily,2026-08-12,PNB,2026-08-12,not_triggered,119.500,,,,,,,,,
Bullish_Scanner,2026-08-12,AARTIIND,2026-08-12,triggered,534.000,2026-08-13,536.000,503.250,601.500,2026-09-02,503.250,stop,-6.360,-1.000
Bullish_Scanner,2026-08-12,BERGEPAINT,2026-08-12,triggered,564.900,2026-08-13,564.900,535.900,622.900,2026-08-19,535.900,stop,-5.384,-1.000
Bullish_Scanner,2026-08-12,HNDFDS,2026-08-12,triggered,599.000,2026-08-14,599.000,575.700,645.600,2026-08-19,670.000,target_gap,11.603,3.047
Bullish_Scanner,2026-08-12,MARKSANS,2026-08-12,triggered,320.000,2026-08-14,320.000,294.400,371.200,2026-09-11,329.400,time,2.687,0.367
63_30_daily,2026-08-13,TMCV,2026-08-13,triggered,485.000,2026-08-14,485.000,469.150,516.700,2026-08-17,469.150,stop,-3.518,-1.000
63_30_daily,2026-08-14,HAPPSTMNDS,2026-08-14,triggered,426.450,2026-08-17,426.450,392.334,494.682,2026-09-01,392.334,stop,-8.250,-1.000
63_30_daily,2026-08-14,JUBLFOOD,2026-08-14,not_triggered,521.000,,,,,,,,,
63_30_daily,2026-08-14,LGEINDIA,2026-08-14,triggered,1736.100,2026-08-17,1737.100,1611.000,1989.300,2026-09-14,1636.800,time,-6.024,-0.795
Bullish_Scanner,2026-08-14,LGEINDIA,2026-08-14,triggered,1736.100,2026-08-17,1737.100,1611.000,1989.300,2026-09-14,1636.800,time,-6.024,-0.795
Bullish_Scanner,2026-08-14,SHANTIGOLD,2026-08-14,triggered,251.990,2026-08-17,251.990,231.831,292.308,2026-09-14,258.170,time,2.202,0.307
63_30_daily,2026-08-17,UFLEX,2026-08-17,triggered,586.050,2026-08-18,615.000,565.800,713.400,2026-09-02,713.400,target,15.750,2.000
Bullish_Scanner,2026-08-17,HNDFDS,2026-08-17,triggered,613.800,2026-08-18,615.000,588.500,668.000,2026-08-19,670.000,target_gap,8.693,2.075
Bullish_Scanner,2026-08-17,MAWANASUG,2026-08-17,triggered,125.880,2026-08-18,126.000,116.490,145.020,2026-08-21,145.020,target,14.845,2.000
Wkly_upswing,2026-08-17,ASIANENE,2026-08-21,triggered,491.000,2026-08-27,491.000,451.720,569.560,2026-09-24,474.650,time,-3.580,-0.416
Wkly_upswing,2026-08-17,DBOL,2026-08-21,not_triggered,139.000,,,,,,,,,
Wkly_upswing,2026-08-17,MANGLMCEM,2026-08-21,triggered,1036.650,2026-08-24,1040.000,956.800,1206.400,2026-09-21,1010.100,time,-3.125,-0.359
Wkly_upswing,2026-08-17,ROLLT,2026-08-21,triggered,3.640,2026-08-24,3.820,3.514,4.431,2026-09-07,4.500,target_gap,17.551,2.225
63_30_daily,2026-08-18,HEG,2026-08-18,not_triggered,749.000,,,,,,,,,
63_30_daily,2026-08-18,JYOTICNC,2026-08-18,triggered,947.900,2026-08-19,947.900,872.068,1099.564,2026-09-16,967.700,time,1.839,0.261
63_30_daily,2026-08-18,PRABHA,2026-08-18,triggered,196.050,2026-08-19,196.050,180.366,227.418,2026-09-03,227.418,target,15.750,2.000
Bullish_Scanner,2026-08-18,NITINSPIN,2026-08-18,triggered,610.000,2026-08-19,611.000,562.120,708.760,2026-09-16,628.000,time,2.532,0.348
Bullish_Scanner,2026-08-18,REGAAL,2026-08-18,triggered,101.500,2026-08-19,101.500,93.380,117.740,2026-08-27,93.380,stop,-8.250,-1.000
Bullish_Scanner,2026-08-18,SUBEXLTD,2026-08-18,triggered,16.930,2026-08-19,16.930,15.576,19.639,2026-08-20,15.576,stop,-8.250,-1.000
63_30_daily,2026-08-19,EXCELINDUS,2026-08-19,not_triggered,1148.550,,,,,,,,,
Bullish_Scanner,2026-08-19,ELGIEQUIP,2026-08-19,triggered,641.000,2026-08-20,644.000,608.100,715.800,2026-08-25,608.100,stop,-5.825,-1.000
63_30_daily,2026-08-20,BRIGADE,2026-08-20,triggered,629.450,2026-08-21,629.450,588.850,710.650,2026-09-03,710.650,target,12.650,2.000
63_30_daily,2026-08-20,HERITGFOOD,2026-08-20,triggered,381.400,2026-08-21,381.800,359.600,426.200,2026-09-01,359.600,stop,-6.065,-1.000
Bullish_Scanner,2026-08-20,EPL,2026-08-20,triggered,273.000,2026-08-21,273.000,251.160,316.680,2026-08-28,251.160,stop,-8.250,-1.000
Bullish_Scanner,2026-08-20,RITCO,2026-08-20,not_triggered,327.500,,,,,,,,,
Bullish_Scanner,2026-08-20,WELSPUNLIV,2026-08-20,triggered,191.470,2026-08-24,191.470,179.670,215.070,2026-09-07,215.070,target,12.076,2.000
63_30_daily,2026-08-21,ALLCARGO,2026-08-21,triggered,12.590,2026-08-24,12.590,11.583,14.604,2026-09-01,11.583,stop,-8.250,-1.000
63_30_daily,2026-08-24,EIDPARRY,2026-08-24,not_triggered,865.400,,,,,,,,,
63_30_daily,2026-08-24,LTFOODS,2026-08-24,not_triggered,490.700,,,,,,,,,
63_30_daily,2026-08-24,VIDHIING,2026-08-24,not_triggered,357.900,,,,,,,,,
Bullish_Scanner,2026-08-24,HATSUN,2026-08-24,triggered,1067.400,2026-08-26,1067.400,982.008,1238.184,2026-09-11,1238.184,target,15.750,2.000
Bullish_Scanner,2026-08-24,KRBL,2026-08-24,triggered,444.000,2026-08-26,444.000,408.480,515.040,2026-09-15,408.480,stop,-8.250,-1.000
Bullish_Scanner,2026-08-24,PCJEWELLER,2026-08-24,triggered,11.350,2026-08-25,11.350,10.442,13.166,2026-09-01,10.442,stop,-8.250,-1.000
Wkly_upswing,2026-08-24,OAL,2026-08-28,pending,492.700,2026-09-03,492.700,453.284,571.532,2026-09-30,533.250,open,7.980,1.029
Wkly_upswing,2026-08-24,VINCOFE,2026-08-28,triggered,181.660,2026-08-31,181.660,167.127,210.726,2026-09-15,167.127,stop,-8.250,-1.000
63_30_daily,2026-08-25,ALEMBICLTD,2026-08-25,triggered,97.000,2026-08-26,97.000,91.160,108.680,2026-09-03,108.680,target,11.791,2.000
63_30_daily,2026-08-25,AWL,2026-08-25,not_triggered,204.820,,,,,,,,,
63_30_daily,2026-08-25,GODREJAGRO,2026-08-25,triggered,625.000,2026-08-26,625.000,575.000,725.000,2026-09-23,670.050,time,6.958,0.901
Bullish_Scanner,2026-08-25,DCBBANK,2026-08-25,triggered,210.100,2026-08-26,210.100,200.160,229.980,2026-09-08,229.980,target,9.212,2.000
Bullish_Scanner,2026-08-25,FMGOETZE,2026-08-25,triggered,560.000,2026-08-26,560.000,515.200,649.600,2026-09-04,511.000,stop_gap,-9.000,-1.094
Bullish_Scanner,2026-08-25,GIPCL,2026-08-25,triggered,191.250,2026-08-26,192.500,177.400,222.700,2026-09-23,191.640,time,-0.697,-0.057
Bullish_Scanner,2026-08-25,YATHARTH,2026-08-25,triggered,938.800,2026-08-26,938.800,911.250,993.900,2026-08-28,993.900,target,5.619,2.000
63_30_daily,2026-08-26,JSWSTEEL,2026-08-26,triggered,1341.000,2026-08-27,1351.000,1310.400,1432.200,2026-08-31,1310.400,stop,-3.255,-1.000
63_30_daily,2026-08-26,MAHASTEEL,2026-08-26,triggered,1239.000,2026-08-27,1239.000,1200.000,1317.000,2026-08-27,1200.000,stop,-3.398,-1.000
63_30_daily,2026-08-26,POLICYBZR,2026-08-26,not_triggered,1875.000,,,,,,,,,
63_30_daily,2026-08-26,SBFC,2026-08-26,triggered,102.210,2026-08-27,102.210,94.033,118.564,2026-09-15,94.033,stop,-8.250,-1.000
63_30_daily,2026-08-26,WEL,2026-08-26,triggered,160.000,2026-08-27,160.000,147.200,185.600,2026-08-27,147.200,stop,-8.250,-1.000
Bullish_Scanner,2026-08-26,HATSUN,2026-08-26,triggered,1106.600,2026-08-27,1106.600,1018.072,1283.656,2026-09-15,1283.656,target,15.750,2.000
Bullish_Scanner,2026-08-26,JSWSTEEL,2026-08-26,triggered,1341.000,2026-08-27,1351.000,1310.400,1432.200,2026-08-31,1310.400,stop,-3.255,-1.000
Bullish_Scanner,2026-08-26,SOMANYCERA,2026-08-26,triggered,564.950,2026-08-27,565.000,541.000,613.000,2026-09-16,541.000,stop,-4.498,-1.000
Bullish_Scanner,2026-08-27,IMAGICAA,2026-08-27,triggered,60.210,2026-08-28,60.210,55.393,69.844,2026-08-31,55.393,stop,-8.250,-1.000
63_30_daily,2026-08-28,MANINFRA,2026-08-28,triggered,123.450,2026-08-31,123.450,116.020,138.310,2026-09-28,127.430,time,2.974,0.536
63_30_daily,2026-08-28,PRECWIRE,2026-08-28,triggered,507.350,2026-08-31,515.000,473.800,597.400,2026-09-03,473.800,stop,-8.250,-1.000
Bullish_Scanner,2026-08-28,SHYAMMETL,2026-08-28,not_triggered,1111.000,,,,,,,,,
Bullish_Scanner,2026-08-31,DIFFNKG,2026-08-31,not_triggered,493.200,,,,,,,,,
Wkly_upswing,2026-08-31,AUSOMENT,2026-09-04,not_triggered,166.590,,,,,,,,,
Wkly_upswing,2026-08-31,GLOBAL,2026-09-04,pending,126.450,2026-09-08,126.450,116.334,146.682,2026-09-30,132.800,open,4.772,0.628
Wkly_upswing,2026-08-31,NIACL,2026-09-04,triggered,234.390,2026-09-07,234.390,215.639,271.892,2026-09-08,215.639,stop,-8.250,-1.000
Wkly_upswing,2026-08-31,RBZJEWEL,2026-09-04,not_triggered,204.700,,,,,,,,,
Wkly_upswing,2026-08-31,SBC,2026-09-04,triggered,46.890,2026-09-07,46.890,43.139,54.392,2026-09-28,54.392,target,15.750,2.000
Bullish_Scanner,2026-09-01,GODREJAGRO,2026-09-01,not_triggered,695.600,,,,,,,,,
Bullish_Scanner,2026-09-02,ANTELOPUS,2026-09-02,triggered,951.150,2026-09-03,985.000,906.200,1142.600,2026-09-09,1142.600,target,15.750,2.000
63_30_daily,2026-09-03,ALEMBICLTD,2026-09-03,not_triggered,117.720,,,,,,,,,
63_30_daily,2026-09-03,LGBBROSLTD,2026-09-03,not_triggered,1750.000,,,,,,,,,
63_30_daily,2026-09-03,MOL,2026-09-03,not_triggered,68.800,,,,,,,,,
63_30_daily,2026-09-03,MUKKA,2026-09-03,triggered,28.920,2026-09-04,29.990,27.591,34.788,2026-09-18,27.591,stop,-8.250,-1.000
63_30_daily,2026-09-03,SEAMECLTD,2026-09-03,triggered,1794.900,2026-09-04,1794.900,1720.800,1943.100,2026-09-16,1720.800,stop,-4.378,-1.000
Bullish_Scanner,2026-09-03,EDELWEISS,2026-09-03,triggered,135.240,2026-09-04,136.110,126.620,155.090,2026-09-15,126.620,stop,-7.222,-1.000
Bullish_Scanner,2026-09-03,VISHNU,2026-09-03,triggered,697.200,2026-09-04,697.200,659.050,773.500,2026-09-30,659.050,stop,-5.722,-1.000
63_30_daily,2026-09-04,PRABHA,2026-09-04,triggered,258.400,2026-09-08,258.400,237.728,299.744,2026-09-11,237.728,stop,-8.250,-1.000
63_30_daily,2026-09-04,SHANTIGEAR,2026-09-04,triggered,637.450,2026-09-07,637.450,586.850,738.650,2026-09-09,738.650,target,15.626,2.000
Bullish_Scanner,2026-09-04,SBC,2026-09-04,triggered,46.890,2026-09-07,46.890,43.450,53.770,2026-09-28,53.770,target,14.423,2.000
63_30_daily,2026-09-07,DOLPHIN,2026-09-07,not_triggered,741.400,,,,,,,,,
63_30_daily,2026-09-07,SOLARA,2026-09-07,pending,711.000,2026-09-08,711.000,654.120,824.760,2026-09-30,725.400,open,1.775,0.253
Bullish_Scanner,2026-09-07,PAISALO,2026-09-07,triggered,80.000,2026-09-09,80.000,74.250,91.500,2026-09-17,91.500,target,14.125,2.000
Wkly_upswing,2026-09-07,GRAPHITE,2026-09-11,not_triggered,874.350,,,,,,,,,
Wkly_upswing,2026-09-07,PKTEA,2026-09-11,not_triggered,1169.000,,,,,,,,,
Wkly_upswing,2026-09-07,SMSPHARMA,2026-09-11,triggered,469.000,2026-09-15,477.950,439.714,554.422,2026-09-15,439.714,stop,-8.250,-1.000
Wkly_upswing,2026-09-07,UNIVPHOTO,2026-09-11,triggered,580.000,2026-09-16,580.000,533.600,672.800,2026-09-25,533.600,stop,-8.250,-1.000
63_30_daily,2026-09-08,GENESYS,2026-09-08,triggered,288.190,2026-09-09,291.010,267.729,337.572,2026-09-10,267.729,stop,-8.250,-1.000
63_30_daily,2026-09-08,GUJTHEM,2026-09-08,not_triggered,470.050,,,,,,,,,
Bullish_Scanner,2026-09-08,MIDHANI,2026-09-08,not_triggered,482.400,,,,,,,,,
63_30_daily,2026-09-09,GRAPHITE,2026-09-09,not_triggered,874.350,,,,,,,,,
63_30_daily,2026-09-09,JSL,2026-09-09,not_triggered,794.000,,,,,,,,,
63_30_daily,2026-09-09,VALIANTLAB,2026-09-09,triggered,119.830,2026-09-10,123.200,115.270,139.060,2026-09-17,111.250,stop_gap,-9.950,-1.507
Bullish_Scanner,2026-09-09,CONFIPET,2026-09-09,not_triggered,91.300,,,,,,,,,
Bullish_Scanner,2026-09-09,GRAPHITE,2026-09-09,not_triggered,874.350,,,,,,,,,
Bullish_Scanner,2026-09-09,INDNIPPON,2026-09-09,triggered,1346.700,2026-09-10,1347.900,1240.068,1563.564,2026-09-10,1563.564,target,15.750,2.000
63_30_daily,2026-09-10,HERITGFOOD,2026-09-10,pending,403.500,2026-09-11,403.500,376.300,457.900,2026-09-30,402.000,open,-0.622,-0.055
63_30_daily,2026-09-10,JUNIPER,2026-09-10,not_triggered,233.990,,,,,,,,,
Bullish_Scanner,2026-09-10,AHCL,2026-09-10,triggered,18.000,2026-09-11,18.000,16.560,20.880,2026-09-15,21.050,target_gap,16.694,2.118
63_30_daily,2026-09-11,SEAMECLTD,2026-09-11,not_triggered,1849.000,,,,,,,,,
63_30_daily,2026-09-15,EMUDHRA,2026-09-15,pending,592.850,2026-09-16,625.000,575.000,725.000,2026-09-30,596.500,open,-4.810,-0.570
63_30_daily,2026-09-15,HATSUN,2026-09-15,not_triggered,1349.700,,,,,,,,,
Bullish_Scanner,2026-09-15,EMUDHRA,2026-09-15,pending,592.850,2026-09-16,625.000,575.000,725.000,2026-09-30,596.500,open,-4.810,-0.570
63_30_daily,2026-09-17,TEGA,2026-09-17,pending,1944.000,2026-09-18,1944.000,1788.480,2255.040,2026-09-30,2106.700,open,8.119,1.046
Bullish_Scanner,2026-09-17,MOTISONS,2026-09-17,pending,18.500,2026-09-18,18.500,17.020,21.460,2026-09-30,18.000,open,-2.953,-0.338
Bullish_Scanner,2026-09-17,TEGA,2026-09-17,pending,1944.000,2026-09-18,1944.000,1788.480,2255.040,2026-09-30,2106.700,open,8.119,1.046
63_30_daily,2026-09-18,SPLPETRO,2026-09-18,triggered,872.000,2026-09-21,872.000,804.900,1006.200,2026-09-30,804.900,stop,-7.945,-1.000
Bullish_Scanner,2026-09-18,ALGOQUANT,2026-09-18,not_triggered,76.200,,,,,,,,,
Bullish_Scanner,2026-09-18,CASTROLIND,2026-09-18,not_triggered,197.850,,,,,,,,,
63_30_daily,2026-09-21,MAXESTATES,2026-09-21,triggered,623.000,2026-09-24,623.000,583.050,702.900,2026-09-28,583.050,stop,-6.663,-1.000
Bullish_Scanner,2026-09-21,AGI,2026-09-21,pending,824.000,2026-09-22,825.900,759.828,958.044,2026-09-30,804.400,open,-2.853,-0.325
Bullish_Scanner,2026-09-21,JASH,2026-09-21,pending,596.900,2026-09-22,596.900,549.148,692.404,2026-09-30,591.650,open,-1.130,-0.110
Bullish_Scanner,2026-09-21,MANAKCOAT,2026-09-21,not_triggered,138.890,,,,,,,,,
Bullish_Scanner,2026-09-21,USHAMART,2026-09-21,not_triggered,542.600,,,,,,,,,
Wkly_upswing,2026-09-21,AARNAV,2026-09-25,triggered,36.480,2026-09-28,37.600,34.592,43.616,2026-09-28,34.592,stop,-8.250,-1.000
Wkly_upswing,2026-09-21,GANDHITUBE,2026-09-25,pending,1046.600,,,,,,,,,
Wkly_upswing,2026-09-21,JASH,2026-09-25,pending,603.000,2026-09-30,603.000,554.760,699.480,2026-09-30,591.650,open,-2.132,-0.235
Wkly_upswing,2026-09-21,SANATHAN,2026-09-25,pending,544.300,,,,,,,,,
Wkly_upswing,2026-09-21,SIKKO,2026-09-25,pending,6.650,2026-09-28,6.650,6.118,7.714,2026-09-30,6.330,open,-5.062,-0.602
Wkly_upswing,2026-09-21,VETO,2026-09-25,triggered,152.000,2026-09-28,153.890,141.579,178.512,2026-09-30,141.579,stop,-8.250,-1.000
63_30_daily,2026-09-22,DOLPHIN,2026-09-22,triggered,745.000,2026-09-23,745.000,685.400,864.200,2026-09-24,685.400,stop,-8.250,-1.000
63_30_daily,2026-09-22,KLBRENG-B,2026-09-22,pending,525.000,2026-09-23,525.000,483.000,609.000,2026-09-30,523.950,open,-0.450,-0.025
Bullish_Scanner,2026-09-22,ARIHANTCAP,2026-09-22,pending,93.000,2026-09-23,93.000,85.560,107.880,2026-09-30,89.740,open,-3.755,-0.438
Bullish_Scanner,2026-09-22,JSWINFRA,2026-09-22,not_triggered,375.500,,,,,,,,,
Bullish_Scanner,2026-09-22,OPTIEMUS,2026-09-22,pending,708.900,2026-09-23,800.000,736.000,928.000,2026-09-30,767.750,open,-4.281,-0.504
Bullish_Scanner,2026-09-22,SHARDAMOTR,2026-09-22,triggered,988.900,2026-09-23,990.000,955.800,1058.400,2026-09-24,955.800,stop,-3.705,-1.000
Bullish_Scanner,2026-09-22,SUNDROP,2026-09-22,triggered,773.000,2026-09-25,773.000,711.500,896.000,2026-09-25,711.500,stop,-8.206,-1.000
63_30_daily,2026-09-23,AXISCADES,2026-09-23,not_triggered,1985.000,,,,,,,,,
63_30_daily,2026-09-23,NOCIL,2026-09-23,not_triggered,211.200,,,,,,,,,
63_30_daily,2026-09-23,PENIND,2026-09-23,pending,185.400,2026-09-25,185.400,174.150,207.900,2026-09-30,184.000,open,-1.005,-0.124
63_30_daily,2026-09-23,TEXRAIL,2026-09-23,pending,126.700,2026-09-24,126.700,118.000,144.100,2026-09-30,131.730,open,3.720,0.578
Bullish_Scanner,2026-09-23,GNFC,2026-09-23,pending,628.100,2026-09-24,628.100,594.550,695.200,2026-09-30,604.400,open,-4.023,-0.706
Bullish_Scanner,2026-09-23,ICIL,2026-09-23,not_triggered,485.950,,,,,,,,,
Bullish_Scanner,2026-09-23,MUKANDLTD,2026-09-23,triggered,158.800,2026-09-24,158.800,146.096,184.208,2026-09-30,184.208,target,15.750,2.000
Bullish_Scanner,2026-09-23,TEXINFRA,2026-09-23,not_triggered,126.590,,,,,,,,,
63_30_daily,2026-09-24,KAVDEFENCE,2026-09-24,not_triggered,86.460,,,,,,,,,
63_30_daily,2026-09-24,REMSONSIND,2026-09-24,pending,113.390,2026-09-25,116.400,107.088,135.024,2026-09-30,113.930,open,-2.372,-0.265
Bullish_Scanner,2026-09-24,ABDL,2026-09-24,pending,722.000,2026-09-25,725.000,667.000,841.000,2026-09-30,718.900,open,-1.091,-0.105
Bullish_Scanner,2026-09-24,SANATHAN,2026-09-24,not_triggered,544.300,,,,,,,,,
Bullish_Scanner,2026-09-25,CASTROLIND,2026-09-25,pending,202.100,2026-09-28,202.100,194.230,217.840,2026-09-30,200.520,open,-1.032,-0.201
Bullish_Scanner,2026-09-28,SHIVAUM,2026-09-28,pending,550.000,2026-09-30,550.000,512.000,626.000,2026-09-30,557.150,open,1.050,0.188
Bullish_Scanner,2026-09-28,ZYDUSLIFE,2026-09-28,triggered,1228.600,2026-09-29,1228.600,1201.200,1283.400,2026-09-29,1201.200,stop,-2.480,-1.000
Bullish_Scanner,2026-09-29,DPABHUSHAN,2026-09-29,pending,1665.800,2026-09-30,1750.000,1610.000,2030.000,2026-09-30,1788.800,open,1.967,0.277
63_30_daily,2026-09-30,MAHSEAMLES,2026-09-30,pending,768.000,,,,,,,,,
Bullish_Scanner,2026-09-30,ALICON,2026-09-30,pending,869.800,,,,,,,,,
